word,lang_code,meanings
ああ言う,es,
ああ言う,ru,
あいつ等,es,
あいつ等,ru,
あくる日,ru,
あっという間,es,
あっという間,ru,
あっという間に,ru,
あなた方,ru,
あり得ない,ru,
ある意味で,es,
ある意味で,ru,
ある意味では,es,
ある意味では,ru,
いいえ,es,
いい加減にしろ,ru,
いっその事,es,
いっその事,ru,
いつの間にか,es,
いつも通り,ru,
いらっしゃい,ru,
うつ伏せ,ru,
うつ病,ru,
ええ,ru,
おせち料理,ru,
おめでとう御座います,es,
おめでとう御座います,ru,
お一人様,es,
お一人様,ru,
お世話になる,ru,
お中元,ru,
お久しぶり,es,
お互い,ru,
お互いに,ru,
お仕着せ,es,
お会計,es,
お会計,ru,
お使い,ru,
お先に,ru,
お凸,ru,
お出かけ,ru,
お医者さん,ru,
お参り,ru,
お名前,es,
お名前,ru,
お墨付き,es,
お墨付き,ru,
お大事に,ru,
お天気,es,
お婆ちゃん,es,
お婆ちゃん,ru,
お子さん,ru,
お子様,es,
お子様,ru,
お客様,ru,
お家芸,es,
お小遣い,es,
お小遣い,ru,
お帰り,es,
お帰りなさい,ru,
お年寄り,es,
お年寄り,ru,
お店,es,
お店,ru,
お弁当,ru,
お待たせしました,ru,
お待ちかね,es,
お待ちかね,ru,
お手上げ,ru,
お手伝い,ru,
お手数,es,
お手数ですが,es,
お手数ですが,ru,
お手盛り,es,
お持て成し,ru,
お握り,ru,
お支払い方法,es,
お支払い方法,ru,
お昼,ru,
お時間,es,
お時間,ru,
お気の毒に,es,
お気の毒に,ru,
お疲れ様,es,
お疲れ様,ru,
お皿,ru,
お知らせ,ru,
お神輿,es,
お祭り,ru,
お祭り騒ぎ,es,
お節,es,
お腹の子,es,
お腹の子,ru,
お菓子,ru,
お葬式,es,
お葬式,ru,
お見積もり,es,
お見積もり,ru,
お見舞い,ru,
お試しあれ,es,
お試しあれ,ru,
お話,es,
お話,ru,
お誕生日,es,
お誕生日,ru,
お誕生日おめでとうございます,ru,
お負けに,es,
お買い得,es,
お買い得,ru,
お邪魔します,ru,
お酒,ru,
お酢,es,
お酢,ru,
お金持ち,es,
お金持ち,ru,
お陰で,es,
お陰様で,ru,
お願い,ru,
お願いいたします,es,
お願いいたします,ru,
お願いします,ru,
お風呂,ru,
お馴染み,ru,
かき氷,es,
かき氷,ru,
かけ離れる,es,
かと言って,es,
かと言って,ru,
かも知れない,ru,
かも知れません,ru,
か否か,es,
か否か,ru,
か如何か,es,
か如何か,ru,
きちっと,ru,
こいつ等,ru,
こう言う,ru,
こう言った,es,
こう言った,ru,
こちらこそ,ru,
ことが出来る,es,
ことが出来る,ru,
この内,es,
この内,ru,
この外,es,
この外,ru,
この頃,es,
こみ上げる,es,
これを機に,es,
これを機に,ru,
これ等,es,
ごめん下さい,ru,
ご主人,ru,
ご了承ください,es,
ご了承ください,ru,
ご協力,ru,
ご破算,es,
ご苦労様,ru,
ご褒美,ru,
ご連絡,es,
ご連絡,ru,
ご遠慮ください,es,
ご遠慮ください,ru,
ご馳走様,ru,
ご馳走様でした,ru,
しなやか,ru,
しばしば,es,
しばしば,ru,
しめる,es,
しめる,ru,
しゃがむ,ru,
し続ける,ru,
し過ぎる,ru,
じゃん拳,es,
すぐ側,es,
すぐ側,ru,
すまし顔,es,
すまし顔,ru,
ずらす,ru,
ずらっと,ru,
ずらり,ru,
ずる賢い,ru,
ずれる,ru,
そうこうしている内に,es,
そうこうしている内に,ru,
そう言う,ru,
そう言えば,ru,
そう言った,es,
そう言った,ru,
そこら辺,es,
そこら辺,ru,
その上,es,
その中,es,
その内に,es,
その様,es,
その様,ru,
その辺,es,
それ程,es,
それ等,es,
それ等,ru,
そんな中,es,
そんな中,ru,
たこ焼き,es,
たこ焼き,ru,
だったら,ru,
っ放し,es,
っ放し,ru,
ついて行く,es,
ついて行く,ru,
つぎ込む,es,
できるだけ早く,ru,
で御座います,es,
で御座います,ru,
とは言うものの,es,
とは限らない,es,
とは限らない,ru,
と言うことは,es,
と言うことは,ru,
と言うことはない,es,
と言うことはない,ru,
と言うもの,es,
と言うもの,ru,
と言えば,es,
と言えば,ru,
と言っても,es,
と言っても,ru,
どうぞ,ru,
どうでも良い,es,
どうでも良い,ru,
どう言う,ru,
どちらかと言うと,es,
どちらかと言うと,ru,
どの様,es,
どの様に,es,
どの辺,ru,
どれ位,es,
どれ位,ru,
ない,es,
ない,ru,
ないと行けない,es,
ないと行けない,ru,
ないと行けません,es,
ないと行けません,ru,
なる,es,
なる,ru,
によって異なる,es,
によって異なる,ru,
に依る,es,
に依る,ru,
に依ると,es,
に依ると,ru,
に加えて,es,
に加えて,ru,
に取って,ru,
に向けて,es,
に向けて,ru,
に因って,es,
に因って,ru,
に対して,es,
に対して,ru,
に対する,ru,
に就いて,es,
に就いて,ru,
に当たっては,es,
に当たっては,ru,
に於いて,es,
に於いて,ru,
に於ける,es,
に於ける,ru,
に渡って,es,
に渡って,ru,
に関して,es,
に関して,ru,
に限って,es,
に際して,es,
に際して,ru,
の度に,es,
の度に,ru,
はい,es,
ふんだん,ru,
ぶっきら棒,es,
ぶっきら棒,ru,
ほんの少し,es,
ほんの少し,ru,
まき網,es,
みじん切り,es,
みじん切り,ru,
めっきり,ru,
もう一度,es,
もし,es,
やけに,ru,
やむを得ない,ru,
やや,es,
やる気,es,
やる気,ru,
ゆうちょ銀行,es,
ゆうちょ銀行,ru,
ような気がする,es,
ような気がする,ru,
よくあるご質問,ru,
よくある質問,ru,
より,ru,
よろしくお願いいたします,es,
よろしくお願いいたします,ru,
よろしくお願いします,es,
よろしくお願いします,ru,
わが国,ru,
アカデミー賞,ru,
アクセル,es,
アクセル,ru,
アジア人,es,
アラブ,ru,
アルバイト,es,
アルバイト,ru,
アル中,es,
イケ面,es,
イケ面,ru,
オリエンテーション,ru,
オープン戦,es,
オープン戦,ru,
カラー,es,
カラー,ru,
カリブ海,ru,
カード,es,
カード,ru,
カ国,ru,
ガラス張り,es,
ガラス張り,ru,
キャリア,es,
キャリア,ru,
キリスト教,ru,
クラシック音楽,ru,
クラブ活動,es,
クラブ活動,ru,
グアテマラ共和国,es,
グラス,es,
グラス,ru,
グローバル化,ru,
ケーソン工法,es,
ケーソン工法,ru,
コック,es,
コック,ru,
コピー機,es,
コピー機,ru,
コマーシャル,ru,
コロナ禍,es,
コロナ禍,ru,
コート,es,
コート,ru,
コード,es,
コード,ru,
ゴール,es,
ゴール,ru,
サイン,es,
サイン,ru,
サイン会,es,
サイン会,ru,
サイン入り,es,
シック,es,
シック,ru,
シーア派,es,
シーア派,ru,
シート,es,
シート,ru,
スイッチ,es,
スイッチ,ru,
スポーツ新聞,es,
スポーツ新聞,ru,
スワヒリ語,ru,
セーラー服,es,
ゼミ,ru,
ソース,es,
ソース,ru,
ソ連,es,
タイミング,ru,
タイム,es,
タイム,ru,
ダイヤ,es,
ダイヤ,ru,
ダウン,ru,
ダンプ,ru,
ダース,ru,
チップ,es,
チップ,ru,
チョーク,es,
チョーク,ru,
テレックス,ru,
テレビ局,es,
テレビ番組,es,
テレビ番組,ru,
テント,ru,
デザート,es,
デザート,ru,
デパ地下,es,
デパ地下,ru,
デボン紀,ru,
デモンストレーション,ru,
デモ隊,ru,
データ通信,es,
データ通信,ru,
トラック,es,
トラック,ru,
トン,ru,
ト長調,es,
ト長調,ru,
ドライバー,ru,
ドライブ,ru,
ドライブイン,ru,
ドラム缶,ru,
ドラ息子,es,
ドル買い,ru,
ハンガー,es,
ハンガー,ru,
ハンドル,ru,
ハンバーグ,es,
ハンバーグ,ru,
バイバイ,es,
バス,es,
バス,ru,
バック,es,
バック,ru,
バット,es,
バット,ru,
バンタム級,es,
パス,es,
パス,ru,
パン,es,
パン,ru,
パンク,es,
パンク,ru,
パン粉,es,
ビル,es,
ビル,ru,
ビー玉,ru,
ピン,es,
ピン,ru,
ファン,es,
ファン,ru,
ファン倶楽部,es,
ファン倶楽部,ru,
フォーク,es,
フォーク,ru,
フォーム,es,
フォーム,ru,
フライ級,es,
フランス料理,ru,
ブチ切れ,es,
ブチ切れ,ru,
ブル,es,
ブル,ru,
ブローチ,es,
ブローチ,ru,
ブーツ,ru,
プロ,es,
プロ,ru,
プロフィール画像,es,
プロフィール画像,ru,
プロ野球,ru,
プー太郎,ru,
ベスト,es,
ベル,es,
ベル,ru,
ベース,es,
ベース,ru,
ペア,es,
ペア,ru,
ペット,es,
ペン先,es,
ホース,es,
ホース,ru,
ホーム,es,
ホーム,ru,
ホール,es,
ホール,ru,
ボルト,es,
ボール,es,
ボール,ru,
ポンプ,ru,
ポーズ,es,
ポーズ,ru,
マフラー,ru,
マラソン,es,
マラソン,ru,
ミス,es,
ミス,ru,
ミドル級,es,
ミドル級,ru,
メキシコ湾,ru,
メモ帳,es,
メモ帳,ru,
ユダヤ教,es,
ライター,es,
ライター,ru,
ランチ,es,
ランチ,ru,
ランプ,es,
ランプ,ru,
リーグ戦,es,
リード,es,
リード,ru,
レギュラー出演,es,
レギュラー出演,ru,
レジャー,ru,
レディー,es,
レディー,ru,
レバー,es,
レバー,ru,
レベル,es,
レベル,ru,
レンタカー,ru,
レース,es,
レース,ru,
ロケット,es,
ロケット,ru,
ロケット弾,es,
ロッカー,es,
ロッカー,ru,
ワンピース,es,
ワンピース,ru,
ワン子,es,
ワン子,ru,
ヶ月,ru,
一,es,
一,ru,
一世,ru,
一両,ru,
一人娘,ru,
一人息子,ru,
一冊,ru,
一匹,ru,
一卵性双生児,ru,
一台,ru,
一味違う,ru,
一問,ru,
一塁,ru,
一塁手,ru,
一大,ru,
一女,ru,
一尉,ru,
一工夫,ru,
一巻,ru,
一年間,ru,
一度に,ru,
一心不乱,ru,
一念発起,ru,
一戸建て,ru,
一打,ru,
一括払い,es,
一方,ru,
一方通行,ru,
一日,ru,
一昨,ru,
一時期,ru,
一晩中,ru,
一月,ru,
一木,ru,
一本釣り,ru,
一枚岩,ru,
一校,ru,
一樹,ru,
一次産品,ru,
一次産業,ru,
一男,ru,
一画,ru,
一番,ru,
一番上,ru,
一番手,ru,
一般人,ru,
一苦労,ru,
一見,ru,
一軍,ru,
一軒,ru,
一転,ru,
一遍に,ru,
一長一短,ru,
一飛,ru,
丁目,es,
七,es,
七,ru,
七七日,es,
七三,es,
七三,ru,
七五三,es,
七回忌,es,
七宝,es,
七色,es,
七草,es,
万が一,es,
万世,es,
万全,es,
万国,es,
万年,es,
万感,es,
万有引力,es,
万歳,es,
万物,es,
万端,es,
万策,es,
万華鏡,es,
万里,es,
丈,es,
丈夫,es,
三,ru,
三が日,es,
三つ折り,es,
三代,ru,
三位一体,ru,
三佐,es,
三佐,ru,
三体,es,
三体,ru,
三冠王,es,
三冠王,ru,
三冠馬,es,
三冠馬,ru,
三回,ru,
三回忌,es,
三塁,es,
三塁,ru,
三塁手,es,
三塁手,ru,
三塁打,es,
三塁打,ru,
三女,ru,
三宝,es,
三尺,es,
三弦,es,
三役,es,
三拍子,es,
三振,es,
三振,ru,
三方,es,
三春,es,
三曲,es,
三本,es,
三本,ru,
三枚,ru,
三枚目,es,
三校,es,
三権,es,
三権,ru,
三次,es,
三段目,es,
三段目,ru,
三男,es,
三男,ru,
三者,es,
三色,es,
三角関係,es,
三軍,es,
三輪,es,
三輪,ru,
三輪車,es,
三選,es,
三部,ru,
三重殺,es,
三重殺,ru,
三面,es,
三鞭酒,ru,
三食,es,
上,es,
上々,es,
上がったり,es,
上がったり,ru,
上げ,es,
上げ下げ,es,
上げ下ろし,es,
上げ潮,es,
上っ調子,es,
上り下り,es,
上り列車,es,
上り詰める,es,
上り調子,es,
上り調子,ru,
上下,es,
上下動,es,
上乗せ,ru,
上人,es,
上代,es,
上伸,es,
上伸,ru,
上値,es,
上出来,es,
上半期,es,
上告,es,
上告審,es,
上品,es,
上層,es,
上席,es,
上座,es,
上意,es,
上手,es,
上手く行く,es,
上手く行く,ru,
上手投げ,ru,
上提,es,
上方,es,
上昇気流,es,
上昇気流,ru,
上期,ru,
上棟,es,
上棟,ru,
上機嫌,es,
上段,es,
上気,es,
上水,es,
上滑り,es,
上田,es,
上田,ru,
上申,es,
上皇,es,
上積み,es,
上端,es,
上等兵,es,
上納,es,
上背,es,
上背,ru,
上記,es,
上質,es,
上越,es,
上越,ru,
上限,es,
下,es,
下,ru,
下げ足,es,
下さい,ru,
下し,es,
下っ腹,es,
下り,es,
下り,ru,
下り列車,es,
下側,es,
下側,ru,
下働き,es,
下克上,es,
下取り,ru,
下向き,es,
下味,es,
下味,ru,
下回り,es,
下回る,es,
下山,es,
下座,es,
下戸,es,
下手,es,
下手くそ,es,
下手くそ,ru,
下手投げ,es,
下方,es,
下期,es,
下期,ru,
下校,es,
下校,ru,
下段,es,
下水,es,
下水,ru,
下準備,es,
下火,es,
下田,es,
下田,ru,
下界,es,
下積み,es,
下草,es,
下請け業者,es,
下請け業者,ru,
下野,es,
下院,es,
下馬,es,
下馬評,es,
不,ru,
不世出,es,
不似合い,es,
不信任,es,
不倫,es,
不偏不党,es,
不健全,es,
不健康,es,
不出来,es,
不動,es,
不動産屋,ru,
不協和音,es,
不可侵,es,
不可分,es,
不可欠,ru,
不同,es,
不同意,es,
不名誉,es,
不向き,es,
不味い,ru,
不図,es,
不在者投票,es,
不在者投票,ru,
不均衡,es,
不妊,es,
不妊症,es,
不妊症,ru,
不定,es,
不定期,es,
不実,es,
不審火,es,
不審火,ru,
不屈,es,
不履行,es,
不得手,es,
不徳,es,
不徹底,es,
不心得,es,
不惑,es,
不意に,ru,
不成功,es,
不成立,es,
不戦,es,
不戦勝,es,
不手際,es,
不払い,es,
不敗,es,
不敵,es,
不文律,es,
不朽,es,
不正確,es,
不死身,es,
不毛の地,es,
不毛の地,ru,
不浄,es,
不渡り手形,ru,
不満足,es,
不滅,es,
不漁,es,
不熱心,es,
不燃,ru,
不燃物,ru,
不特定,es,
不特定,ru,
不用意,es,
不発,es,
不眠不休,es,
不眠症,es,
不知火,es,
不確定,es,
不確実,es,
不祥事,es,
不穏,es,
不穏当,es,
不純物,es,
不経済,es,
不統一,es,
不義,es,
不老,es,
不肖,es,
不良品,es,
不行き届き,es,
不衛生,es,
不見識,es,
不詳,es,
不調,es,
不謹慎,es,
不買,es,
不買,ru,
不起訴,es,
不退転,es,
不遇,es,
不適,es,
不適切,es,
不適当,es,
不釣合い,es,
不鮮明,es,
与え,es,
与野党,es,
与野党,ru,
世,es,
世俗,es,
世帯主,es,
世帯主,ru,
世帯数,es,
世帯数,ru,
世情,es,
世界中,es,
世界中,ru,
世界各国,es,
世界各国,ru,
世界各地,es,
世界各地,ru,
世界的,es,
世界遺産,es,
世界遺産,ru,
世界銀行,ru,
世直し,es,
世直し,ru,
世紀末,es,
世襲,es,
世評,es,
世話人,es,
世話役,es,
世話物,es,
世間並み,es,
世間体,es,
世間知らず,es,
丙,es,
両人,es,
両人,ru,
両党,es,
両党,ru,
両名,ru,
両国,es,
両国,ru,
両家,es,
両家,ru,
両岸,es,
両日,es,
両日,ru,
両様,es,
両氏,ru,
両生類,es,
両生類,ru,
両用,es,
両用,ru,
両翼,es,
両論,es,
両論,ru,
両軍,es,
両輪,es,
両院,es,
両隣,ru,
両雄,es,
並びに,es,
並び替える,es,
並び替える,ru,
並み外れ,es,
並み居る,es,
並外れる,es,
並大抵,es,
並木道,es,
並立,es,
中,es,
中,ru,
中でも,es,
中でも,ru,
中にも,es,
中にも,ru,
中二階,es,
中京,ru,
中位,es,
中値,es,
中元,es,
中共,es,
中前,es,
中前,ru,
中卒,es,
中卒,ru,
中南米,ru,
中原,es,
中古品,es,
中古車,es,
中垣,es,
中垣,ru,
中執,es,
中央集権,ru,
中将,es,
中小,es,
中小,ru,
中小企業,es,
中島,es,
中島,ru,
中幕,es,
中座,es,
中心部,es,
中日,es,
中期,es,
中枢神経,es,
中段,es,
中波,es,
中火,es,
中火,ru,
中生代,ru,
中略,es,
中盤,es,
中盤,ru,
中秋,es,
中空,es,
中等,es,
中級,ru,
中継局,es,
中耳,ru,
中耳炎,es,
中肉,es,
中興,es,
中華街,ru,
中華鍋,es,
中華鍋,ru,
中葉,es,
中規模,es,
中規模,ru,
中越,es,
中越,ru,
中距離,es,
中距離核戦力,es,
中距離核戦力,ru,
中軸,es,
中部,es,
中間,es,
中間色,es,
中間配当額,es,
中間配当額,ru,
中隊,es,
中震,es,
中飛,es,
中飛,ru,
中高,es,
丸,es,
丸,ru,
丸刈り,es,
丸抱え,es,
丸本,es,
丸洗い,es,
丸洗い,ru,
丸腰,es,
丸裸,es,
丸見え,es,
丹念,es,
丹念,ru,
丹精,es,
主,es,
主,ru,
主たる,es,
主事,es,
主体,es,
主体,ru,
主体的,es,
主力,es,
主務,es,
主務,ru,
主唱,es,
主客,es,
主宰,es,
主審,es,
主将,es,
主導,es,
主導,ru,
主峰,es,
主峰,ru,
主幹,es,
主従,es,
主成分,es,
主戦,es,
主戦,ru,
主教,es,
主文,es,
主査,es,
主権在民,es,
主権在民,ru,
主流,es,
主犯,es,
主眼,es,
主砲,es,
主砲,ru,
主税局,es,
主税局,ru,
主管,es,
主翼,es,
主翼,ru,
主著,es,
主著,ru,
主計,es,
主計局,es,
主計局,ru,
主賓,es,
主軸,es,
乃,ru,
久留子,es,
久留子,ru,
乖離,es,
乗っかる,es,
乗っ取り,es,
乗っ取り,ru,
乗っ取る,ru,
乗り,es,
乗り上げる,es,
乗り付け,es,
乗り付ける,es,
乗り合わせる,es,
乗り回す,ru,
乗り場,es,
乗り心地,es,
乗り捨てる,es,
乗り移る,es,
乗り組む,es,
乗り継ぐ,es,
乗り継ぐ,ru,
乗務,es,
乗務,ru,
乗務員,es,
乗合,es,
乗船,es,
乗降,es,
乙,es,
九,es,
九,ru,
九州,es,
九死,es,
九重,es,
乱れ,es,
乱れ飛ぶ,es,
乱れ飛ぶ,ru,
乱世,es,
乱伐,es,
乱入,es,
乱取り,ru,
乱売,es,
乱射,es,
乱戦,es,
乱打,es,
乱気流,es,
乱気流,ru,
乱発,es,
乱立,es,
乱脈,es,
乱舞,es,
乱読,es,
乱調,es,
乱軍,es,
乱闘,es,
乳業,es,
乳牛,es,
乳製品,es,
乳酸菌,es,
乳頭,es,
乾き,es,
乾パン,es,
了,ru,
予価,es,
予価,ru,
予備知識,es,
予備知識,ru,
予備費,es,
予告編,es,
予告編,ru,
予定表,es,
予想以上,es,
予想以上,ru,
予期せぬ,es,
予期せぬ,ru,
予研,es,
予研,ru,
予約注文,es,
予約注文,ru,
予言,es,
予言,ru,
予防接種,es,
予防線,es,
争奪,es,
争点,es,
事,es,
事,ru,
事がある,es,
事がある,ru,
事がない,es,
事がない,ru,
事にする,es,
事によって,es,
事によって,ru,
事により,es,
事により,ru,
事による,es,
事による,ru,
事件記者,es,
事件記者,ru,
事例,es,
事例集,es,
事例集,ru,
事前,es,
事務取扱,es,
事務官,es,
事務局,es,
事務当局,es,
事務当局,ru,
事務次官,es,
事務総局,es,
事変,es,
事実無根,es,
事後,es,
事業家,es,
事業所,ru,
事象,es,
二,es,
二,ru,
二つ目,es,
二つ目,ru,
二つ返事,es,
二の次,ru,
二の足,es,
二七日,es,
二三,es,
二人とも,ru,
二人三脚,es,
二人三脚,ru,
二人前,es,
二人連れ,es,
二佐,es,
二佐,ru,
二元,es,
二元論,es,
二分,es,
二割,ru,
二十四時間制,es,
二十歳,es,
二号,es,
二回,es,
二塁,es,
二塁,ru,
二塁手,es,
二塁手,ru,
二塁打,es,
二塁打,ru,
二宮,es,
二度と,ru,
二度寝,ru,
二手,es,
二期,es,
二本立て,ru,
二枚舌,es,
二次,ru,
二次会,es,
二次元,es,
二次元,ru,
二次的,es,
二次的,ru,
二死,es,
二死,ru,
二段構え,es,
二段構え,ru,
二百二十日,es,
二百十日,es,
二目,es,
二者,es,
二者択一,es,
二色,es,
二葉,es,
二葉,ru,
二言,es,
二軍,es,
二軍,ru,
二輪車,es,
二通り,es,
二部,es,
二酸化炭素,ru,
二重価格制,es,
二重写し,es,
二院,es,
二階建て,es,
二食,es,
互助,es,
互換,es,
互換,ru,
互角,es,
互選,es,
五,es,
五,ru,
五人組,es,
五体,es,
五分,es,
五十三次,es,
五月晴れ,es,
五月雨,es,
五線,es,
五線,ru,
五線譜,es,
五色,es,
五重,es,
井戸水,ru,
些細,es,
亜爾加里,ru,
亜硫酸ガス,ru,
亡き後,es,
亡くす,ru,
亡くなる,ru,
亡国,es,
亡夫,es,
亡父,es,
亢進,es,
交じり,es,
交わり,es,
交信,es,
交戦国,es,
交換条件,es,
交換条件,ru,
交易,es,
交歓,es,
交遊,es,
交配,es,
交錯,es,
交際費,es,
交響,es,
交響,ru,
交響詩,es,
享年,es,
京,es,
京劇,es,
京劇,ru,
京阪,es,
京阪,ru,
人,ru,
人たち,ru,
人だかり,ru,
人一倍,es,
人中,es,
人事,es,
人事異動,es,
人事異動,ru,
人事院,es,
人事院,ru,
人体,es,
人前,es,
人前,ru,
人力,es,
人家,es,
人工呼吸,es,
人工呼吸,ru,
人工透析,ru,
人当たり,es,
人形使い,es,
人形浄瑠璃,es,
人形浄瑠璃,ru,
人心,es,
人情味,es,
人数,ru,
人文,es,
人文字,es,
人文字,ru,
人望,es,
人格者,es,
人様,es,
人権擁護,ru,
人民元,es,
人民元,ru,
人気,es,
人気,ru,
人気のある,es,
人気のある,ru,
人気取り,es,
人気者,es,
人波,es,
人減らし,es,
人減らし,ru,
人災,es,
人災,ru,
人畜,es,
人的,es,
人脈,es,
人脈,ru,
人身,es,
人身事故,es,
人身事故,ru,
人道主義,es,
人里,es,
人間,ru,
人間ドック,es,
人間像,es,
人間像,ru,
人間国宝,es,
人間国宝,ru,
人間工学,es,
人間工学,ru,
人間的,ru,
人間関係,ru,
人面,es,
人頭税,es,
人骨,ru,
仁王,es,
仇討ち,es,
今,ru,
今一,es,
今一,ru,
今季,es,
今季,ru,
今年度,ru,
今日この頃,es,
今日この頃,ru,
今日的,es,
今日的,ru,
今春,es,
今期,es,
今様,es,
今秋,es,
今般,es,
今週末,es,
今週末,ru,
今風,es,
今風,ru,
介して,es,
介助,es,
介助,ru,
介在,es,
介添え,es,
介護,ru,
介護保険,es,
介護保険,ru,
仏,es,
仏,ru,
仏具,es,
仏具,ru,
仏典,es,
仏前,es,
仏塔,ru,
仏学,es,
仏師,es,
仏師,ru,
仏文,es,
仏法,es,
仏画,es,
仏門,es,
仏間,es,
仏頂面,es,
仏領,es,
仕,es,
仕,ru,
仕事中,ru,
仕事始め,es,
仕事師,es,
仕事柄,es,
仕事柄,ru,
仕入れ先,es,
仕出し,es,
仕分け,es,
仕切り,es,
仕向け,es,
仕向ける,es,
仕手株,es,
仕手株,ru,
仕打ち,es,
仕方がない,es,
仕方がない,ru,
仕方ない,ru,
仕様書,es,
仕立て,es,
仕舞った,es,
仕舞った,ru,
仕草,es,
仕込み,es,
仕込む,es,
他にも,es,
他にも,ru,
他力,es,
他山の石,es,
他山の石,ru,
他店,es,
他意,es,
他派,es,
他派,ru,
他社,es,
他社,ru,
他者,ru,
付いてくる,ru,
付いてる,es,
付いてる,ru,
付き,es,
付き人,es,
付き人,ru,
付き添い,es,
付き添い看護婦,es,
付き添い看護婦,ru,
付き添う,es,
付く,es,
付く,ru,
付け人,es,
付け入る,es,
付け出し,es,
付け加え,es,
付け届け,es,
付け根,es,
付する,es,
付則,es,
付帯,es,
付言,es,
付託,es,
付記,es,
付随,es,
仙,es,
仙人,es,
仙台,es,
代わり,es,
代わり,ru,
代人,es,
代価,es,
代執行,es,
代官,es,
代官,ru,
代役,es,
代打,es,
代打,ru,
代書,es,
代替,es,
代替わり,es,
代案,es,
代物,es,
代理人,es,
代目,es,
代目,ru,
代筆,es,
代読,es,
代読,ru,
代謝,ru,
代議,es,
代議,ru,
代走,es,
代走,ru,
令,es,
令和,es,
令和,ru,
令状,es,
以色列,ru,
仮住まい,es,
仮差押え,es,
仮想敵国,es,
仮想敵国,ru,
仮眠,ru,
仮題,ru,
仲人,es,
仲人,ru,
仲居,es,
仲立ち,es,
仲買人,es,
仲間たち,es,
仲間たち,ru,
仲間内,ru,
件,es,
任,es,
任す,ru,
任侠,es,
任免,es,
任地,es,
任官,es,
任意出頭,es,
任意出頭,ru,
任用,es,
企み,ru,
企図,es,
企画室,es,
企画室,ru,
伊,ru,
伊拉久,es,
伊拉久,ru,
伍する,es,
伍長,es,
伏し目,es,
伏兵,es,
伏流,es,
伏流,ru,
伏線,es,
伐採,es,
休する,es,
休刊,es,
休刊日,es,
休刊日,ru,
休場,es,
休憩所,es,
休憩時間,es,
休憩時間,ru,
休止,es,
休演,es,
休耕,ru,
休職,es,
休診,es,
休館,es,
休館,ru,
会,es,
会,ru,
会する,es,
会則,es,
会堂,es,
会席,es,
会期,es,
会社更生法,es,
会社更生法,ru,
会葬,es,
会計士,es,
会計検査院,es,
会計検査院,ru,
会議室,es,
会頭,es,
会館,es,
伝,es,
伝い,es,
伝い,ru,
伝令,es,
伝家,es,
伝導,es,
伝承,es,
伝播,es,
伝染病,es,
伝法,es,
伝票,es,
伝統文化,ru,
伝言,es,
伝言,ru,
伝送,es,
伝道,es,
伝道師,es,
伯,es,
伯仲,es,
伯楽,es,
伯爵,es,
伯父,es,
伯父,ru,
伯父さん,ru,
伴侶,es,
伴奏,es,
伴走,es,
伴走,ru,
伸し,es,
伸し,ru,
伸び悩む,es,
伸び率,es,
伸び率,ru,
伸縮,es,
伸長,es,
伺い,es,
伽藍,es,
佃煮,es,
位置付け,ru,
低める,ru,
低位,es,
低位,ru,
低価格,ru,
低俗,es,
低俗,ru,
低周波,es,
低圧,es,
低地,es,
低姿勢,es,
低学年,es,
低廉,es,
低料金,es,
低料金,ru,
低木,ru,
低水準,es,
低水準,ru,
低減,es,
低率,es,
低空,es,
低空飛行,es,
低落,es,
低血圧,es,
低調,es,
低迷,es,
低速,es,
低額,es,
住,es,
住,ru,
住み心地,es,
住み慣れる,es,
住み替える,es,
住み込み,es,
住み込み,ru,
住み込む,es,
住宅街,ru,
住専,es,
住専,ru,
住職,es,
体,es,
体勢,es,
体勢,ru,
体外,es,
体外受精,es,
体外受精,ru,
体当たり,es,
体液,es,
体現,es,
体臭,es,
体調,ru,
体面,es,
何々,ru,
何だかんだ,es,
何という,es,
何という,ru,
何とも言えない,es,
何とも言えない,ru,
何と言うか,es,
何と言うか,ru,
何なのか,es,
何なのか,ru,
何にも,ru,
何れか,es,
何れでも,es,
何れでも,ru,
何れ丈,es,
何れ丈,ru,
何れ何れ,es,
何れ何れ,ru,
何を隠そう,es,
何を隠そう,ru,
何人,es,
何人か,es,
何人か,ru,
何処にも,es,
何処までも,es,
何分,es,
何分,ru,
何十,ru,
何千,ru,
何度でも,es,
何度でも,ru,
何故か,ru,
何故なら,ru,
何故ならば,es,
何故ならば,ru,
何方か,es,
何方でも,es,
何時でも,es,
何時に無く,es,
何時に無く,ru,
何歳,es,
何物,es,
余っ程,es,
余人,es,
余儀ない,es,
余儀なくされる,es,
余剰,es,
余力,es,
余勢,es,
余命,es,
余念,es,
余技,es,
余波,es,
余熱,es,
余生,es,
余白,es,
余罪,es,
余録,es,
余録,ru,
余韻,es,
作り,es,
作り出す,es,
作り直す,es,
作付け,es,
作付面積,es,
作劇,es,
作劇,ru,
作文,es,
作文,ru,
作柄,es,
作業環境,ru,
作況,es,
作況指数,es,
作況指数,ru,
作為,es,
作為的,es,
作物,es,
作画,es,
作画,ru,
作詩,es,
佳作,es,
佳境,es,
併せ持つ,ru,
併合,es,
併殺,es,
併殺,ru,
併用,es,
併発,es,
併設,es,
併設,ru,
使いこなす,es,
使い分け,es,
使い分ける,es,
使い切る,es,
使い慣れる,es,
使い手,es,
使い果たす,es,
使い物,es,
使い走り,es,
使い走り,ru,
使い込む,es,
使用済み,es,
使用済み,ru,
使用者,es,
使途,es,
例,es,
例会,es,
例外的,ru,
例文,ru,
例示,es,
例証,es,
侍,es,
侍医,es,
侍従,es,
供え,ru,
供給源,es,
供養,es,
依存症,ru,
依頼者,ru,
依願,ru,
侠客,es,
価値判断,es,
価値観,ru,
価額,es,
侯,es,
侵食,es,
侵食,ru,
便,es,
便利さ,es,
便利さ,ru,
便所,es,
便所,ru,
便法,es,
係,es,
係員,es,
係官,es,
係官,ru,
係数,es,
係留,es,
係長,es,
俊英,ru,
俊足,es,
俗,es,
俗に,es,
俗説,es,
保健婦,es,
保健所,es,
保全,es,
保冷,es,
保守党,es,
保守的,es,
保持,es,
保有,es,
保線,es,
保育,es,
保育,ru,
保証付き,es,
保証金,es,
保護貿易,es,
保護鳥,es,
保身,es,
保革,es,
保革,ru,
信任状,es,
信号機,es,
信奉,es,
信徒,es,
信心,es,
信教,es,
信望,es,
信条,es,
信用状,es,
信用組合,es,
信用金庫,es,
信用金庫,ru,
信託,es,
信託統治,es,
信販,es,
信販,ru,
信販会社,ru,
信金,es,
信金,ru,
信頼性,es,
信頼性,ru,
修士課程,es,
修士課程,ru,
修好,es,
修学旅行,ru,
修正主義,es,
修羅,es,
修羅場,es,
修行,ru,
修身,es,
修身,ru,
修辞,es,
修道,es,
修道,ru,
修道院,es,
修飾,es,
修養,es,
修験道,es,
修験道,ru,
俳人,es,
俳壇,es,
俳諧,es,
倉敷,es,
個々人,es,
個人主義,es,
個人差,es,
個人的,es,
個室,ru,
個展,es,
個性的,ru,
倍加,es,
倍額,es,
倒れ,es,
倒壊,es,
倒木,es,
倒木,ru,
倒閣,es,
候補者,es,
借り上げる,es,
借り入れる,es,
借り切る,es,
借り受ける,es,
借り手,es,
借り換え,es,
借り換え,ru,
借り物,es,
借入金,es,
借入金,ru,
借地,es,
借家人,es,
借用,es,
値,es,
値,ru,
値する,ru,
値崩れ,es,
値崩れ,ru,
値幅,es,
倫理学,es,
倭人,es,
倶楽部,es,
偏り,es,
偏向,es,
偏差値,ru,
偏狭,es,
偏西風,es,
偏西風,ru,
偏重,es,
停泊,es,
停職,es,
停船,es,
健保,es,
健保,ru,
健在,es,
健常者,es,
健常者,ru,
健康的,es,
健康食品,ru,
健筆,es,
健脚,es,
健診,ru,
健闘,es,
側壁,es,
側室,es,
側室,ru,
側溝,es,
側溝,ru,
側近,es,
偶,es,
偶発,es,
偽,ru,
偽善,es,
傍受,es,
傍若無人,es,
傑出,es,
傘下,es,
備え,es,
備え付け,es,
備品,es,
備蓄,es,
備蓄,ru,
催し物,es,
催し物,ru,
催涙,ru,
債,ru,
債券,es,
債務,es,
債権,es,
傷兵,es,
傷害保険,es,
傷病,es,
傷者,es,
傾き,es,
傾く,es,
傾く,ru,
傾倒,es,
傾城,es,
傾注,es,
傾聴,es,
働かす,es,
働かせる,es,
働きかける,es,
働き口,es,
働き手,es,
働き盛り,ru,
働き者,es,
像,es,
僕,es,
僕,ru,
僚友,es,
僚船,es,
僧堂,es,
僧堂,ru,
僧籍,es,
儀礼的,es,
儀礼的,ru,
億万,es,
儒艮,es,
償い,es,
償却,es,
償金,es,
優,es,
優,ru,
優に,es,
優先権,es,
優劣,es,
優待,es,
優生,es,
優生,ru,
優生保護法,es,
優生保護法,ru,
優美,ru,
優遇,es,
優駿,es,
優駿,ru,
元,es,
元,ru,
元より,es,
元凶,es,
元利,es,
元号,ru,
元帥,es,
元帳,es,
元手,es,
元手,ru,
元本,ru,
元祖,es,
元禄,es,
元締め,es,
元老,es,
元通り,es,
兄,es,
兄,ru,
兄ちゃん,ru,
兄姉,ru,
兄弟子,es,
充てる,ru,
充填,es,
充当,es,
充満,es,
充足,es,
先々,es,
先々週,ru,
先だって,ru,
先人,es,
先住,es,
先刻,es,
先勝,es,
先取,es,
先取り,es,
先回り,es,
先天,es,
先天性,es,
先妻,es,
先安,es,
先年,es,
先攻,es,
先攻,ru,
先方,es,
先物,es,
先生,es,
先生,ru,
先発,es,
先立って,es,
先立って,ru,
先立つ,es,
先端的,es,
先細り,es,
先般,es,
先行,es,
先見,es,
先議,es,
先走る,es,
先送り,es,
先送り,ru,
先進,es,
先達,es,
先遣,es,
先鋒,es,
先鋭,es,
先陣,es,
先鞭,es,
先駆,es,
先駆け,es,
先高,es,
光り輝く,es,
光り輝く,ru,
光合成,es,
光学式文字認識,es,
光学式文字認識,ru,
光彩,es,
光明,es,
光熱,es,
光輝,es,
光速,es,
免,es,
免,ru,
免疫,es,
免罪,es,
免責,es,
兎に角,ru,
兎も角,ru,
兎角,es,
兎角,ru,
党人,es,
党内,es,
党務,es,
党勢,es,
党是,es,
党籍,es,
党議,es,
入り込み,es,
入れ代わり立ち代わり,es,
入れ代わり立ち代わり,ru,
入れ替わり,es,
入交,es,
入交,ru,
入信,es,
入団,es,
入国管理局,ru,
入園,es,
入園,ru,
入塾,es,
入塾,ru,
入居,es,
入幕,es,
入店,es,
入店,ru,
入所,es,
入来,es,
入校,es,
入植,es,
入水,es,
入船,es,
入超,es,
入部,ru,
入閣,es,
入隊,es,
入館料,ru,
入魂,es,
入魂,ru,
全うする,es,
全人,es,
全人,ru,
全会,es,
全体的,es,
全勝,es,
全国的,es,
全土,es,
全域,es,
全壊,es,
全学,es,
全学,ru,
全容,es,
全島,es,
全島,ru,
全巻,es,
全市,es,
全幅,es,
全店,es,
全店,ru,
全戸,es,
全敗,es,
全文,es,
全日,ru,
全日制,es,
全曲,es,
全曲,ru,
全治,es,
全点,es,
全点,ru,
全焼,es,
全盲,es,
全盲,ru,
全社,es,
全社,ru,
全米,es,
全線,es,
全編,es,
全貌,es,
全身全霊,ru,
全軍,es,
全長,es,
全開,es,
全面,es,
全額,es,
全館,es,
全館,ru,
八,es,
八,ru,
八丁,es,
八分音符,es,
八分音符,ru,
八千草,es,
八幡宮,es,
八方,es,
八景,es,
八本,es,
八本,ru,
八百万,es,
八百長,es,
八重,es,
八重桜,es,
公,es,
公人,es,
公会,es,
公会堂,es,
公僕,es,
公共団体,es,
公共放送,es,
公共放送,ru,
公共料金,ru,
公共職業安定所,ru,
公告,es,
公器,es,
公報,es,
公子,es,
公安委員会,es,
公安委員会,ru,
公安調査庁,es,
公安調査庁,ru,
公定歩合,es,
公定歩合,ru,
公害等調整委員会,es,
公害等調整委員会,ru,
公家,es,
公序,ru,
公序良俗,ru,
公式サイト,es,
公式サイト,ru,
公式戦,es,
公式戦,ru,
公文,es,
公明党,es,
公明党,ru,
公明正大,es,
公正証書,es,
公民,es,
公民権,es,
公海,es,
公用文,es,
公用文,ru,
公的,es,
公益法人,ru,
公称,es,
公聴会,es,
公舎,ru,
公論,es,
公述,es,
公述,ru,
公道,es,
公開中,es,
公開中,ru,
公電,es,
六,es,
六,ru,
六十四分音符,es,
六十四分音符,ru,
六角,es,
共,ru,
共倒れ,es,
共催,es,
共働き,ru,
共同,ru,
共同体,es,
共同募金,es,
共和,ru,
共演,es,
共生,es,
共立,es,
共著,es,
共通点,es,
共通語,ru,
共食い,es,
兵,es,
兵力,es,
兵員,es,
兵学,es,
兵糧,es,
其処で,es,
其奴,es,
其方,ru,
具申,es,
具象,es,
典礼,es,
兼ね備える,es,
兼任,es,
兼務,es,
兼営,es,
兼業農家,es,
兼職,es,
内々,es,
内偵,es,
内分泌,es,
内助,es,
内勤,es,
内包,es,
内向,ru,
内向的,ru,
内回り,es,
内回り,ru,
内国,es,
内圧,es,
内在,es,
内地,es,
内堀,es,
内壁,es,
内外,es,
内大臣,es,
内奏,es,
内宮,es,
内密,es,
内局,es,
内弟子,es,
内径,es,
内径,ru,
内情,es,
内掛け,ru,
内政,es,
内法,es,
内申,es,
内発,es,
内発,ru,
内的,es,
内省,es,
内示,es,
内科,ru,
内科医,es,
内科学,es,
内線,es,
内耳,es,
内耳,ru,
内航,es,
内蔵,es,
内蔵,ru,
内装,es,
内裏,es,
内規,es,
内角,es,
内角,ru,
内諾,es,
内野,es,
内野,ru,
内野手,es,
内野手,ru,
内閣官房,es,
内閣官房,ru,
内閣官房長官,ru,
内閣府,es,
内閣府,ru,
内閣法制局,es,
内閣法制局,ru,
円建て,es,
円建て,ru,
円環,ru,
円錐,es,
冊子,es,
冊数,es,
冊数,ru,
再々,es,
再スタート,es,
再スタート,ru,
再任,es,
再保険,es,
再保険,ru,
再出発,es,
再分配,es,
再審,es,
再建,es,
再来,es,
再来週,ru,
再検討,es,
再演,es,
再燃,es,
再版,es,
再確認,es,
再編,es,
再訪,es,
再訪,ru,
再認識,es,
再読,es,
再調査,es,
再販,ru,
再起動,es,
再配置,es,
再録,es,
再録,ru,
再開発,ru,
写る,ru,
写実,es,
写本,es,
写植,es,
写植,ru,
写真家,es,
写真家,ru,
写真撮影,es,
写経,es,
写経,ru,
冠,es,
冠,ru,
冠動脈,es,
冠動脈,ru,
冥利,es,
冥福,es,
冬山,es,
冬鳥,es,
冬鳥,ru,
冴え,es,
冶金,es,
冷え,es,
冷え切る,es,
冷や,es,
冷やかし,es,
冷や飯,es,
冷凍食品,ru,
冷却,es,
冷却期間,es,
冷厳,es,
冷夏,ru,
冷媒,es,
冷媒,ru,
冷害,es,
冷徹,ru,
冷暖房,es,
冷暖房,ru,
冷気,es,
准将,es,
准看護婦,es,
准看護婦,ru,
凍らす,es,
凍らす,ru,
凍傷,es,
凍土,es,
凝った,es,
凝らす,es,
凝らす,ru,
凝り性,es,
凝る,es,
凝乎と,ru,
凝視,es,
凡庸,es,
凡打,es,
凡打,ru,
凡退,es,
凡退,ru,
処世,es,
処方,es,
処方箋,es,
処遇,es,
凱歌,es,
凶弾,es,
凶弾,ru,
凸版,es,
凸版印刷,es,
凸版印刷,ru,
凹凸,es,
出,es,
出,ru,
出し,es,
出し入れ,es,
出し切る,es,
出し切る,ru,
出し合う,es,
出し投げ,es,
出し投げ,ru,
出し物,es,
出すぎる,es,
出世作,es,
出会い頭,es,
出先,es,
出先機関,es,
出入,es,
出兵,es,
出刃,es,
出向,es,
出向く,es,
出回り,es,
出回る,es,
出土,es,
出土,ru,
出土品,es,
出場,es,
出塁,es,
出塁,ru,
出家,es,
出尽くす,es,
出尽くす,ru,
出展,es,
出展,ru,
出席者,es,
出店,es,
出店,ru,
出張所,es,
出征,es,
出掛け,es,
出揃う,es,
出撃,es,
出方,es,
出来,es,
出来上がり,es,
出来合い,es,
出来栄え,es,
出来高,es,
出欠,ru,
出歩く,es,
出水,es,
出没,es,
出漁,es,
出版元,es,
出版元,ru,
出版物,es,
出番,es,
出直し,ru,
出直す,es,
出窓,es,
出納簿,es,
出自,es,
出自,ru,
出色,es,
出走,es,
出走,ru,
出超,es,
出足,es,
出身地,es,
出身者,es,
出身者,ru,
出遅れる,es,
出遅れる,ru,
出陣,es,
出頭,es,
出題,ru,
刀剣,es,
刃先,es,
刃渡り,es,
刃物,es,
分,es,
分かれる,ru,
分かれ目,es,
分かれ道,es,
分け入る,es,
分与,es,
分乗,es,
分会,es,
分冊,es,
分別,es,
分厚い,ru,
分売,es,
分室,es,
分家,es,
分岐点,es,
分捕り品,es,
分捕る,es,
分校,es,
分権,es,
分水嶺,es,
分派,es,
分流,es,
分科会,es,
分科会,ru,
分譲,es,
分間,es,
分間,ru,
分院,es,
切りがない,ru,
切り下げ,es,
切り下げる,es,
切り倒す,es,
切り出し,es,
切り取り,es,
切り取る,es,
切り口,es,
切り売り,es,
切り崩す,es,
切り干し,es,
切り干し,ru,
切り抜き,es,
切り捨て,es,
切り替わる,es,
切り替わる,ru,
切り札,es,
切り盛り,es,
切り立った,es,
切り立った,ru,
切り立つ,es,
切り立つ,ru,
切り花,es,
切り詰め,es,
切り詰める,es,
切り貼り,es,
切り身,es,
切り込み,es,
切り込む,es,
切り返す,es,
切り返す,ru,
切り開き,es,
切れ,es,
切れ,ru,
切れ味,es,
切れ込み,es,
切支丹,es,
切望,es,
切羽,es,
切羽詰まる,es,
切除,es,
刈り入れ,es,
刈り取り,es,
刈り取り,ru,
刈り取る,es,
刈り込む,es,
刑事,es,
刑事,ru,
刑事事件,es,
刑事補償,es,
刑事補償,ru,
刑事責任,ru,
刑期,es,
列伝,es,
列強,es,
列挙,es,
列記,es,
初々しい,es,
初めに,ru,
初める,es,
初場所,es,
初売り,es,
初売り,ru,
初子,es,
初孫,es,
初年,es,
初心者向け,es,
初心者向け,ru,
初戦,es,
初戦,ru,
初挑戦,es,
初挑戦,ru,
初春,es,
初期費用,es,
初期費用,ru,
初演,es,
初潮,ru,
初物,es,
初球,es,
初球,ru,
初産,es,
初秋,es,
初節供,es,
初節供,ru,
初老,es,
初舞台,es,
初見,es,
初診,es,
初音,es,
初頭,es,
初顔合わせ,es,
判別,es,
判官,es,
判然,es,
別,es,
別,ru,
別れ話,es,
別れ話,ru,
別世界,es,
別人,es,
別働隊,es,
別冊,es,
別刷り,es,
別刷り,ru,
別天地,es,
別巻,es,
別巻,ru,
別当,es,
別格,es,
別棟,es,
別段,es,
別物,es,
別状,es,
別種,es,
別紙,es,
別表,es,
別途,es,
別邸,es,
別院,es,
別離,es,
別項,es,
別館,es,
別館,ru,
利,es,
利かす,es,
利かせる,es,
利かせる,ru,
利き,es,
利き酒,es,
利上げ,es,
利下げ,es,
利付債,es,
利付債,ru,
利便,es,
利回り,es,
利害関係,es,
利尿,es,
利己,es,
利得,es,
利払い,es,
利根,ru,
利権,es,
利比亜,ru,
利比利亜,ru,
利水,ru,
利用価値,es,
利用価値,ru,
利用方法,es,
利用方法,ru,
利用者,ru,
利食い,es,
制動,es,
制圧,es,
制球,es,
制球,ru,
制空権,es,
刷り,es,
刷り込む,es,
刷新,es,
券売機,ru,
刹那,es,
刺し,es,
刺し網,es,
刺殺,es,
刻々,ru,
刻み,es,
刻一刻,es,
刻一刻と,ru,
刻印,es,
削り取る,es,
削り節,es,
削る,es,
削る,ru,
前,es,
前々,es,
前世,es,
前世,ru,
前世界,es,
前世紀,es,
前代,es,
前代未聞,es,
前任,es,
前倒し,es,
前倒し,ru,
前傾,es,
前傾,ru,
前兆,es,
前列,es,
前半戦,es,
前半戦,ru,
前史,es,
前史,ru,
前哨戦,es,
前場,es,
前夜祭,es,
前奏曲,es,
前山,es,
前山,ru,
前年度,es,
前座,es,
前後,es,
前後,ru,
前文,es,
前方後円墳,es,
前方後円墳,ru,
前日,es,
前歴,es,
前段,es,
前略,es,
前立腺肥大症,es,
前立腺肥大症,ru,
前節,es,
前線,es,
前編,es,
前置き,ru,
前菜,es,
前著,es,
前著,ru,
前衛,es,
前言,es,
前記,es,
前足,es,
前身,es,
前輪,es,
前述,es,
前門,es,
前面,es,
前項,es,
前頭葉,es,
前頭葉,ru,
前駆,es,
前髪,es,
剛毅,es,
剣劇,es,
剥げる,es,
剥げる,ru,
副反応,es,
副反応,ru,
副収入,es,
副官,es,
副将,es,
副将,ru,
副業,es,
副次的,es,
副産物,es,
副知事,es,
副社長,es,
副社長,ru,
副署,es,
副葬品,es,
副葬品,ru,
副読本,es,
副題,es,
副食,es,
副食,ru,
剰余金,es,
割と,ru,
割り勘,es,
割り振り,es,
割り振り,ru,
割り振る,es,
割り込み,es,
割増賃金,es,
割増賃金,ru,
割安,es,
割引債,es,
割引債,ru,
割引券,es,
割愛,es,
割烹,es,
割譲,es,
割高,es,
創世,es,
創世記,es,
創世記,ru,
創価学会,es,
創価学会,ru,
創出,ru,
創始,es,
創建,es,
創意,es,
創設,es,
創造力,es,
劇中,es,
劇中,ru,
劇中劇,es,
劇作,es,
劇映画,es,
劇画,es,
劇画,ru,
劇薬,es,
劇薬,ru,
劇評,es,
力,es,
力,ru,
力仕事,ru,
力作,es,
力士,es,
力戦,es,
力投,es,
力投,ru,
力水,es,
力添え,es,
力点,es,
力説,es,
力負け,es,
力走,es,
功労,es,
功罪,es,
加勢,es,
加点,es,
加点,ru,
加爾基,es,
加爾基,ru,
加特力,ru,
加筆,es,
加答児,ru,
加齢,es,
劣化,ru,
劣悪,es,
助け合い,es,
助け合い,ru,
助け合う,es,
助け舟,es,
助っ人,es,
助っ人,ru,
助力,es,
助役,es,
助演,es,
助産,es,
助走,es,
助走,ru,
助長,es,
努める,ru,
励まし,ru,
励み,es,
労,es,
労作,es,
労使,es,
労使,ru,
労働争議,es,
労働党,es,
労働党,ru,
労働力,es,
労働協約,es,
労働基準局,es,
労働基準局,ru,
労働基準法,es,
労働基準法,ru,
労働委員会,es,
労働条件,ru,
労働省,es,
労働運動,es,
労務,es,
労災保険,es,
労災保険,ru,
労組,es,
労組,ru,
労苦,es,
労賃,es,
労農,es,
労連,es,
効,es,
効率的,ru,
勃発,es,
勇,es,
勇み足,es,
勇み足,ru,
勇士,es,
勇壮,es,
勇断,es,
勇猛,es,
勇退,es,
勉強中,es,
勉強中,ru,
動,es,
動,ru,
動き出す,es,
動き出す,ru,
動き回る,es,
動き回る,ru,
動もすれば,ru,
動態,es,
動植物,es,
動物性,es,
動画,ru,
動脈硬化,es,
動脈硬化,ru,
動議,es,
動転,es,
勘案,es,
勝ち名乗り,ru,
勝ち星,ru,
勝ち進む,ru,
勝因,es,
勝差,es,
勝差,ru,
勝手気まま,es,
勝負師,es,
募債,es,
勢,es,
勢,ru,
勢ぞろい,es,
勢力圏,es,
勢力圏,ru,
勤め人,es,
勤務時間,es,
勤務時間,ru,
勧進帳,es,
勲記,es,
勾玉,es,
包み込む,es,
包む,ru,
包含,es,
包括,es,
包摂,es,
化す,ru,
化学兵器,ru,
化学物質,es,
化学物質,ru,
化学療法,es,
化学療法,ru,
化学肥料,ru,
化学調味料,es,
化学調味料,ru,
化粧水,es,
化身,es,
北,es,
北,ru,
北アイルランド,ru,
北上,es,
北九州,es,
北側,es,
北北東,es,
北北西,es,
北半球,es,
北口,ru,
北向き,es,
北寄り,es,
北寄り,ru,
北山,es,
北方,es,
北洋,es,
北海道開発庁長官,es,
北海道開発庁長官,ru,
北郊,es,
北郊,ru,
北限,es,
北限,ru,
北陸,es,
北陸,ru,
匠,es,
区内,es,
区分け,es,
区分け,ru,
区役所,ru,
区検,es,
区民,es,
区立,es,
区立,ru,
区議,es,
区長,es,
医事,ru,
医学部,ru,
医師会,ru,
医科学,ru,
十,es,
十,ru,
十一,es,
十一,ru,
十両,es,
十九,ru,
十人十色,ru,
十八番,es,
十字軍,es,
十指,es,
十文字,es,
十月革命,es,
十月革命,ru,
千万,es,
千九百年代,es,
千九百年代,ru,
千代,es,
千円札,ru,
千切り,es,
千島,ru,
千秋,es,
千秋楽,es,
千草,es,
千載一遇,es,
千里,es,
午前中,es,
午前中,ru,
半ズボン,es,
半ズボン,ru,
半円,es,
半分,es,
半周,es,
半壊,es,
半官半民,es,
半期,es,
半永久,es,
半焼,es,
半熟,es,
半生,es,
半田,es,
半紙,es,
半袖,ru,
半製品,es,
半身,es,
半身不随,es,
半農,es,
半農,ru,
半額,es,
卑下,es,
卑屈,es,
卒業式,es,
卒業生,es,
卓上,es,
卓抜,es,
卓球,es,
卓越,es,
協同組合,es,
協商,es,
協約,es,
協賛,es,
南,es,
南,ru,
南アフリカ,ru,
南下,es,
南中,es,
南側,es,
南側,ru,
南北問題,es,
南北問題,ru,
南北戦争,ru,
南北朝,es,
南北朝,ru,
南半球,es,
南南東,es,
南南西,es,
南口,ru,
南寄り,es,
南寄り,ru,
南方,es,
南極大陸,es,
南極海,ru,
南極点,es,
南極点,ru,
南欧,es,
南洋,es,
南海,es,
南海,ru,
南緯,es,
南蛮,es,
南郊,es,
南郊,ru,
南風,es,
単,es,
単体,es,
単価,es,
単刀直入,es,
単利,es,
単勝,es,
単勝,ru,
単産,es,
単産,ru,
単発,es,
単純化,es,
単純平均,es,
単純平均,ru,
単線,es,
単色,es,
単複,es,
単身赴任,es,
単身赴任,ru,
単３,es,
単３,ru,
博,es,
博,ru,
博多,es,
博多,ru,
博徒,es,
博識,es,
占い師,es,
占拠,es,
占星術,es,
占星術,ru,
占有,es,
印字,ru,
印度尼西亜,ru,
印象派,ru,
危うい,ru,
危うく,ru,
危なげない,ru,
危険性,es,
即位,es,
即刻,es,
即売,es,
即応,es,
即戦力,es,
即戦力,ru,
即断,es,
即時,es,
即決,es,
即物的,es,
即物的,ru,
即答,es,
即興,es,
却下,es,
卵,es,
卵,ru,
卵子,ru,
卵巣,ru,
卵形,es,
卵焼き,es,
卵管,ru,
卵胞,es,
卵胞,ru,
卸し問屋,es,
卸し問屋,ru,
卸売市場,ru,
卸売物価,ru,
厄年,es,
厄瓜多,ru,
厘,es,
厚化粧,es,
厚板,es,
厚生年金,es,
厚生施設,es,
厚生施設,ru,
厚遇,es,
原,es,
原,ru,
原っぱ,ru,
原付,es,
原付,ru,
原住民,es,
原典,ru,
原初,es,
原初,ru,
原動力,es,
原審,es,
原寸,es,
原木,es,
原本,es,
原材料,es,
原案,es,
原液,es,
原液,ru,
原潜,ru,
原版,es,
原版,ru,
原生,es,
原産,ru,
原画,es,
原発,es,
原発,ru,
原石,es,
原石,ru,
原種,es,
原簿,es,
原紙,es,
原著,es,
原資,es,
原資,ru,
原酒,es,
原酒,ru,
原野,es,
原題,es,
原題,ru,
厨房,es,
厳しさ,es,
厳しさ,ru,
厳に,es,
厳冬,es,
厳冬期,es,
厳冬期,ru,
厳寒,es,
厳戒,es,
厳然,es,
厳粛,es,
去就,es,
去来,es,
参する,es,
参する,ru,
参った,ru,
参事,es,
参事官,es,
参入,es,
参入,ru,
参列,es,
参宮,es,
参戦,es,
参拝,es,
参観,es,
参詣,es,
参謀,es,
参賀,es,
参道,es,
参院,es,
参集,es,
又ね,es,
又ね,ru,
及び腰,es,
及第,es,
友,es,
友,ru,
友禅染,es,
友誼,es,
友釣り,es,
双,es,
双方,es,
双発,es,
双発,ru,
双頭,es,
反,es,
反り,es,
反る,es,
反体制,es,
反体制,ru,
反対側,es,
反射的,es,
反射鏡,es,
反復,es,
反抗期,es,
反抗期,ru,
反抗的,es,
反攻,es,
反旗,es,
反比例,es,
反物,es,
反目,es,
反落,es,
反証,es,
反転,es,
反陽子,es,
反面教師,ru,
反騰,es,
反骨,es,
反骨,ru,
収まり,es,
収入印紙,es,
収入印紙,ru,
収入役,es,
収受,es,
収奪,es,
収奪,ru,
収容所,es,
収得,es,
収斂,es,
収監,es,
収蔵,es,
収賄,es,
収量,es,
収録,es,
取っ組み合い,es,
取りこぼす,es,
取りこぼす,ru,
取りまとめる,es,
取り下げる,es,
取り交わす,es,
取り交わす,ru,
取り仕切る,es,
取り分,es,
取り口,es,
取り合い,es,
取り合う,es,
取り合わせる,es,
取り壊し,es,
取り壊す,es,
取り外し,es,
取り崩す,es,
取り払い,es,
取り払う,es,
取り持つ,es,
取り揃える,es,
取り方,es,
取り替え,ru,
取り残す,ru,
取り決める,es,
取り混ぜる,ru,
取り留めのない,es,
取り留めのない,ru,
取り留める,es,
取り直す,es,
取り立て,es,
取り組み,es,
取り計らい,es,
取り計らい,ru,
取り越し苦労,es,
取り込み,es,
取り返し,es,
取り違える,es,
取引先,es,
取扱注意,es,
取扱注意,ru,
取捨,es,
取次ぎ,es,
取水,es,
取締役会,es,
取締役会,ru,
取締法,es,
取締法,ru,
受け皿,es,
受け皿,ru,
受け答え,es,
受け答え,ru,
受付中,es,
受付中,ru,
受信機,es,
受信者,ru,
受検,es,
受検,ru,
受理,es,
受粉,es,
受精卵,es,
受精卵,ru,
受給,es,
受給,ru,
受胎,es,
受託,es,
受診,es,
受診,ru,
受諾,es,
受講,es,
受講,ru,
受講料,es,
受講料,ru,
叙事詩,es,
叙利亜,ru,
叙勲,es,
叙情,es,
叢書,es,
叢立ち,es,
口,es,
口,ru,
口うるさい,es,
口コミ,es,
口上書,es,
口切り,es,
口座,es,
口座番号,es,
口座番号,ru,
口当たり,es,
口当たり,ru,
口径,es,
口数,es,
口添え,es,
口約束,es,
口腔,es,
口臭,es,
口裏,es,
口説く,es,
口走る,es,
口頭弁論,ru,
口頭試問,es,
口頭試問,ru,
古,es,
古びる,es,
古び衰える,es,
古び衰える,ru,
古ぼける,es,
古今,es,
古傷,es,
古典的,es,
古加涅,ru,
古参,es,
古墳,es,
古寺,es,
古巣,es,
古希,es,
古式,es,
古手,es,
古文,es,
古文書,es,
古木,es,
古来,es,
古生物,es,
古着,es,
古米,es,
古紙,es,
古紙,ru,
古老,es,
古臭い,es,
古語,es,
古豪,es,
古都,es,
古風,es,
句会,es,
句集,es,
句集,ru,
叩く,es,
召し使い,es,
召集,es,
可処分,es,
可処分,ru,
可否,es,
可変,es,
可燃,es,
可燃,ru,
可燃性,es,
可能にする,es,
可能にする,ru,
可能性,es,
可能性が高い,ru,
可視,ru,
台地,es,
台場,es,
台場,ru,
台帳,es,
台形,es,
台形,ru,
台紙,es,
台車,es,
台頭,es,
史,es,
史学,es,
史料,es,
史書,es,
史観,es,
史跡,es,
右クリック,es,
右クリック,ru,
右上,es,
右上,ru,
右下,es,
右下,ru,
右中間,es,
右中間,ru,
右利き,es,
右四つ,es,
右四つ,ru,
右岸,es,
右左,es,
右往左往,es,
右折,es,
右折,ru,
右方,es,
右派,es,
右端,es,
右端,ru,
右舷,es,
右足,es,
右辺,es,
叶える,ru,
号外,es,
号数,es,
号数,ru,
号泣,es,
号砲,es,
号車,es,
号車,ru,
司令,es,
司令官,es,
司会者,es,
司教,es,
司法書士,es,
司法書士,ru,
司法研修所,es,
司法研修所,ru,
司法裁判,ru,
司直,es,
司祭,es,
各位,es,
各種学校,es,
各面,es,
各面,ru,
合わさる,ru,
合体,es,
合併症,es,
合併症,ru,
合力,es,
合否,ru,
合弁,es,
合従連衡,es,
合憲,ru,
合成樹脂,ru,
合成洗剤,ru,
合成繊維,ru,
合成語,es,
合掌,es,
合板,es,
合法的,es,
合祀,es,
合算,es,
合繊,es,
合繊,ru,
吉兆,es,
吉祥天,es,
同,ru,
同じく,es,
同じる,es,
同じる,ru,
同乗,es,
同人,es,
同伴者,es,
同位,es,
同党,es,
同和,es,
同和,ru,
同国,es,
同地,es,
同地,ru,
同坐,es,
同士,ru,
同士討ち,es,
同夜,es,
同夜,ru,
同定,ru,
同局,es,
同局,ru,
同市,ru,
同席,es,
同年,es,
同心,es,
同心円,es,
同文,es,
同時代,es,
同時期,es,
同時期,ru,
同時通訳,es,
同月,ru,
同朋,es,
同朋,ru,
同校,ru,
同根,es,
同氏,es,
同点,es,
同然,es,
同率,es,
同町,es,
同町,ru,
同盟,es,
同盟,ru,
同盟条約,es,
同盟条約,ru,
同省,es,
同省,ru,
同社,es,
同種,es,
同系,es,
同級,es,
同罪,es,
同義,es,
同胞,es,
同船,es,
同色,es,
同色,ru,
同行,es,
同質,es,
同郷,es,
同量,es,
同量,ru,
同門,es,
名ばかり,es,
名ばかり,ru,
名乗り出る,es,
名乗り出る,ru,
名乗る,es,
名人,es,
名人,ru,
名人芸,es,
名人芸,ru,
名付け親,es,
名代,es,
名分,es,
名勝,es,
名医,es,
名句,es,
名君,es,
名品,es,
名士,es,
名実,es,
名将,es,
名山,es,
名山,ru,
名店,ru,
名所,es,
名所,ru,
名指し,es,
名文,es,
名曲,es,
名木,es,
名歌,es,
名盤,es,
名盤,ru,
名目賃金,es,
名目賃金,ru,
名簿,es,
名簿,ru,
名言,es,
名訳,es,
名誉職,es,
名跡,es,
名跡,ru,
名鑑,es,
名馬,es,
吐き出す,es,
吐露,es,
向い風,es,
向かい側,es,
向かい合う,es,
向かって左,es,
向かって左,ru,
向き合う,es,
向け,es,
向学心,es,
君,es,
君,ru,
君たち,ru,
君子,es,
君臨,es,
吟遊詩人,es,
吟遊詩人,ru,
吟醸酒,es,
吟醸酒,ru,
否,es,
否,ru,
否応,es,
含ませる,es,
含み,es,
含み資産,es,
含有,es,
吸い上げ,es,
吸い上げる,es,
吸い取る,es,
吸水性,es,
吸水性,ru,
吸着,es,
吹き付け,es,
吹き付ける,es,
吹き出物,es,
吹き荒れる,es,
吹き返す,es,
吹き飛ばす,es,
吹き飛ぶ,es,
吹き飛ぶ,ru,
吹っ切れる,es,
吹っ飛ぶ,es,
吹奏,es,
吹奏楽,es,
呉服,es,
呉越同舟,es,
呉越同舟,ru,
告別,es,
告発,es,
周年,es,
周遊,es,
呪術,es,
呪術,ru,
味,es,
味,ru,
味の素,es,
味の素,ru,
味わい,ru,
呼ばわり,es,
呼びかけ,es,
呼び出し,es,
呼び声,es,
呼び戻す,es,
呼び捨て,es,
呼び水,es,
呼び物,es,
呼び起こす,es,
呼び込み,es,
呼び込み,ru,
呼び込む,es,
呼応,es,
命,es,
命取り,es,
命名,es,
命綱,es,
命綱,ru,
命脈,es,
命運,es,
命題,es,
和え物,es,
和やか,ru,
和地関,es,
和地関,ru,
和声,es,
和室,ru,
和尚,es,
和式,ru,
和洋,es,
和洋折衷,es,
和牛,es,
和牛,ru,
和菓子,ru,
和裁,es,
和装,es,
和製,es,
和製英語,es,
和製英語,ru,
和議,es,
和音,es,
咲き乱れる,es,
咲き誇る,es,
哀感,ru,
品,es,
品,ru,
品々,es,
品定め,es,
品性,es,
品数,es,
品薄,es,
品評,es,
哲人,es,
哲学的,es,
唐揚げ,ru,
唐草,es,
唱和,es,
唱歌,es,
啄木,es,
啄木,ru,
商い,es,
商事会社,es,
商号,es,
商品券,es,
商品名,es,
商品名,ru,
商売人,es,
商家,es,
商慣習,es,
商業銀行,es,
商業銀行,ru,
商標,es,
商法,es,
商用,es,
商科,es,
商船,es,
問いかける,es,
問い詰める,es,
問責,es,
問題ない,es,
問題ない,ru,
問題児,es,
問題児,ru,
問題意識,es,
問題意識,ru,
問題点,es,
啓発,es,
啓蟄,es,
善くも,ru,
善処,es,
善後策,es,
善戦,es,
善玉,es,
善良,es,
善隣,es,
喉,es,
喉,ru,
喘息,es,
喚問,es,
喚声,es,
喚声,ru,
喜怒哀楽,es,
喜望峰,es,
喝采,es,
喧騒,es,
喪主,es,
喫緊,es,
営業マン,ru,
営業時間,ru,
営為,ru,
嗚呼,es,
嗚呼嗚呼,es,
嗚呼嗚呼,ru,
嘆かわしい,es,
嘆息,es,
嘆願,es,
嘉納,es,
嘔吐,es,
嘔吐,ru,
嘱望,es,
噛み付く,ru,
噛み切る,ru,
噛む,es,
噛む,ru,
器材,es,
器材,ru,
器械体操,es,
噴射,es,
噴煙,es,
囃子,es,
囚われ,es,
四,es,
四,ru,
四つ切り,es,
四つ相撲,es,
四六時中,es,
四十九日,es,
四十九日,ru,
四半期,es,
四天王,es,
四川,es,
四川,ru,
四手,es,
四本,ru,
四死球,es,
四死球,ru,
四球,es,
四球,ru,
四畳半,es,
四畳半,ru,
四苦八苦,es,
四隅,es,
回し,es,
回付,es,
回帰線,es,
回戦,es,
回戦,ru,
回目,es,
回目,ru,
回遊,es,
回顧録,es,
団交,es,
団体交渉,es,
団塊,es,
団子,es,
団栗,es,
困り果てる,es,
図工,es,
図式,es,
図柄,ru,
図案,es,
図版,es,
図画,es,
図説,es,
図録,es,
図面,es,
固め,es,
固め,ru,
固化,es,
固化,ru,
固定票,es,
固定票,ru,
固定観念,es,
固定資産,es,
固有名詞,ru,
固辞,es,
国人,es,
国会議事堂,es,
国会議事堂,ru,
国会議員,es,
国会議員,ru,
国体,es,
国債,es,
国元,es,
国光,es,
国内旅行,es,
国内旅行,ru,
国分寺,es,
国務大臣,es,
国勢,es,
国史,es,
国土庁,es,
国土庁,ru,
国土計画,es,
国学,es,
国家公安委員会,es,
国家公安委員会,ru,
国家試験,es,
国家試験,ru,
国富,es,
国対,es,
国対,ru,
国府,es,
国情,es,
国慶節,es,
国慶節,ru,
国政,es,
国教,es,
国文,es,
国書,es,
国有化,es,
国民,es,
国民体育大会,es,
国民体育大会,ru,
国民健康保険,es,
国民健康保険,ru,
国民宿舎,es,
国民宿舎,ru,
国民審査,es,
国民審査,ru,
国民年金,es,
国民年金,ru,
国民性,es,
国民総生産,ru,
国法,es,
国税局,es,
国税局,ru,
国税庁,es,
国税庁,ru,
国立劇場,ru,
国立博物館,ru,
国粋,es,
国粋主義,es,
国花,es,
国葬,es,
国語学,es,
国語学,ru,
国語辞典,ru,
国賓,es,
国防会議,es,
国防会議,ru,
国際人,ru,
国際協力事業団,es,
国際協力事業団,ru,
国際色,es,
国際色,ru,
国風,es,
圏外,es,
園,ru,
園内,ru,
土,es,
土,ru,
土下座,es,
土中,es,
土中,ru,
土人,es,
土俗,es,
土俵入り,es,
土俵際,es,
土偶,es,
土偶,ru,
土嚢,es,
土地柄,es,
土塀,es,
土壇場,es,
土建屋,es,
土建屋,ru,
土方,es,
土日,es,
土日,ru,
土曜,ru,
土煙,es,
土産,es,
土産,ru,
土用,es,
土着,es,
土石,ru,
土砂降り,es,
土耳古,es,
土葬,es,
土蔵,es,
土質,es,
土鍋,es,
圧力団体,ru,
圧勝,ru,
圧政,es,
圧政,ru,
圧縮空気,es,
在りし日,ru,
在中,es,
在位,es,
在勤,es,
在外,es,
在外公館,es,
在外公館,ru,
在宅,es,
在家,es,
在来,es,
在校,es,
在米,ru,
在郷軍人,es,
在野,es,
地の利,es,
地下資源,es,
地下足袋,es,
地中,es,
地割れ,es,
地力,es,
地力,ru,
地吹雪,es,
地吹雪,ru,
地味,es,
地唄,es,
地域社会,es,
地域社会,ru,
地場,es,
地場産業,es,
地場産業,ru,
地学,es,
地平,es,
地底,ru,
地所,es,
地方,es,
地方公共団体,es,
地方公共団体,ru,
地方公務員,es,
地方公務員,ru,
地方分権,es,
地方団体,es,
地方団体,ru,
地方版,es,
地方税,es,
地方自治,es,
地方自治,ru,
地方自治体,es,
地方自治体,ru,
地方行政,ru,
地方裁判所,es,
地方裁判所,ru,
地方議会,es,
地方議会,ru,
地検,es,
地殻変動,es,
地殻変動,ru,
地熱,es,
地球上,es,
地球温暖化,ru,
地理情報システム,es,
地理情報システム,ru,
地磁気,es,
地続き,es,
地縁,es,
地縁,ru,
地蔵,es,
地表,es,
地裁,es,
地質,es,
地質学,es,
地道,es,
地酒,es,
地金,es,
地鎮祭,es,
地震,ru,
地震学,es,
地響き,es,
地鳴り,es,
坊っちゃん,es,
坊っちゃん,ru,
坑内,es,
坑口,es,
垂らし込む,es,
垂らし込む,ru,
垂れ,es,
垂れ下がる,es,
垂れ幕,es,
垂れ流し,es,
型式,es,
型枠,es,
型枠,ru,
型破り,es,
型紙,es,
型録,ru,
垢,es,
垢,ru,
埃,es,
埃,ru,
埋め合わせ,ru,
埋め合わせる,es,
埋め立て地,es,
埋め込む,ru,
埋もれる,es,
埋没,es,
埋設,es,
城,es,
城,ru,
城下,es,
城下町,es,
城内,es,
城壁,es,
城跡,es,
城郭,es,
域内,ru,
域外,ru,
埠頭,es,
埴輪,es,
執る,ru,
執事,es,
執刀,es,
執務,es,
執行機関,es,
執行猶予,es,
執行部,es,
培う,es,
培養,es,
基,es,
基幹,es,
基底,es,
基数,es,
基本料金,es,
基本料金,ru,
基板,es,
基準法,es,
基準法,ru,
基点,es,
基盤,ru,
基礎控除,es,
基礎控除,ru,
基調,es,
基軸,es,
基軸,ru,
基軸通貨,es,
基部,es,
堀端,es,
堀端,ru,
堂々巡り,es,
堅守,es,
堅持,es,
堅気,es,
堅調,es,
堅調,ru,
堆肥,es,
堪能,es,
報,es,
報われる,ru,
報奨金,es,
報復,es,
報徳,es,
報知,es,
報道機関,es,
報道機関,ru,
報道陣,es,
場,es,
場,ru,
場合,es,
場合,ru,
場当たり,es,
場数,es,
場末,es,
塁,es,
塁審,es,
塁審,ru,
塗り替える,es,
塗る,es,
塗る,ru,
塗布,es,
塞爾維,ru,
塩化ビニール,es,
塩化ビニール,ru,
塩害,ru,
塩尻,es,
塩尻,ru,
塩焼き,es,
塩辛,es,
塵,es,
塵,ru,
塾長,es,
塾長,ru,
境地,es,
境界,es,
境目,es,
墓前,es,
墓場,es,
墓所,es,
墓標,es,
墓碑,es,
墓穴,es,
増やし,es,
増やし,ru,
増便,es,
増便,ru,
増刊,es,
増刷,es,
増収,es,
増員,es,
増援,es,
増殖,es,
増水,es,
増派,es,
増産,es,
増発,es,
増益,es,
増築,es,
増補,es,
増設,es,
増配,es,
増量,es,
増長,es,
増額,es,
墨,es,
墨,ru,
墨書,es,
墨書,ru,
墨絵,es,
墳丘,es,
墳丘,ru,
壁掛け,es,
壁新聞,es,
壁画,es,
壁面,ru,
壇上,es,
壊死,ru,
壊滅,es,
士篤恒,ru,
壮挙,es,
壮絶,es,
壮行,es,
壮観,es,
壮麗,es,
声,es,
声,ru,
声明,es,
声明,ru,
声紋,es,
声紋,ru,
声量,ru,
売り,es,
売り主,es,
売り切る,es,
売り子,es,
売り手市場,es,
売り手市場,ru,
売り渡し,es,
売り渡し,ru,
売り込み,es,
売れ残り,es,
売れ筋,es,
売れ筋,ru,
売れ筋ランキング,es,
売れ筋ランキング,ru,
売上金,es,
売人,es,
売人,ru,
売却,es,
売名,es,
売買高,es,
売買高,ru,
変え,es,
変え,ru,
変じる,es,
変わった,ru,
変わらない,ru,
変わり果てる,es,
変わり目,es,
変わり種,es,
変わり身,es,
変わり身,ru,
変人,es,
変化球,es,
変化球,ru,
変哲,ru,
変奏曲,es,
変容,ru,
変幻,es,
変心,es,
変数,es,
変更届,es,
変更届,ru,
変死,es,
変移,es,
変節,es,
変色,es,
変装,es,
変調,es,
変質,es,
変転,es,
変速,es,
変造,es,
変電所,es,
夏,es,
夏,ru,
夏バテ,ru,
夏場所,es,
夏山,es,
夏日,es,
夏日,ru,
夏時間,es,
夏物,es,
夏草,es,
夏草,ru,
夕刻,es,
外,es,
外交員,es,
外交団,es,
外交辞令,es,
外付け,es,
外付け,ru,
外伝,es,
外債,es,
外傷,es,
外務員,es,
外勤,es,
外周,es,
外周,ru,
外回り,es,
外圧,ru,
外堀,es,
外壁,es,
外宮,es,
外局,es,
外形,es,
外泊,es,
外注,es,
外用,es,
外界,es,
外苑,es,
外装,es,
外角,es,
外資,es,
外郭,es,
外郭団体,es,
外郭団体,ru,
外野,es,
外野,ru,
外野手,es,
外野手,ru,
外電,es,
外需,es,
外需,ru,
多々,es,
多し,es,
多し,ru,
多め,es,
多め,ru,
多人数,es,
多元,es,
多元的,es,
多勢,es,
多寡,es,
多岐,es,
多年,es,
多年草,ru,
多弁,es,
多彩,es,
多感,es,
多方面,es,
多様性,es,
多湿,ru,
多産,es,
多用,es,
多発,ru,
多発性,es,
多発性,ru,
多目的,ru,
多種,es,
多種,ru,
多色,es,
多角的,es,
多難,es,
多雨,ru,
夜,es,
夜,ru,
夜ご飯,es,
夜ご飯,ru,
夜中,es,
夜会,es,
夜回り,es,
夜店,es,
夜桜,es,
夜討ち,es,
夜話,es,
夜話,ru,
夜逃げ,es,
夜通し,es,
夜遊び,es,
夜道,es,
夜食,es,
夢にも,es,
夢にも,ru,
夢幻,es,
夢物語,es,
夢見,es,
夢見る,es,
大,es,
大,ru,
大々的,es,
大きくなる,es,
大それた,es,
大っきい,es,
大っきい,ru,
大っぴら,es,
大っぴら,ru,
大丈夫,es,
大上段,es,
大上段,ru,
大乗,es,
大乱,es,
大事件,es,
大事件,ru,
大人,es,
大人,ru,
大人っぽい,ru,
大人になる,es,
大任,es,
大企業,es,
大企業,ru,
大僧正,es,
大儀,es,
大全,es,
大公,ru,
大典,es,
大凶,es,
大分,es,
大判,es,
大前提,ru,
大助かり,es,
大助かり,ru,
大募集,es,
大勢,es,
大卒,es,
大卒,ru,
大台,es,
大台,ru,
大司教,es,
大司教,ru,
大吉,es,
大商い,es,
大商い,ru,
大喪,es,
大器,es,
大奥,ru,
大好評,es,
大好評,ru,
大字,es,
大学進学,es,
大学進学,ru,
大学院生,es,
大学院生,ru,
大宇宙,es,
大家,es,
大家族,es,
大尉,es,
大局,es,
大帝,es,
大師,es,
大広間,es,
大店,es,
大引け,es,
大役,es,
大往生,es,
大徳,es,
大徳,ru,
大悟,es,
大成,es,
大所,es,
大所帯,es,
大所帯,ru,
大手企業,es,
大手企業,ru,
大挙,es,
大振り,es,
大政,es,
大敗,es,
大敵,es,
大昔,es,
大時代,es,
大時代,ru,
大本営,es,
大本山,es,
大枝,ru,
大柄,es,
大柄,ru,
大樹,es,
大歓迎,es,
大歓迎,ru,
大河,es,
大注目,es,
大注目,ru,
大洋州,es,
大海,es,
大漁,es,
大潮,es,
大火,es,
大物,es,
大王,es,
大病,es,
大盤振る舞い,es,
大盤振る舞い,ru,
大目,es,
大相撲,es,
大破,es,
大社,es,
大祭,es,
大福,es,
大粒,es,
大系,es,
大綱,es,
大群,es,
大義,es,
大老,es,
大脳皮質,es,
大脳皮質,ru,
大腸,ru,
大腸菌,es,
大腸菌,ru,
大腿,es,
大自然,es,
大船,es,
大荒れ,es,
大著,es,
大蔵,ru,
大衆化,es,
大衆性,es,
大観,es,
大詰め,es,
大車輪,es,
大軍,es,
大輪,es,
大農,es,
大逆,es,
大道具,es,
大部屋,es,
大野,es,
大野,ru,
大量殺人,es,
大量殺人,ru,
大門,es,
大集合,es,
大集合,ru,
大震災,es,
大震災,ru,
大韓民国,ru,
大願,es,
大麻,es,
大黒柱,es,
天,es,
天下一品,es,
天丼,es,
天動説,es,
天台,es,
天台,ru,
天台宗,es,
天守閣,es,
天寿,es,
天幕,es,
天引き,es,
天性,es,
天日,es,
天気図,es,
天満宮,es,
天満宮,ru,
天然ガス,ru,
天然温泉,es,
天然温泉,ru,
天然記念物,es,
天王山,es,
天理,es,
天理教,es,
天皇制,es,
天皇誕生日,es,
天皇誕生日,ru,
天皇陛下,ru,
天神,es,
天空,es,
天窓,es,
天童,es,
天職,es,
天覧,es,
天鵞絨,es,
太っ腹,es,
太り肉,es,
太公望,es,
太刀打ち,es,
太子,es,
太字,es,
太平洋戦争,ru,
太白,es,
太閤,es,
太閤,ru,
太陽電池,ru,
太鼓判,es,
夫君,es,
夫婦,es,
夭折,es,
失する,es,
失墜,es,
失意,es,
失態,es,
失投,es,
失投,ru,
失政,es,
失敗談,es,
失敗談,ru,
失明,es,
失業保険,es,
失業保険,ru,
失火,es,
失点,es,
失点,ru,
失礼しました,es,
失礼しました,ru,
失礼します,ru,
失神,ru,
失笑,es,
失策,es,
失語症,es,
失調,ru,
失速,es,
奇人,es,
奇問,es,
奇怪,es,
奇抜,es,
奇異,es,
奉公,es,
奉納,es,
奉行,es,
奏する,es,
奏功,es,
奏功,ru,
奏楽,es,
奏法,es,
奏者,ru,
奔流,es,
奔走,es,
奥の手,es,
奥の手,ru,
奥まって,es,
奥まって,ru,
奥まる,es,
奥地,es,
奥山,es,
奥方,es,
奨学,es,
奪い合い,es,
奪三振,es,
奪三振,ru,
奪取,es,
奪回,es,
奪回,ru,
奪還,es,
奮い立つ,es,
奮い立つ,ru,
奮う,ru,
奮って,es,
奮戦,es,
奮闘,ru,
女,es,
女,ru,
女の人,ru,
女の子,es,
女の子,ru,
女子,es,
女子,ru,
女子高,ru,
女子高生,ru,
女手,ru,
奴,es,
奴,ru,
好き,es,
好み,es,
好み,ru,
好んで,es,
好例,es,
好天,ru,
好奇,es,
好守,ru,
好感度,es,
好感度,ru,
好戦,es,
好打,es,
好投,ru,
好敵手,es,
好景気,es,
好演,es,
好球,es,
好走,es,
好走,ru,
如し,es,
如何か,es,
如何か,ru,
如何にもならない,es,
如何にもならない,ru,
如来,es,
妃殿下,es,
妊産婦,es,
妙味,es,
妙手,es,
妙技,es,
妙薬,es,
妹,es,
妹,ru,
妻,es,
妻,ru,
妻帯,es,
姉,es,
姉,ru,
始まらない,es,
始まらない,ru,
始動,es,
始末書,es,
始業,es,
始球式,es,
始球式,ru,
始祖,es,
姓,es,
姫君,es,
威張りくさる,ru,
娘婿,es,
娘婿,ru,
婆さん,ru,
婆ちゃん,es,
婆ちゃん,ru,
婚儀,es,
婦女子,es,
婦女暴行,ru,
媒酌,es,
嫁ぎ先,es,
嫁ぎ先,ru,
嫁入り,es,
嫌,ru,
嫌い,es,
嫌い,ru,
嫌がらせ,es,
嫌悪感,es,
嫌悪感,ru,
嫡出,es,
子,es,
子,ru,
子供たち,ru,
子供の頃,es,
子供の頃,ru,
子供心,es,
子供用,es,
子供用,ru,
子宝,es,
子弟,es,
子役,es,
子育て,es,
子育て,ru,
子飼い,es,
孔子,es,
孔雀,es,
字体,es,
字句,es,
字形,es,
字数,es,
字書,es,
字詰め,es,
存亡,es,
存分,ru,
存否,es,
存命,es,
存廃,es,
存知,es,
存知,ru,
存立,es,
孟子,es,
孤高,es,
学び,es,
学事,es,
学会誌,es,
学会誌,ru,
学内,es,
学制,es,
学割,ru,
学務,es,
学区,es,
学卒,es,
学卒,ru,
学問的,ru,
学士院,es,
学外,es,
学徒,es,
学校名,ru,
学校法人,es,
学校法人,ru,
学派,es,
学理,es,
学生,es,
学生,ru,
学生時代,ru,
学用品,es,
学究,es,
学童,es,
学籍,es,
学習指導要領,es,
学習指導要領,ru,
学舎,ru,
学芸,es,
学芸,ru,
学芸会,ru,
学術会議,es,
学術会議,ru,
学課,es,
学閥,es,
学際,ru,
孫,es,
孫子,es,
孫子,ru,
宅急便,es,
宅急便,ru,
宅配,ru,
宅配便,es,
宅配便,ru,
宇宙空間,ru,
宇宙通信,es,
宇宙通信,ru,
宇宙開発事業団,es,
宇宙開発事業団,ru,
宇柳貝,ru,
守り,es,
守勢,es,
守護,es,
安らぎ,ru,
安心,ru,
安置,ru,
完了,es,
完了,ru,
完備,es,
完全試合,es,
完全試合,ru,
完全雇用,es,
完売,ru,
完工,es,
完工,ru,
完投,es,
完投,ru,
完治,ru,
完熟,es,
完熟,ru,
完調,ru,
完走,ru,
宗主国,es,
宗教家,es,
宗派,es,
宗門,es,
官公庁,es,
官公庁,ru,
官吏,es,
官憲,es,
官権,es,
官職,es,
宙,es,
宙乗り,es,
宙吊り,es,
宙吊り,ru,
定か,es,
定休,es,
定休,ru,
定住,es,
定刻,es,
定席,es,
定式,es,
定数,es,
定時,es,
定時制,es,
定期便,es,
定期便,ru,
定期船,es,
定期購読,es,
定期購読,ru,
定期預金,es,
定本,es,
定点,es,
定点,ru,
定率,es,
定番,es,
定番,ru,
定石,es,
定置網,es,
定置網,ru,
定説,es,
定足数,es,
定額,es,
宝冠,es,
宝刀,es,
宝庫,es,
宝飾,es,
宝飾,ru,
実,es,
実に,es,
実り,es,
実体,es,
実働,es,
実働,ru,
実像,ru,
実兄,es,
実入り,es,
実写,es,
実刑,es,
実刑,ru,
実力行使,es,
実務,es,
実勢,es,
実勢,ru,
実印,es,
実地,es,
実妹,es,
実姉,es,
実子,es,
実学,es,
実害,es,
実害,ru,
実弟,es,
実弾,es,
実態調査,es,
実戦,es,
実技,es,
実技,ru,
実権,es,
実測,es,
実物,es,
実物,ru,
実物大,es,
実生活,es,
実用新案,ru,
実益,es,
実直,es,
実相,es,
実社会,es,
実証,es,
実証的,es,
実証的,ru,
実質賃金,es,
実質賃金,ru,
実録,es,
実際は,es,
実際は,ru,
実際的,es,
実需,es,
客,es,
客,ru,
客人,es,
客員,es,
客引き,es,
客演,es,
客用,es,
客用,ru,
客観性,es,
客観性,ru,
客足,es,
室温,es,
室温,ru,
室町,es,
室町,ru,
室長,es,
室長,ru,
宮司,es,
宮家,es,
家,es,
家,ru,
家づくり,es,
家並み,es,
家人,es,
家元,es,
家宅,es,
家庭内,es,
家庭内,ru,
家庭内暴力,es,
家庭内暴力,ru,
家庭医,es,
家庭医,ru,
家庭教師,ru,
家政学,es,
家族制度,ru,
家業,es,
家父,es,
家筋,es,
家紋,es,
家老,es,
家裁,ru,
家計簿,es,
家路,es,
家長,es,
家集,es,
家電,ru,
容易い,ru,
容疑,es,
宿,es,
宿,ru,
宿主,es,
宿営,es,
宿場,es,
宿場,ru,
宿敵,es,
宿直,es,
宿舎,es,
宿願,es,
宿駅,es,
宿駅,ru,
寂,ru,
寂然,es,
寄せ,es,
寄せ付ける,es,
寄せ書き,es,
寄せ木細工,es,
寄り付き,es,
寄り倒し,es,
寄り倒し,ru,
寄り切り,es,
寄り合い,es,
寄り合い所帯,es,
寄り合い所帯,ru,
寄り添う,es,
寄宿舎,es,
寄席,es,
寄港,es,
寄稿,es,
寄託,es,
寄金,ru,
密,es,
密会,es,
密使,es,
密室,es,
密封,es,
密教,es,
密林,es,
密漁,es,
密猟,es,
密生,es,
密着,es,
密航,es,
密葬,es,
密談,es,
密輸入,es,
密輸出,es,
密造,es,
富国強兵,es,
富者,es,
富者,ru,
富裕,es,
富貴,es,
寒,es,
寒々,es,
寒々,ru,
寒中,ru,
寒冷前線,es,
寒冷前線,ru,
寒村,es,
寒椿,es,
寝そべる,es,
寝不足,es,
寝冷え,es,
寝技,es,
寝技,ru,
寝泊まり,es,
寝袋,ru,
寝起き,es,
寝込む,es,
寝食,es,
察し,es,
察知,es,
寡作,es,
寡作,ru,
審問,es,
寮,ru,
寮母,es,
寮生,es,
寮費,es,
寮費,ru,
寸,es,
寸劇,es,
寸断,es,
寸暇,es,
寺,es,
寺,ru,
寺子屋,es,
寺社,es,
対中,es,
対人,es,
対内,es,
対向,es,
対地,ru,
対外,es,
対局,es,
対峙,es,
対戦,es,
対校,es,
対校,ru,
対案,es,
対極,es,
対極,ru,
対流,es,
対照的,ru,
対症療法,es,
対米,es,
対置,es,
対訳,es,
対論,es,
対論,ru,
対面,es,
対面,ru,
寿府,es,
寿府,ru,
封じる,es,
封じ手,es,
封じ手,ru,
封建主義,ru,
封書,es,
封殺,es,
専任,es,
専売特許,es,
専守防衛,es,
専守防衛,ru,
専属,es,
専従,es,
専従者,es,
専心,es,
専有,es,
専業,es,
専横,es,
専科,es,
専門学校,es,
専門的,es,
射幸心,es,
将兵,es,
将官,es,
将来像,es,
将来像,ru,
将来性,es,
将来的,es,
将来的,ru,
将校,es,
将棋倒し,es,
将軍家,es,
尊厳,es,
尊属,es,
尋ね人,es,
尋問,es,
尋常,es,
導き出す,es,
導き出す,ru,
導入部,es,
導入部,ru,
導火線,es,
小,es,
小,ru,
小さい頃,es,
小さい頃,ru,
小さじ,ru,
小ネタ,es,
小ネタ,ru,
小中学生,es,
小中学生,ru,
小事,es,
小人数,es,
小休止,es,
小作,es,
小僧,es,
小児,es,
小党,es,
小兵,es,
小出し,es,
小刀,es,
小分け,es,
小判,es,
小刻み,es,
小口,es,
小品,es,
小唄,es,
小回り,es,
小売価格,es,
小売価格,ru,
小売物価指数,es,
小売物価指数,ru,
小女子,es,
小女子,ru,
小学,es,
小宇宙,es,
小山,es,
小市民,es,
小幅,es,
小康,es,
小心,es,
小手,es,
小手,ru,
小手先,es,
小手投げ,es,
小手投げ,ru,
小文字,ru,
小春,es,
小曲,es,
小枝,es,
小柄,es,
小柄,ru,
小槌,es,
小気味,es,
小気味良い,ru,
小為替,es,
小物,es,
小異,es,
小競り合い,es,
小粋,es,
小粒,es,
小細工,es,
小結,es,
小結,ru,
小脳,es,
小腸,es,
小腸,ru,
小袖,es,
小規模,es,
小言,es,
小話,es,
小論,es,
小論,ru,
小路,es,
小躍り,es,
小選挙区,es,
小金,es,
小鉢,es,
小銃,es,
小隊,es,
小雪,es,
小骨,es,
小魚,es,
少,es,
少なからず,ru,
少佐,es,
少数意見,ru,
少額,es,
尚且つ,es,
尚且つ,ru,
尤も,es,
尤も,ru,
就労,es,
就学,es,
就寝,es,
就役,es,
就航,es,
尺八,es,
尼加拉瓦,ru,
尼羅,ru,
尽力,es,
尾,ru,
尾根,es,
尾翼,es,
局,es,
局員,es,
局留め,es,
局番,ru,
居らっしゃる,es,
居らっしゃる,ru,
居並ぶ,es,
居住者,es,
居候,es,
居合わせる,es,
居士,es,
居座り,es,
居残り,es,
居残る,es,
居留,es,
居留民,es,
居直る,es,
屈強,es,
屈指,es,
屈服,es,
届け出,es,
届け出,ru,
届け出る,es,
屋台骨,es,
屋号,es,
屋形船,es,
屋根裏,es,
展覧,es,
展観,es,
属性,es,
層群,es,
層群,ru,
履き古し,es,
履修,es,
履修,ru,
履行,es,
山,es,
山,ru,
山の手,es,
山上,es,
山並み,es,
山人,es,
山伏,es,
山元,es,
山分け,es,
山吹,es,
山国,es,
山塊,es,
山奥,es,
山姥,es,
山家,es,
山寺,es,
山小屋,es,
山形,es,
山手,es,
山桜,es,
山水,es,
山河,es,
山海,es,
山男,es,
山盛り,es,
山積み,es,
山系,es,
山肌,es,
山肌,ru,
山荘,es,
山路,es,
山車,es,
山道,es,
山里,es,
山野,es,
山鉾,es,
山鉾,ru,
山門,es,
山開き,es,
山陰,es,
山陽,es,
山陽,ru,
山際,es,
山頂,es,
山麓,es,
屹度,ru,
岐路,es,
岩場,es,
岩場,ru,
岩壁,es,
岩壁,ru,
岩盤,ru,
岩肌,es,
岩肌,ru,
岩間,es,
岩間,ru,
峡谷,es,
島,ru,
島々,ru,
島内,es,
島内,ru,
峻別,es,
崇高,es,
崩れ去る,es,
崩れ去る,ru,
崩れ落ちる,es,
崩れ落ちる,ru,
崩落,es,
嵩,es,
川上,es,
川下,es,
川尻,es,
川崎,es,
川幅,es,
川柳,es,
川沿い,es,
川流れ,es,
川瀬,es,
川端,es,
川路,es,
川路,ru,
川辺,es,
川面,es,
川風,es,
川魚,es,
州政府,es,
州政府,ru,
州都,ru,
巡業,es,
巡洋艦,es,
巡演,es,
巡航速度,ru,
巡視,es,
巣立ち,es,
巣立つ,es,
巣箱,es,
工事中,ru,
工作員,es,
工作員,ru,
工具,es,
工務,es,
工員,es,
工房,es,
工賃,es,
工面,es,
左,es,
左上,es,
左上,ru,
左党,es,
左前,es,
左四つ,es,
左四つ,ru,
左官,es,
左岸,es,
左折,es,
左折,ru,
左様なら,ru,
左腕,ru,
左記,es,
左辺,es,
巧者,es,
巨人,es,
巨体,es,
巨利,es,
巨悪,es,
巨悪,ru,
巨星,es,
巨木,es,
巨木,ru,
巨費,es,
巫女,es,
巫山戯る,es,
差し入れ,es,
差し入れる,es,
差し当たり,ru,
差し戻す,es,
差し手,es,
差し手,ru,
差し控える,es,
差し換える,es,
差し替え,es,
差し込み,es,
差し込む,es,
差し迫る,es,
己,es,
巴,es,
巴基斯担,ru,
巴格達,ru,
巴里,ru,
巻,es,
巻き上げる,es,
巻き添え,es,
巻き貝,es,
巻き起こす,es,
巻き返し,es,
巻物,es,
巻紙,es,
巻頭,es,
巽,es,
巽,ru,
市中,es,
市中銀行,es,
市中銀行,ru,
市井,es,
市制,es,
市営,es,
市営地下鉄,es,
市営地下鉄,ru,
市場占有率,es,
市場占有率,ru,
市場調査,ru,
市有,es,
市民権,es,
市民社会,ru,
市町村,es,
市街地,es,
市街地,ru,
市議,es,
市議会,ru,
市道,ru,
布,es,
布,ru,
布哇,es,
布教,es,
布施,es,
布目,es,
布石,es,
布陣,es,
帆船,es,
帆走,es,
希代,es,
希望的,es,
希望的,ru,
希求,es,
希臘,es,
希臘,ru,
希薄,es,
帝,es,
帝政,es,
帝王,es,
帝王切開,es,
帝王切開,ru,
帝都,es,
師事,es,
師匠,es,
師範,es,
師範学校,es,
席巻,es,
席順,es,
帯,es,
帯,ru,
帯封,es,
帯状疱疹,es,
帯状疱疹,ru,
帰す,es,
帰す,ru,
帰任,es,
帰休,es,
帰依,es,
帰港,es,
帰着,es,
帰還,es,
帰郷,es,
帰順,es,
帳消し,es,
帳簿,es,
常,es,
常任,es,
常任委員会,es,
常備,es,
常務,es,
常勝,es,
常勤,es,
常勤,ru,
常夏,es,
常套手段,ru,
常時,es,
常用漢字,ru,
常緑,es,
常習,es,
常識的,es,
常道,es,
常食,es,
常駐,es,
幅,es,
幅,ru,
幕の内,es,
幕下,es,
幕僚,es,
幕内,es,
幕切れ,es,
幕府,es,
幕末,es,
幕開け,es,
幕間,es,
干上がる,es,
干拓,es,
干満,es,
干潟,es,
平価,es,
平原,es,
平和,es,
平和,ru,
平和部隊,es,
平和部隊,ru,
平地,es,
平均点,es,
平均的,ru,
平壌,ru,
平安,es,
平定,es,
平家,es,
平家物語,ru,
平幕,es,
平幕,ru,
平年並み,es,
平年並み,ru,
平成,ru,
平手,es,
平方キロメートル,ru,
平明,es,
平易,es,
平時,es,
平服,es,
平民,es,
平泳ぎ,es,
平準,es,
平然,es,
平生,es,
平素,es,
平行棒,es,
平謝り,es,
平面図,es,
年,ru,
年の暮れ,ru,
年の瀬,es,
年をとる,es,
年をとる,ru,
年中無休,es,
年中行事,es,
年休,es,
年休,ru,
年会,es,
年余,es,
年余,ru,
年内,es,
年刊,es,
年初,es,
年利,es,
年功,es,
年功序列,es,
年功序列,ru,
年取った,es,
年商,es,
年商,ru,
年報,es,
年寄る,es,
年後,ru,
年明け,es,
年明け,ru,
年明ける,es,
年明ける,ru,
年末調整,es,
年末調整,ru,
年来,es,
年率,es,
年率,ru,
年生,es,
年生,ru,
年男,es,
年祭,es,
年老,es,
年老,ru,
年老いる,es,
年老いる,ru,
年表,es,
年限,es,
年齢層,ru,
幹,ru,
幹線,es,
幻惑,es,
幼友達,es,
幼友達,ru,
幼女,es,
幼子,es,
幼少期,es,
幼少期,ru,
幼年,es,
幼年時代,es,
幼年時代,ru,
幼魚,es,
幽閉,es,
幾,ru,
幾重,es,
庁舎,es,
広がり,es,
広まり,es,
広まり,ru,
広域,es,
広州,es,
広東,es,
広範囲,es,
広角,es,
広間,es,
床,es,
床,ru,
床上,es,
序の口,es,
序の口,ru,
序二段,es,
序二段,ru,
序列,es,
序幕,es,
序盤,es,
序章,ru,
序説,es,
底,es,
底値,es,
底入れ,es,
底冷え,es,
底力,es,
底堅い,es,
底引き網,es,
底打ち,es,
底打ち,ru,
底抜け,es,
底流,es,
底辺,es,
底辺,ru,
店,es,
店,ru,
店先,es,
店内,ru,
店名,es,
店名,ru,
店構え,es,
店長,ru,
店頭,es,
府税,es,
府警,ru,
府議会,es,
府議会,ru,
度,es,
度,ru,
度に,ru,
度外視,es,
度数,es,
度重なる,es,
度量,es,
座,es,
座り,es,
座り込み,es,
座り込む,es,
座右,es,
座員,es,
座標軸,es,
座視,es,
座頭,es,
庭先,es,
庭木,es,
庶務,ru,
庶民的,es,
庶民的,ru,
廃刊,es,
廃品,es,
廃園,es,
廃坑,es,
廃屋,es,
廃材,es,
廃校,es,
廃案,es,
廃棄,es,
廃棄物,es,
廃油,es,
廃油,ru,
廃液,es,
廃液,ru,
廃物,es,
廃船,es,
廃車,es,
廃車,ru,
廉売,es,
廉潔,es,
建つ,ru,
建て,es,
建て,ru,
建て売り,es,
建値,es,
建具,es,
建学,es,
建学,ru,
建立,es,
建築士,es,
建築士,ru,
建築物,es,
建設省,es,
建議,es,
弁士,es,
弁天,es,
弁理士,es,
弁舌,es,
弁護人,es,
弊社,es,
式典,es,
式次第,es,
式辞,es,
式部,es,
弓,es,
弓,ru,
弔い合戦,es,
弔問,es,
弔意,es,
弔辞,es,
弔電,es,
引きこもり,ru,
引き取り,ru,
引き当てる,ru,
引き時,es,
引き時,ru,
引き締め,ru,
引き落とし,ru,
弛み,es,
弛み,ru,
弟,ru,
弥勒,es,
弥撒,es,
弥撒,ru,
弥生,es,
弱き者,es,
弱き者,ru,
弱まり,es,
弱まり,ru,
弱り果てる,es,
弱体,es,
弱冠,es,
弱含み,es,
弱含み,ru,
弱小,es,
弱火,es,
弱火,ru,
弱者,es,
弱腰,es,
弱視,es,
弱震,es,
張り,es,
張り上げる,es,
張り出し,es,
張り合い,es,
張り合う,es,
張り巡らす,es,
張り替える,es,
張り詰める,es,
張り込み,es,
張り込む,es,
強,es,
強い,es,
強がり,es,
強制的,es,
強力,es,
強含み,es,
強圧,es,
強壮,es,
強奪,es,
強打,es,
強権,es,
強火,es,
強火,ru,
強肩,es,
強肩,ru,
強行採決,es,
強行採決,ru,
強行軍,es,
強襲,es,
強請る,es,
強迫観念,es,
強震,es,
弾,es,
弾き語り,es,
弾く,es,
弾み,es,
弾痕,es,
弾頭,ru,
当たり役,es,
当たり役,ru,
当て込む,es,
当の,es,
当世,es,
当主,es,
当事,es,
当事,ru,
当代,es,
当否,es,
当地,es,
当夜,es,
当座,es,
当座預金,es,
当方,es,
当期,es,
当直,es,
当確,es,
当確,ru,
当社,es,
当落,es,
当該,es,
当面,es,
形,es,
形,ru,
形容,es,
形容動詞,ru,
形成外科,ru,
形象,es,
形質,es,
形骸,es,
彩り,es,
彩色,es,
彫り上げる,es,
彫像,es,
彫塑,es,
彫金,es,
影の内閣,es,
影の内閣,ru,
役に立たない,es,
役に立たない,ru,
役名,es,
役員,es,
役回り,es,
役所,es,
役柄,es,
役立たず,es,
役立たず,ru,
役立てる,es,
役職,ru,
往々,es,
待たす,es,
待たす,ru,
待たせる,es,
待ち,es,
待ち,ru,
待ちぼうけ,es,
待ちわびる,es,
待ち合わせ,ru,
待ち合わせ場所,es,
待ち合わせ場所,ru,
待ち構える,ru,
待合,es,
待命,es,
待避線,es,
律令,es,
律儀,es,
後から,es,
後の祭り,ru,
後ろめたい,ru,
後ろ姿,es,
後ろ手,es,
後ろ手,ru,
後ろ指,es,
後ろ盾,es,
後ろ髪,es,
後世,es,
後代,es,
後列,es,
後半戦,es,
後半生,es,
後味,es,
後天性,es,
後手,es,
後押し,es,
後日,es,
後段,es,
後生大事,es,
後発,es,
後発,ru,
後編,es,
後記,es,
後輪,es,
後輪,ru,
後追い,ru,
後進,es,
後進国,es,
後遺症,ru,
徒,es,
徒労,es,
徒弟,es,
従前,es,
従者,es,
得々,es,
得々,ru,
得失,es,
得度,es,
得意先,es,
得撒,ru,
得点,es,
得票,es,
得策,es,
御,ru,
御三家,es,
御三家,ru,
御中,es,
御利益,es,
御幸,es,
御幸,ru,
御所,es,
御曹司,ru,
御殿,es,
御用,es,
御用達,es,
御用邸,es,
御目出度う,es,
御者,es,
御霊,es,
御飯,es,
御飯,ru,
御飾り,es,
復交,es,
復元,es,
復党,es,
復刊,es,
復刊,ru,
復刻,es,
復刻,ru,
復刻版,es,
復刻版,ru,
復古,es,
復員,es,
復学,es,
復学,ru,
復権,es,
復水器,es,
復活祭,es,
復職,es,
復調,es,
復調,ru,
復配,es,
循環器,ru,
微力,es,
微動,es,
微妙,ru,
微弱,es,
微熱,es,
微粒子,es,
微細,es,
微震,es,
徳利,es,
徳義,es,
徳行,es,
徴用,es,
徴税,es,
徴集,es,
心,es,
心から,es,
心を込めて,ru,
心不全,ru,
心中,es,
心労,es,
心変わり,es,
心底,es,
心性,es,
心憎い,es,
心房,es,
心拍,es,
心拍,ru,
心拍数,es,
心拍数,ru,
心根,es,
心構え,es,
心理的,es,
心神喪失,es,
心神耗弱,es,
心神耗弱,ru,
心筋梗塞,ru,
心苦しい,es,
心血,es,
心象,es,
心身症,es,
心身症,ru,
心配り,ru,
心電図,es,
心頭,es,
必修,ru,
必携,es,
必死になって,es,
必殺,ru,
必然性,es,
必然的,ru,
必着,ru,
必至,es,
必要性,ru,
必要条件,es,
必要条件,ru,
必見,es,
必見,ru,
必需,ru,
必須条件,es,
必須条件,ru,
忌まわしい,ru,
忌避,es,
忍び,es,
忍び寄る,es,
忖度,es,
志,es,
志,ru,
忘れ去る,es,
忘れ去る,ru,
忙殺,es,
応分,es,
応戦,es,
応札,ru,
忠孝,es,
忠実,es,
忠犬,es,
忠犬,ru,
忠臣,es,
忠魂,es,
快作,es,
快作,ru,
快勝,es,
快打,es,
快打,ru,
快投,es,
快投,ru,
快挙,es,
快方,es,
快活,es,
快眠,es,
快諾,es,
快走,es,
快音,es,
快音,ru,
念じる,es,
念のため,ru,
念仏,es,
怒らせる,es,
怒号,es,
怒声,es,
怒気,es,
怒涛,es,
怒涛,ru,
怒鳴り込む,es,
思いっきり,ru,
思いとどまる,ru,
思いやる,es,
思い余る,es,
思い出話,es,
思い思い,es,
思い描く,es,
思い描く,ru,
思い浮かべる,es,
思い知らせる,es,
思い知らせる,ru,
思い起こす,es,
思い込み,es,
思い込み,ru,
思慕,es,
思潮,es,
怠り,es,
急ぎ,es,
急ぎ足,es,
急カーブ,es,
急カーブ,ru,
急ピッチ,es,
急ピッチ,ru,
急伸,es,
急伸,ru,
急先鋒,es,
急先鋒,ru,
急患,es,
急成長,ru,
急流,es,
急転直下,es,
急追,es,
急造,es,
急進,es,
急降下,es,
性,es,
性,ru,
性向,es,
性感帯,ru,
性根,es,
怨念,es,
怨念,ru,
怪,es,
怪人,es,
怪人,ru,
怪文書,es,
恋心,es,
恋歌,es,
恐るべき,es,
恒星,es,
恒産,es,
恣意,es,
恨む,es,
恩典,es,
恩師,es,
恩賜,es,
恫喝,es,
息,es,
息巻く,es,
息抜き,es,
息詰まる,es,
恵まれる,ru,
恵比寿,es,
悔い,ru,
悔し泣き,es,
悔し泣き,ru,
悔し涙,es,
悔やみ,es,
悠々自適,ru,
悠久,es,
悠長,es,
患う,ru,
患部,es,
悪戯,ru,
悪法,ru,
悪知恵,ru,
悲劇的,es,
悲哀,es,
悲喜,es,
悲喜劇,es,
悲嘆,es,
悲報,es,
悲恋,es,
悲愴,es,
悲願,es,
情事,es,
情報処理,es,
情報処理,ru,
情報化社会,ru,
情報学,ru,
情報産業,es,
情報産業,ru,
情実,es,
情念,es,
情愛,es,
情感,es,
情操,es,
情景,es,
情状,es,
情状酌量,es,
情状酌量,ru,
情緒障害,es,
情緒障害,ru,
惚ける,es,
惚ける,ru,
惜しみ無く,es,
惜しみ無く,ru,
惜敗,es,
惣社,es,
惣社,ru,
惣菜,es,
惨劇,es,
惨敗,es,
惨禍,es,
惰性,es,
想,es,
想像力,es,
想起,es,
意味づける,ru,
意味不明,ru,
意味合い,ru,
意図的,ru,
意思決定,ru,
意思疎通,ru,
意気盛ん,ru,
意識的,ru,
意識調査,ru,
愚行,es,
愛,es,
愛,ru,
愛す,es,
愛す,ru,
愛唱,ru,
愛社,ru,
愛車,ru,
愛鳥,ru,
感じ入る,es,
感光,es,
感受,es,
感情論,es,
感慨無量,ru,
感染症,ru,
感極まる,es,
感極まる,ru,
感覚器,es,
感覚器,ru,
感覚的,es,
慈眼,es,
態,es,
慢心,es,
慢性的,ru,
慣れっこ,es,
慣れ親しむ,es,
慣れ親しむ,ru,
慣用,es,
慰霊,ru,
慶事,es,
慶弔,es,
慶祝,es,
憂い,es,
憂さ,es,
憂慮,es,
憤り,es,
憤る,es,
憤死,es,
憤激,es,
憧れの的,ru,
憧憬,es,
憩い,ru,
憲兵,es,
憲法裁判所,es,
憲法裁判所,ru,
憶測,es,
懇切,es,
懇話,es,
懇請,es,
懇願,es,
懐かしむ,es,
懐中時計,es,
懐中時計,ru,
懐中電灯,es,
懐刀,es,
懐古,es,
懐石料理,es,
懐石料理,ru,
懲戒,es,
懲罰,es,
懲罰委員会,es,
懸命,es,
懸垂,es,
懺悔,es,
成り立ち,es,
成人病,es,
成人病,ru,
成仏,es,
成吉思汗,ru,
成否,es,
成婚,es,
成形,es,
成形,ru,
成文,es,
成文,ru,
成約,es,
成約,ru,
成育,ru,
成金,es,
成長株,es,
成長株,ru,
成魚,es,
成鳥,es,
成鳥,ru,
我ながら,es,
我ら,es,
我流,es,
我輩,es,
戒名,es,
戦中,ru,
戦中派,es,
戦乱,es,
戦争犯罪人,ru,
戦傷,es,
戦力,es,
戦友,es,
戦史,es,
戦域,es,
戦局,es,
戦慄,es,
戦果,es,
戦歴,es,
戦没,es,
戦況,es,
戦禍,es,
戦端,es,
戦績,es,
戦費,es,
戦跡,es,
戴冠式,es,
戸,es,
戸別訪問,es,
戸外,es,
戸惑い,es,
戸惑う,ru,
戸数,es,
戸板,es,
戸籍謄本,es,
戻し,es,
戻り,es,
所,ru,
所作,es,
所信,es,
所収,es,
所収,ru,
所在地,es,
所感,es,
所有権,es,
所有者,es,
所期,es,
所業,es,
所為,es,
所産,es,
所用,es,
所番地,es,
所番地,ru,
所蔵,es,
所要,es,
所見,es,
所論,es,
所論,ru,
所謂,es,
扇動,es,
扇形,es,
扇風機,ru,
手ごわい,es,
手っ取り早い,es,
手に入る,ru,
手の内,es,
手の甲,es,
手中,es,
手仕事,es,
手代,es,
手先,es,
手加減,es,
手厳しい,es,
手取り,es,
手口,es,
手土産,es,
手堅い,es,
手塩,es,
手始め,es,
手広い,es,
手広く,es,
手広く,ru,
手弁当,es,
手引書,ru,
手形割引,es,
手形割引,ru,
手打ち,es,
手投げ弾,es,
手抜き,es,
手押し,es,
手押し,ru,
手拍子,es,
手招き,es,
手持ち,es,
手控え,es,
手控える,es,
手描き,es,
手描き,ru,
手提げ,es,
手放し,es,
手放す,es,
手数料,es,
手料理,es,
手書き,es,
手書き,ru,
手渡し,es,
手渡す,es,
手渡す,ru,
手狭,es,
手玉,es,
手痛い,es,
手直し,es,
手相,es,
手立て,es,
手練手管,es,
手織り,es,
手習い,es,
手荷物,es,
手薄,es,
手触り,es,
手記,es,
手詰まり,es,
手違い,es,
手間取る,es,
才,es,
才,ru,
才人,es,
才気,es,
才覚,es,
打,es,
打ちのめす,es,
打ちひしがれる,es,
打ちひしがれる,ru,
打ちまくる,ru,
打ち上げ,es,
打ち上げ花火,es,
打ち上げ花火,ru,
打ち出す,es,
打ち切り,es,
打ち合い,es,
打ち合い,ru,
打ち掛け,es,
打ち立てる,es,
打ち解ける,es,
打ち込み,es,
打ち込み,ru,
打つ手,ru,
打倒,es,
打力,es,
打力,ru,
打席,es,
打席,ru,
打数,es,
打数,ru,
打点,es,
打点,ru,
打率,es,
打率,ru,
打球,es,
打球,ru,
打破,es,
打算,es,
打線,es,
打線,ru,
打者,es,
打者,ru,
打診,es,
打電,es,
打順,es,
打順,ru,
払い下げ,es,
払い下げる,es,
払い戻し,es,
払拭,es,
払拭,ru,
托鉢,es,
扱い方,es,
扶桑,es,
批判的,es,
承服,es,
技官,es,
技巧,es,
技監,es,
技術力,es,
技術力,ru,
技術的,es,
技術者,es,
抄本,es,
抄録,es,
抑,es,
抑え,es,
抑える,ru,
抑留,es,
投げ,es,
投げかける,es,
投げつける,es,
投げ入れ,es,
投げ入れる,es,
投げ売り,es,
投げ技,es,
投げ技,ru,
投げ捨てる,es,
投げ込む,es,
投下,es,
投与,es,
投与,ru,
投了,es,
投了,ru,
投信,es,
投信,ru,
投函,es,
投手,es,
投手,ru,
投手戦,es,
投手戦,ru,
投棄,es,
投獄,es,
投球,es,
投石,es,
投票所,es,
投票箱,es,
投網,ru,
投融資,es,
投融資,ru,
投資信託,es,
抗体,ru,
抗弁,es,
抗菌,es,
抗菌,ru,
折から,ru,
折に触れて,es,
折に触れて,ru,
折り曲げる,es,
折り込み,es,
折り込み,ru,
折り返し点,es,
折り返し点,ru,
折り返し運転,es,
折り重なる,es,
折半,es,
抜き,es,
抜き出す,es,
抜き去る,es,
抜き去る,ru,
抜き取る,es,
抜き打ち,es,
抜け出る,es,
抜け毛,es,
抜け穴,es,
抜け穴,ru,
抜け落ちる,es,
抜け落ちる,ru,
抜け道,es,
抜擢,es,
披露,es,
披露宴,ru,
抱え,es,
抱え込む,es,
抱き上げる,es,
抱き合う,es,
抱き込む,es,
抱く,es,
抱く,ru,
抱っこ,ru,
抱負,es,
抵当,es,
抵当権,es,
抹殺,es,
抹茶,es,
押さえ込む,ru,
押し,es,
押しかける,es,
押しかけ女房,es,
押しつぶす,es,
押し上げる,es,
押し下げる,es,
押し倒し,es,
押し倒し,ru,
押し入り,es,
押し入る,es,
押し切り,es,
押し合い,es,
押し戻す,es,
押し目買い,es,
押し立てる,es,
押し花,es,
押し込み,es,
押し通す,es,
押し黙る,es,
押印,es,
押捺,ru,
抽象化,es,
抽象化,ru,
抽象論,es,
担い手,es,
担ぎ,es,
担ぎ出す,es,
拉致問題,es,
拉致問題,ru,
拍子抜け,es,
拍車,es,
拒絶反応,ru,
拒食症,es,
拒食症,ru,
拓本,es,
拓殖,es,
拓殖,ru,
拘る,es,
拘束時間,es,
拘禁,es,
拘置,es,
拘置所,es,
拙劣,es,
拙守,es,
拙守,ru,
拙速,es,
招集,ru,
拝殿,es,
拝礼,es,
拝観,es,
拝金,es,
拝金,ru,
拠出,es,
拠点,es,
拡大均衡,es,
拡大均衡,ru,
拡張子,es,
拡張子,ru,
拮抗,es,
拳法,ru,
拾い上げる,es,
拾い物,es,
持ち上がる,es,
持ち出し,es,
持ち出す,es,
持ち分,es,
持ち前,es,
持ち去る,es,
持ち合い,es,
持ち合わせ,es,
持ち味,es,
持ち回り,es,
持ち回り閣議,es,
持ち場,es,
持ち家,es,
持ち寄る,es,
持ち帰り,es,
持ち帰り,ru,
持ち帰る,es,
持ち帰る,ru,
持ち株,es,
持ち腐れ,es,
持ち越す,es,
持ち込み,es,
持ち逃げ,es,
持久,es,
持続的,es,
持論,es,
指し手,es,
指し示す,es,
指先,es,
指南,es,
指向,es,
指圧,ru,
指導主事,es,
指導主事,ru,
指導要領,es,
指導要領,ru,
指折り,es,
指揮棒,es,
指標,es,
挙げる,ru,
挙党,es,
挙党,ru,
挙動,es,
挙式,es,
挙手,es,
挙行,es,
挟み撃ち,es,
挟み撃ち,ru,
挟殺,es,
挟殺,ru,
挫傷,es,
振り,es,
振りかざす,es,
振り上げる,es,
振り付け,es,
振り出す,es,
振り分け,es,
振り分ける,es,
振り切る,es,
振り回す,es,
振り絞る,es,
振り落とす,es,
振り込む,es,
振る,es,
振幅,es,
振込,ru,
挺身隊,es,
挿す,es,
挿す,ru,
捏造,es,
捕り手,es,
捕り物,es,
捕る,ru,
捕手,es,
捕手,ru,
捕物帳,es,
捕球,es,
捕球,ru,
捕逸,es,
捕逸,ru,
捜査官,ru,
捜索隊,es,
捨て子,es,
捨て石,es,
捨て身,es,
捩る,es,
捩れる,es,
据え付け,es,
捲る,ru,
掃射,es,
掃海,es,
掃討,es,
授受,es,
授業中,ru,
授業参観,es,
授業参観,ru,
授業料,es,
授産,es,
授賞式,ru,
掌中,es,
掌握,es,
排便,es,
排出,es,
排卵,ru,
排卵誘発剤,es,
排卵誘発剤,ru,
排外,es,
排気ガス,ru,
排水溝,es,
排水量,es,
排泄,es,
排煙,es,
排煙,ru,
掘り下げる,es,
掘り出し物,es,
掘り出す,es,
掘り当てる,es,
掘り起こす,es,
掘り返す,es,
掛かり,es,
掛け,es,
掛け値,es,
掛け合い,es,
掛け合う,es,
掛け声,es,
掛け持ち,es,
掛け捨て,es,
掛け軸,es,
掛け金,es,
採る,ru,
採否,es,
採石,es,
採録,es,
探し回る,es,
探し求める,es,
探し求める,ru,
探し物,es,
探り,es,
探査,es,
探検隊,es,
探知,es,
探知機,es,
探索,es,
探訪,es,
探鉱,es,
接ぎ木,es,
接ぐ,es,
接収,es,
接地,es,
接客,es,
接岸,es,
接戦,es,
接点,es,
接着,es,
控え,es,
推し量る,es,
推力,es,
推奨環境,es,
推奨環境,ru,
推察,es,
推計,es,
推論,es,
掲揚,es,
提供者,es,
提供者,ru,
提唱,es,
提督,es,
提言,es,
提訴,es,
揚げ,es,
揚力,es,
換金,es,
握らす,ru,
握力,ru,
揮毫,es,
揮発,es,
揮発油,es,
援助交際,ru,
揺,es,
揺,ru,
揺さぶり,es,
揺さぶり,ru,
揺らぎ,es,
揺らぎ,ru,
揺らす,es,
揺ら揺ら,es,
揺ら揺ら,ru,
揺る,es,
揺るぐ,es,
揺るぐ,ru,
損じ,es,
損じる,es,
損害保険,ru,
損害賠償,es,
損金,es,
搬入,es,
搬出,es,
搬送,es,
搭載,es,
携帯ストラップ,es,
携帯ストラップ,ru,
摂取,es,
摂理,es,
摘み,es,
摘み取る,es,
摘出,es,
摩る,ru,
摩洛哥,ru,
摩耗,es,
撃ち合い,ru,
撃つ,ru,
撃破,es,
撃退,es,
撒く,ru,
撚糸,es,
撤兵,es,
撤去,es,
撤廃,es,
撤退,es,
撮る,ru,
擁立,es,
操,es,
操り人形,es,
操業,es,
操車,es,
擦り傷,es,
擦る,es,
擦れる,es,
支庁,es,
支店長,ru,
支所,es,
支払い方法,es,
支払い方法,ru,
支払い済み,es,
支払い済み,ru,
支署,es,
支署,ru,
支部,es,
支配的,es,
支配的,ru,
改ざん,es,
改まった,es,
改変,es,
改廃,es,
改心,es,
改憲,es,
改憲,ru,
改題,es,
攻め,ru,
攻め立てる,es,
攻め込む,es,
攻守,es,
攻略,es,
攻防,es,
放し飼い,es,
放る,es,
放る,ru,
放免,es,
放列,es,
放心,es,
放映,es,
放映,ru,
放水,es,
放流,es,
放浪,es,
放漫,es,
放牧,es,
放蕩,es,
放言,es,
放課後,ru,
放送劇,es,
放逐,es,
放電,es,
政,es,
政争,es,
政令,es,
政党政治,ru,
政務次官,es,
政商,es,
政変,es,
政情,es,
政治力,es,
政治犯,es,
政治犯,ru,
政治結社,es,
政治結社,ru,
政略,es,
政経,ru,
政見,es,
政談,es,
故,es,
故,ru,
故に,es,
敏速,es,
救われる,es,
救われる,ru,
救世,es,
救世軍,es,
救出,es,
救命,es,
救国,es,
救急,es,
救急医療,es,
救急医療,ru,
救済,es,
救済,ru,
救護,es,
救難,es,
敗れる,ru,
敗因,es,
敗残,es,
敗者,es,
敗血症,es,
敗訴,es,
敗走,es,
敗退,es,
教え込む,es,
教則本,es,
教務,es,
教化,es,
教区,es,
教学,es,
教官,es,
教示,es,
教義,es,
教職員,es,
教育委員会,es,
教護院,es,
教頭,es,
散乱,es,
散在,es,
散文,es,
散文詩,es,
散発,es,
散策,es,
散見,es,
散逸,es,
散骨,es,
散骨,ru,
敬愛,es,
敬服,es,
敬礼,es,
数ヶ月,ru,
数人,es,
数個,es,
数億年,es,
数億年,ru,
数分,es,
数分,ru,
数千,es,
数回,es,
数多く,ru,
数奇,es,
数寄,es,
数少ない,es,
数年前,es,
数年前,ru,
数式,es,
数時間,ru,
数次,es,
数珠,es,
数理,es,
数百,es,
整った,es,
整体,es,
整体,ru,
整合,es,
整地,es,
整形,es,
整理部,es,
整髪,es,
敵わない,ru,
敵前,es,
敵地,es,
敵失,es,
敵失,ru,
敵性,es,
敵機,es,
敵視,es,
敵討ち,es,
敵陣,es,
敷き詰める,es,
敷石,es,
敷設,es,
敷金,ru,
文,es,
文,ru,
文人,es,
文例,es,
文典,es,
文化人,es,
文化勲章,es,
文化勲章,ru,
文化庁,es,
文化庁,ru,
文化映画,es,
文化映画,ru,
文化遺産,ru,
文博,es,
文句なし,es,
文士,es,
文字盤,es,
文学的,es,
文官,es,
文明開化,es,
文明開化,ru,
文楽,es,
文武,es,
文物,es,
文理,es,
文相,es,
文筆,es,
文系,ru,
文豪,es,
文部,ru,
文部科学省,es,
文部科学省,ru,
斉唱,es,
斎場,es,
斑,es,
料,ru,
料亭,es,
斜体,es,
斜体,ru,
斜陽,es,
斜陽,ru,
斬る,ru,
斬新,es,
断,es,
断ち切る,es,
断らず,ru,
断り,es,
断トツ,es,
断トツ,ru,
断交,es,
断固,es,
断層,es,
断崖,es,
断末魔,es,
断熱,ru,
断片的,es,
断続,es,
断罪,es,
断行,es,
断食,es,
断髪,es,
新世界,es,
新任,es,
新体,es,
新体,ru,
新党,es,
新入,es,
新劇,es,
新卒,es,
新卒,ru,
新参,es,
新味,es,
新品,es,
新商品,es,
新商品,ru,
新地,es,
新型コロナウイルス感染症,es,
新型コロナウイルス感染症,ru,
新幹線,ru,
新式,es,
新成人,es,
新成人,ru,
新手,es,
新政,es,
新旧,es,
新星,es,
新春,es,
新曲,es,
新書,es,
新月,es,
新株,es,
新概念,es,
新概念,ru,
新橋,es,
新橋,ru,
新機軸,es,
新法,es,
新派,es,
新生活,es,
新田,es,
新発売,es,
新着,es,
新築マンション,es,
新築マンション,ru,
新緑,es,
新羅,es,
新羅,ru,
新聞記事,es,
新聞記事,ru,
新茶,es,
新著,es,
新装,es,
新製品,ru,
新西蘭,es,
新設,es,
新語,es,
新説,es,
新譜,es,
新車,ru,
新道,es,
新酒,es,
新鋭,es,
新開,es,
新雪,es,
新顔,es,
新風,es,
新館,es,
方,es,
方がいい,es,
方がいい,ru,
方丈,es,
方便,es,
方向音痴,es,
方向音痴,ru,
施主,es,
施工,es,
施政,es,
施策,es,
施行,es,
施行,ru,
施錠,es,
施錠,ru,
旅,es,
旅,ru,
旅情,es,
旅程,es,
旅立ち,es,
旅芸人,es,
旅行会社,es,
旅行券,es,
旅路,es,
旋回,es,
旋盤,es,
旋風,es,
族,ru,
族長,es,
旗印,es,
旗手,es,
旗揚げ,es,
旗本,es,
旗頭,es,
既に,ru,
既往,es,
既往症,es,
既得権,es,
既成事実,es,
既成事実,ru,
既成概念,es,
既成概念,ru,
既製品,es,
既製服,ru,
日,es,
日,ru,
日に日に,ru,
日中,es,
日参,es,
日向,es,
日増しに,ru,
日射,es,
日射病,es,
日常生活,ru,
日常茶飯事,es,
日干し,es,
日曜版,es,
日曜版,ru,
日替わり,ru,
日月,es,
日本一,es,
日本中,ru,
日本企業,es,
日本企業,ru,
日本全国,es,
日本全国,ru,
日本初,es,
日本初,ru,
日本史,ru,
日本学術会議,es,
日本学術会議,ru,
日本式,ru,
日本政府,ru,
日本画,es,
日本社会,ru,
日本経済,ru,
日本脳炎,es,
日本脳炎,ru,
日本銀行,ru,
日焼け止め,es,
日焼け止め,ru,
日産,es,
日用,es,
日章旗,es,
日経,ru,
日耳曼,es,
日耳曼,ru,
日計,es,
日銀券,es,
日銭,ru,
日録,es,
日雇い,es,
旧交,es,
旧作,es,
旧制,es,
旧名,es,
旧型,es,
旧姓,es,
旧家,es,
旧態,es,
旧来,es,
旧正月,es,
旧正月,ru,
旧派,es,
旧版,es,
旧盆,es,
旧石器時代,es,
旧約,es,
旧跡,es,
旧都,es,
旨,es,
早,ru,
早まって,es,
早まって,ru,
早出,es,
早咲き,es,
早場米,es,
早変わり,es,
早婚,es,
早寝,ru,
早引け,es,
早慶戦,es,
早晩,es,
早期治療,ru,
早業,es,
早瀬,es,
早瀬,ru,
早産,es,
早稲,es,
早苗,es,
早計,es,
早足,es,
早道,es,
旬,es,
旬報,es,
旺盛,ru,
昆布,es,
昇格,es,
昇級,es,
昇華,es,
昇降,es,
明けましておめでとうございます,ru,
明け暮れ,es,
明け渡す,es,
明快,es,
明文,es,
明文化,ru,
明星,es,
明晰,es,
明白,es,
明示,es,
明細,ru,
明解,es,
明解,ru,
明言,es,
明言,ru,
昔のまま,es,
昔のまま,ru,
昔風,es,
星,es,
星,ru,
星団,es,
星条旗,es,
映える,es,
映える,ru,
映し出す,ru,
映す,ru,
映倫,es,
映倫,ru,
春めく,es,
春一番,es,
春一番,ru,
春休み,es,
春休み,ru,
春先,es,
春場所,es,
春秋,es,
春闘,es,
春陽,es,
春雨,es,
昨,ru,
昨冬,es,
昨年度,es,
昨年度,ru,
昨年来,ru,
昨春,es,
昨秋,es,
是か非か,es,
是か非か,ru,
是が非でも,es,
是が非でも,ru,
是非とも,ru,
是非是非,ru,
昼ご飯,ru,
昼食,es,
昼食,ru,
時,ru,
時々刻々,es,
時として,es,
時として,ru,
時には,ru,
時は金なり,ru,
時世,es,
時代劇,es,
時代劇,ru,
時代感覚,es,
時代感覚,ru,
時代物,es,
時価,es,
時勢,es,
時半,es,
時半,ru,
時季,es,
時宜,es,
時日,es,
時流,es,
時点,ru,
時空,es,
時節,es,
時節柄,es,
時計回り,es,
時評,es,
時間切れ,es,
時間切れ,ru,
時間帯,es,
時間給,es,
時限,es,
晩夏,es,
晩婚,es,
晩御飯,ru,
晩春,es,
晩期,es,
晩期,ru,
晩秋,es,
晩酌,es,
晩香波,ru,
普段,ru,
普賢,es,
普通預金,es,
普通預金,ru,
景勝,es,
景品,es,
景況,es,
晴れやかな笑顔,es,
晴れやかな笑顔,ru,
晴れ姿,es,
晴れ着,es,
晴れ間,es,
暁,es,
暁星,es,
暇がない,es,
暇がない,ru,
暑中見舞,ru,
暖冬,es,
暖地,es,
暖流,es,
暦年,es,
暮らし向き,es,
暴れん坊,ru,
暴利,es,
暴力団,es,
暴君,es,
暴挙,es,
暴漢,es,
暴発,es,
暴虐,es,
暴言,es,
暴論,es,
暴走,ru,
暴食,es,
暴飲,es,
曇り空,es,
曇り空,ru,
曲がり,es,
曲がりくねる,es,
曲げ,es,
曲折,es,
曲目,es,
曲芸,es,
曲面,es,
更年期障害,es,
更年期障害,ru,
更改,es,
更迭,es,
書き上げる,es,
書き下ろす,es,
書き入れ,es,
書き入れる,es,
書き写す,es,
書き出し,es,
書き出す,es,
書き手,es,
書き添える,es,
書き直し,es,
書き込み,es,
書き込む,es,
書写,es,
書写,ru,
書家,es,
書林,es,
書棚,es,
書法,es,
書状,es,
書画,es,
書簡,es,
書記局,es,
書誌,es,
書誌学,es,
書院,es,
書面,es,
書類送検,es,
書類送検,ru,
曼荼羅,es,
曼谷,ru,
替え歌,es,
最たるもの,es,
最たるもの,ru,
最下,es,
最中,es,
最優遇,es,
最優遇,ru,
最前列,es,
最前列,ru,
最右翼,es,
最多,es,
最多,ru,
最大公約数,es,
最寄り,es,
最年少,ru,
最後の舞台,es,
最後の舞台,ru,
最後列,es,
最後列,ru,
最後尾,es,
最後尾,ru,
最恵国,es,
最新ニュース,es,
最新ニュース,ru,
最新情報,es,
最新情報,ru,
最新研究,es,
最新研究,ru,
最新鋭,es,
最新鋭,ru,
最盛期,es,
最短,es,
最速,ru,
最重点,ru,
最長,es,
最高峰,es,
最高検,es,
最高潮,es,
最高級,es,
月,ru,
月の兎,es,
月の兎,ru,
月内,es,
月内,ru,
月報,es,
月形,es,
月払い,es,
月日,es,
月桂冠,es,
月桂冠,ru,
月間,es,
有,es,
有って無い,es,
有って無い,ru,
有りそう,es,
有り触れた,es,
有人,es,
有人,ru,
有償,es,
有力者,es,
有史,es,
有形,es,
有志,es,
有感地震,es,
有機化合物,ru,
有機的,es,
有機肥料,es,
有機肥料,ru,
有為,es,
有税,es,
有終,es,
有給,es,
有職,es,
有限会社,es,
有難うございました,es,
有難うございました,ru,
服,es,
服,ru,
服する,es,
服務,es,
服喪,es,
服地,es,
服薬,es,
朗詠,es,
望外,es,
望遠,es,
望遠,ru,
望郷,es,
朝ごはん,ru,
朝一番,es,
朝一番,ru,
朝令暮改,es,
朝夕,es,
朝市,es,
朝帰り,ru,
朝方,es,
朝日,es,
朝日,ru,
朝見,es,
朝貢,es,
朝駆け,es,
朝駆け,ru,
朝鮮半島,ru,
朝鮮民主主義人民共和国,es,
朝鮮民主主義人民共和国,ru,
期,es,
期す,es,
期す,ru,
期待感,es,
期待感,ru,
期成同盟,es,
期成同盟,ru,
期間限定,es,
期間限定,ru,
木,ru,
木々,es,
木の芽,es,
木乃伊,es,
木地,es,
木場,es,
木彫,es,
木彫,ru,
木戸,es,
木片,es,
木版,es,
木目,es,
木管,es,
木綿,es,
木製,es,
木部,ru,
木馬,es,
未,es,
未,ru,
未だしも,es,
未だ未だ,ru,
未了,es,
未収,es,
未完,es,
未完成,es,
未払い,es,
未決,es,
未熟児,ru,
未発,es,
未発表,es,
未経験,es,
未解決,es,
未踏峰,es,
未踏峰,ru,
未開拓,es,
未開発,es,
末,es,
末,ru,
末に,ru,
末寺,es,
末尾,es,
末弟,es,
末弟,ru,
末期,es,
末期的,ru,
末梢,es,
末永く,es,
末裔,es,
末路,es,
本の,es,
本の,ru,
本丸,es,
本予算,es,
本件,es,
本会議,es,
本位,es,
本元,es,
本分,es,
本則,es,
本則,ru,
本因坊,es,
本因坊,ru,
本堂,es,
本場所,es,
本塁,es,
本塁打,es,
本塁打,ru,
本家,es,
本尊,es,
本山,es,
本島,es,
本庁,es,
本庁,ru,
本建築,es,
本意,es,
本拠,es,
本数,es,
本数,ru,
本旨,es,
本書,es,
本望,es,
本朝,es,
本木,es,
本末転倒,ru,
本校,es,
本格化,es,
本格化,ru,
本業,es,
本欄,es,
本欄,ru,
本殿,es,
本決まり,es,
本流,es,
本省,es,
本科,es,
本立て,es,
本筋,es,
本籍,es,
本紙,es,
本給,es,
本義,es,
本職,es,
本舗,es,
本舞台,es,
本船,es,
本草,es,
本葬,es,
本訴,es,
本誌,es,
本読み,es,
本調子,es,
本道,es,
本邦,es,
本院,es,
本院,ru,
本陣,es,
本隊,es,
本領,es,
本題,es,
本願,es,
札,es,
札,ru,
札幌,es,
札束,es,
杉林,es,
杉林,ru,
杏林,ru,
材質,es,
村会,es,
村八分,es,
村役場,es,
村有,es,
村立,es,
村落,es,
村議会,es,
村議会,ru,
杖,es,
杖,ru,
束,es,
束ね,es,
条件付き,es,
条件反射,es,
条件闘争,es,
条件闘争,ru,
来世,es,
来援,es,
来日,es,
来日,ru,
来春,es,
来歴,es,
来航,es,
来訪,es,
来賓,es,
来迎,es,
杯,ru,
東,es,
東,ru,
東亜,es,
東京証券取引所,ru,
東側,es,
東北東,es,
東北東,ru,
東南東,es,
東南東,ru,
東口,ru,
東国,es,
東国,ru,
東奔西走,es,
東海,es,
東海,ru,
東経,es,
東進,es,
東邦,es,
東都,es,
東風,es,
松竹梅,es,
松風,es,
板の間,es,
板ガラス,es,
板張り,es,
板紙,es,
板門店,ru,
枕絵,es,
枕絵,ru,
枕詞,es,
林政,es,
林業試験場,es,
林業試験場,ru,
林産,es,
林立,es,
林道,es,
林野庁,es,
林野庁,ru,
林間,es,
林間学校,es,
林間学校,ru,
枚数,es,
果ては,es,
果ては,ru,
果樹園,es,
果肉,es,
枝,ru,
枠内,es,
枠外,es,
枠外,ru,
枠組み,es,
枢機卿,es,
枢機卿,ru,
枢軸,es,
枯れ草,es,
枯れ草,ru,
枯死,es,
枯渇,es,
架,es,
架,ru,
架橋,es,
架線,es,
柄,es,
柊,es,
柏木,ru,
某,es,
柑橘類,es,
染まり具合,es,
染まり具合,ru,
染みる,es,
染め,es,
染料,es,
染織,es,
柔和,es,
柔軟体操,es,
柚子,es,
柳,es,
柳刃包丁,es,
柳刃包丁,ru,
柴犬,es,
柴犬,ru,
柵,es,
柵,ru,
査定,es,
栄え,es,
栄え,ru,
栄誉礼,es,
栄誉礼,ru,
栄養分,ru,
栄養素,ru,
校友,es,
校章,es,
校訓,es,
校閲,es,
株,es,
株,ru,
株価,es,
株券,es,
株屋,es,
株式会社,es,
株式市場,es,
核の傘,es,
核分裂,es,
核家族,ru,
核弾頭,ru,
核爆発,es,
核酸,ru,
根ざす,es,
根っから,es,
根付く,es,
根城,es,
根幹,es,
根拠地,es,
根本,es,
根本,ru,
根本的,es,
根治,es,
根負け,es,
格,es,
格,ru,
格上げ,es,
格下げ,es,
格付け,es,
格好いい,ru,
格安航空券,es,
格安航空券,ru,
格段,es,
格納,es,
格納庫,es,
格調,es,
格調,ru,
案の定,ru,
桑原,es,
桑田,es,
桑畑,es,
桟敷,es,
梅園,es,
梅林,es,
梅花,es,
梅雨前線,es,
梅雨前線,ru,
梓,es,
棋界,es,
棋界,ru,
棋聖,es,
棋譜,es,
棋院,es,
棋風,es,
棋風,ru,
棒引き,es,
棒引き,ru,
棒状,es,
棒立ち,es,
棒読み,es,
棒高跳び,es,
棚上げ,es,
棟,es,
棟,ru,
棟梁,es,
椀,es,
植え付け,es,
植林,es,
植栽,ru,
植樹,es,
椎茸,es,
椎間板,es,
椎間板,ru,
検事局,es,
検事局,ru,
検事正,es,
検体,es,
検体,ru,
検便,es,
検便,ru,
検分,es,
検問,es,
検察庁,es,
検挙,es,
検疫所,es,
検索条件,ru,
検針,es,
業,es,
業師,es,
業師,ru,
業界紙,es,
業界紙,ru,
業種,es,
極み,es,
極め付き,es,
極上,es,
極力,es,
極北,es,
極寒,es,
極度,es,
極彩色,es,
極意,es,
極点,es,
極細,es,
極細,ru,
極致,es,
極論,es,
極道,es,
楼閣,es,
楽,es,
楽しげ,es,
楽劇,es,
楽壇,es,
楽天,es,
楽天,ru,
楽屋,es,
楽隊,es,
概して,es,
概況,es,
概算,es,
構いません,es,
構いません,ru,
構造物,ru,
様,es,
様に,es,
様にする,es,
様にする,ru,
様になる,es,
様になる,ru,
様変わり,ru,
様子を見る,es,
様子を見る,ru,
標榜,es,
標準的,es,
標準的,ru,
標章,es,
模写,es,
模擬,es,
模様替え,es,
模範的,es,
模試,es,
模造,es,
権利金,es,
権化,es,
権益,es,
横たえる,es,
横ばい,es,
横丁,es,
横付け,es,
横倒し,es,
横向き,es,
横手,es,
横断幕,es,
横断幕,ru,
横暴,es,
横波,es,
横流し,es,
横滑り,es,
横目,es,
横穴,es,
横組み,es,
横組み,ru,
横行,es,
横車,es,
横軸,es,
横領,es,
樹上,es,
樹氷,es,
樹海,es,
樹脂加工,es,
樹脂加工,ru,
橋,ru,
橋脚,es,
機上,es,
機先,es,
機動隊,ru,
機器,es,
機密,es,
機密保護,es,
機密保護,ru,
機密費,es,
機影,es,
機微,es,
機材,es,
機械化,es,
機種,es,
機織り,es,
機転,es,
機軸,es,
機関紙,es,
機首,es,
欄,es,
欄外,es,
欄干,es,
欠,es,
欠員,es,
欠場,es,
欠場,ru,
欠損,es,
欠航,es,
欠落,es,
欠落,ru,
次,es,
次いで,es,
次のように,es,
次のように,ru,
次代,es,
次代,ru,
次善,es,
次官,es,
次席,es,
次期,es,
次週,ru,
次長,es,
欧文,es,
欧風,es,
欲張る,es,
歌い上げる,ru,
歌会,es,
歌会始,es,
歌会始,ru,
歌唱,ru,
歌壇,es,
歌姫,ru,
歌心,es,
歌曲,es,
歌留多,ru,
歌舞,es,
歌謡,es,
歓呼,es,
歓喜,es,
歓声,es,
歓楽街,es,
歓送,es,
止す,es,
止す,ru,
止まり,es,
止まる,es,
止まる,ru,
止めどなく,ru,
止血,es,
正,es,
正,ru,
正す,ru,
正則,es,
正史,es,
正室,es,
正常化,es,
正式名称,ru,
正当防衛,es,
正当防衛,ru,
正念場,es,
正念場,ru,
正攻法,es,
正教,es,
正木,es,
正殿,es,
正気,es,
正答,ru,
正視,es,
正論,es,
正道,es,
此処等,es,
武人,es,
武功,es,
武勇,es,
武官,es,
武家,es,
武将,es,
武者修行,es,
武者修行,ru,
武術,es,
歩み寄り,es,
歩兵,es,
歩幅,es,
歩数,es,
歩留まり,es,
歩行,es,
歩行者天国,ru,
歪む,es,
歯,es,
歯,ru,
歯ごたえ,es,
歯並び,es,
歯並び,ru,
歯向かう,ru,
歯垢,ru,
歯形,es,
歯痛,es,
歯科医師,ru,
歯科衛生士,es,
歯科衛生士,ru,
歳入,es,
歳出,es,
歳時記,es,
歳時記,ru,
歳暮,es,
歳費,es,
歴,es,
歴任,es,
歴戦,es,
歴程,es,
歴訪,es,
死に体,es,
死に体,ru,
死に物狂い,es,
死の灰,es,
死の灰,ru,
死亡者,es,
死傷,es,
死別,es,
死力,es,
死後,es,
死滅,es,
死球,es,
死球,ru,
死生,es,
死産,es,
死票,es,
死票,ru,
死線,es,
死闘,es,
死骸,es,
殉職,es,
殊勝,es,
残った分,es,
残った分,ru,
残余,es,
残像,es,
残党,es,
残務,es,
残塁,es,
残塁,ru,
残存,es,
残滓,es,
残照,es,
残留,es,
残虐,es,
残雪,es,
残額,es,
残飯,es,
殖産,es,
殴り合い,es,
殴り込み,es,
段位,es,
段位,ru,
段違い,es,
殺し屋,ru,
殺し文句,es,
殺人事件,ru,
殺傷,es,
殺意,es,
殺気立つ,es,
殺生,es,
殺虫,es,
殺虫,ru,
殺陣,es,
殺陣,ru,
殺風景,es,
殻,es,
殻,ru,
殿,es,
殿,ru,
殿下,es,
殿堂,es,
毀損,es,
母,es,
母,ru,
母の日,ru,
母体,es,
母屋,es,
母性愛,es,
母性愛,ru,
母港,es,
母胎,ru,
母船,es,
毎,ru,
毎に,es,
毎分,es,
毎分,ru,
毎日のように,es,
毎日のように,ru,
毎時,es,
毎秒,es,
毎秒,ru,
毒ガス,ru,
毒性,es,
毒殺,es,
毒素,es,
毒舌,es,
比する,es,
比べ,ru,
比例配分,ru,
比叡山,es,
比較的,ru,
比類,es,
毛並み,es,
毛穴,es,
毛筆,es,
毛細血管,ru,
毛頭,es,
毛髪,es,
氏子,es,
民主党,ru,
民俗芸能,es,
民俗芸能,ru,
民具,es,
民具,ru,
民営化,es,
民団,es,
民団,ru,
民家,es,
民宿,ru,
民心,es,
民族自決,es,
民権,es,
民生,es,
民生委員,es,
民生委員,ru,
民社党,es,
民社党,ru,
民話,ru,
民間放送,es,
民需,es,
気,es,
気,ru,
気がつく,ru,
気さく,es,
気づかれ,es,
気づき,es,
気づく,ru,
気のせい,ru,
気の向くままに,es,
気の向くままに,ru,
気付,es,
気付,ru,
気分転換,es,
気勢,es,
気味,es,
気味,ru,
気安い,ru,
気弱,ru,
気持ち悪い,ru,
気晴らし,es,
気概,es,
気泡,es,
気色ばむ,es,
気苦労,es,
気触れ,es,
気触れ,ru,
気象予報士,ru,
気象庁,ru,
気負い,es,
気負い,ru,
気道,es,
気道,ru,
気遣う,es,
気遣う,ru,
気鋭,es,
水,es,
水かさ,es,
水上,es,
水仙,es,
水俣病,ru,
水先案内,es,
水入り,es,
水入り,ru,
水冷,es,
水切り,es,
水利,es,
水割り,es,
水加減,es,
水口,es,
水商売,es,
水圧,es,
水域,es,
水墨画,es,
水底,es,
水彩画,es,
水性,es,
水性,ru,
水揚げ,es,
水曜,ru,
水死,es,
水没,es,
水没,ru,
水泡,es,
水流,es,
水浸し,es,
水源地,es,
水溶液,es,
水滸伝,es,
水滸伝,ru,
水玉,es,
水瓶,es,
水生,es,
水生植物,es,
水生植物,ru,
水産庁,es,
水産庁,ru,
水稲,es,
水耕,es,
水脈,es,
水路,es,
水辺,es,
水遊び,es,
水道水,ru,
水郷,es,
水酸化ナトリウム,es,
水酸化ナトリウム,ru,
水量,es,
水際,es,
水難,es,
水頭症,es,
水頭症,ru,
水飲み,es,
水鳥,es,
氷,es,
氷,ru,
氷室,es,
氷点下,es,
氷点下,ru,
氷解,es,
永久,es,
汁気,es,
汁気,ru,
求刑,es,
求愛,es,
求職,es,
求道,es,
汎用,es,
汗,es,
汗,ru,
汗だく,es,
汗ばむ,es,
汗水,es,
汚れ,es,
汚れる,es,
汚れ役,es,
汚れ役,ru,
汚泥,es,
汚物,es,
江上,es,
江上,ru,
江戸っ子,es,
江戸前,es,
江戸時代,es,
江戸時代,ru,
決,es,
決する,es,
決まって,ru,
決まり手,es,
決まり手,ru,
決まり文句,es,
決め,es,
決め手,es,
決め球,es,
決め球,ru,
決別,es,
決勝トーナメント,es,
決勝トーナメント,ru,
決勝点,es,
決壊,es,
決定版,es,
決定的,es,
決死,es,
決済,es,
決済方法,es,
決済方法,ru,
決然,es,
決行,es,
決裁,es,
決裂,es,
決起,es,
沈下,es,
沈滞,es,
沈痛,es,
沈着,es,
沈菜,es,
沈菜,ru,
沈降,es,
沈黙,es,
沈黙,ru,
沖合,es,
沖縄,ru,
沙汰,es,
没,es,
没,ru,
没年,es,
没後,es,
沢,es,
沢地,es,
沢山,es,
沢山,ru,
沢庵,es,
沢辺,es,
河,es,
河,ru,
河川敷,ru,
河童,es,
沸き起こる,es,
沸き返る,es,
油井,es,
油彩,ru,
油性,es,
油脂,es,
治り,es,
治外法権,es,
治安,es,
治山,es,
治水,es,
治療法,es,
治験,ru,
沼沢,es,
沼田,es,
沿い,es,
沿い,ru,
泉水,es,
泊,ru,
泊まり,es,
泊まり込み,es,
法,es,
法主,es,
法事,es,
法会,es,
法制局,es,
法制局,ru,
法務委員会,es,
法外,es,
法定,es,
法師,es,
法度,es,
法律事務所,es,
法文,es,
法理,es,
法華経,es,
法被,es,
法要,es,
法話,es,
波,es,
波,ru,
波乱万丈,ru,
波及,es,
波打ち際,es,
波打つ,es,
波止場,es,
波浪,es,
波状,es,
波紋,es,
波間,es,
波頭,es,
波風,es,
泣かされる,es,
泣かされる,ru,
泣かす,es,
泣かせる,es,
泣きじゃくる,es,
泣き叫ぶ,es,
泣き寝入り,es,
泣き崩れる,es,
泣き所,es,
泣き所,ru,
泥々,es,
泥々,ru,
泥仕合,es,
泥水,es,
注ぎ込む,es,
注ぎ込む,ru,
注す,ru,
注入,es,
注意報,es,
注意報,ru,
注文,es,
注文,ru,
注視,es,
注釈,es,
泰,ru,
泰然,es,
洋上,es,
洋品,es,
洋学,es,
洋弓,es,
洋弓,ru,
洋杯,es,
洋杯,ru,
洋紙,es,
洋菓子,es,
洋行,es,
洋袴,ru,
洋装,es,
洋館,es,
洒落,es,
洒落,ru,
洗い上げる,es,
洗い直す,ru,
洗足,es,
洗車,es,
洗車,ru,
洗顔,es,
洗顔,ru,
活写,es,
活写,ru,
活劇,es,
活動家,es,
活弁,es,
活性炭,es,
活性炭,ru,
活版,es,
活路,es,
活魚,es,
活魚,ru,
派兵,es,
流,es,
流,ru,
流し台,es,
流し台,ru,
流し打ち,es,
流し打ち,ru,
流し網,es,
流し込む,es,
流れ作業,es,
流れ出す,es,
流れ出る,es,
流れ弾,es,
流れ込む,es,
流会,es,
流体,es,
流儀,es,
流入,es,
流出,es,
流動的,es,
流動食,es,
流失,es,
流布,es,
流星,es,
流木,es,
流水,es,
流氷,es,
流用,es,
流砂,es,
流転,es,
流量,es,
流量,ru,
流麗,es,
浄化槽,es,
浄化槽,ru,
浄土宗,es,
浄土真宗,es,
浄土真宗,ru,
浄瑠璃,es,
浄財,es,
浅ましい,es,
浅瀬,es,
浅見,es,
浅黒い,es,
浪曲,es,
浪花節,es,
浮かばれない,es,
浮かばれない,ru,
浮き出る,es,
浮き彫り,es,
浮き沈み,es,
浮き浮き,ru,
浮き立つ,ru,
浮上,es,
浮動,es,
浮動株,es,
浮動票,es,
浮揚,es,
浮標,es,
浮沈,es,
浮腫,es,
浮遊,es,
浴場,es,
浴客,es,
浴後,es,
浴用,es,
海上保安庁,es,
海上保安庁,ru,
海上自衛隊,es,
海上自衛隊,ru,
海事,es,
海兵隊,es,
海外出張,ru,
海外旅行,es,
海外旅行,ru,
海外経済協力基金,es,
海外経済協力基金,ru,
海山,es,
海山,ru,
海岸線,es,
海水浴場,es,
海洋気象台,es,
海洋気象台,ru,
海港,es,
海溝,es,
海草,es,
海賊版,es,
海賊版,ru,
浸し物,es,
消え入る,es,
消え去る,ru,
消し去る,es,
消し去る,ru,
消し止める,es,
消息筋,es,
消極,es,
消耗品,es,
消臭剤,es,
消臭剤,ru,
消長,es,
消防庁,es,
消防車,ru,
消音,es,
消音,ru,
涙ぐましい,es,
涙ぐむ,es,
液体酸素,ru,
液状化,ru,
液肥,ru,
涼風,es,
淋巴,es,
淑やか,ru,
淑徳,es,
淘汰,es,
淡水魚,es,
淡紅色,es,
深入り,es,
深刻化,es,
深呼吸,es,
深層,es,
深層,ru,
深山,es,
深海,es,
深淵,es,
深追い,es,
深遠,es,
深部,es,
深部,ru,
深長,es,
混じる,es,
混ぜ合わす,es,
混ぜ合わす,ru,
混ぜ物,es,
混み合う,es,
混信,es,
混入,es,
混凝土,ru,
混在,ru,
混声,es,
混成,es,
混紡,es,
混血児,es,
混迷,ru,
添え物,es,
添乗,es,
添乗,ru,
添加物,es,
清廉,es,
清明,es,
清朝,es,
清朝,ru,
清楚,es,
清流,es,
清涼,ru,
清涼飲料水,es,
清涼飲料水,ru,
清澄,es,
清貧,es,
清酒,es,
清風,es,
渇望,es,
渇水,es,
済ませる,ru,
済まない,es,
済み,es,
渉外,es,
渋々,es,
渋り腹,es,
渋り腹,ru,
渋柿,es,
渋谷,es,
渋面,es,
減り,es,
減俸,es,
減反,es,
減収,es,
減員,es,
減圧,es,
減圧,ru,
減塩,es,
減塩,ru,
減殺,es,
減益,es,
減益,ru,
減衰,es,
減退,es,
減配,es,
減量,es,
減額,es,
減食,es,
渡し船,es,
渡り合う,es,
渡り廊下,es,
渡仏,es,
渡仏,ru,
渡欧,es,
渡米,es,
渡航,es,
渦中,es,
渦巻く,es,
温い,es,
温める,ru,
温存,ru,
温床,es,
温情,es,
温泉郷,es,
温泉郷,ru,
温熱,es,
温熱,ru,
測地,es,
測定器,es,
測定器,ru,
港,es,
港,ru,
港湾局,es,
港湾局,ru,
湖岸,es,
湖底,es,
湖畔,es,
湧出,es,
湧水,es,
湧水,ru,
湯,es,
湯,ru,
湯水,es,
湯沸かし器,es,
湯沸かし器,ru,
湯治,es,
湾岸,es,
湾岸,ru,
湾曲,es,
湿原,ru,
湿気る,es,
湿気る,ru,
満ち足りる,es,
満ち足りる,ru,
満了,es,
満俺,ru,
満員電車,es,
満員電車,ru,
満喫,es,
満場一致,ru,
満塁,es,
満塁,ru,
満天,es,
満席,es,
満席,ru,
満年齢,ru,
満悦,es,
満期,es,
満杯,es,
満杯,ru,
満腹,es,
満足感,es,
満身,es,
満載,es,
満開,es,
源,ru,
源平,es,
源氏,es,
源氏,ru,
源流,es,
準,ru,
準ずる,es,
準備金,es,
準拠,es,
準用,es,
溝,es,
溝,ru,
溶け合う,es,
溶剤,es,
溶剤,ru,
溶融,es,
溶鉱炉,es,
滅私,es,
滅私,ru,
滑り,es,
滑り出す,es,
滑り止め,es,
滑り落ちる,es,
滑り込む,es,
滑り降りる,es,
滑り降りる,ru,
滑る,es,
滑落,es,
滑落,ru,
滑走,es,
滝口,es,
滝川,es,
滞り,es,
滞在中,es,
滞在中,ru,
滞留,es,
滞空,es,
漁具,es,
漁労,es,
漁場,es,
漁夫の利,es,
漁夫の利,ru,
漁期,es,
漁港,es,
漂流,es,
漂白,es,
漂白剤,es,
漂着,es,
漆塗り,es,
漏出,es,
漏洩,es,
演技力,es,
演技力,ru,
演歌,ru,
演者,ru,
演舞,ru,
漕艇,es,
漢人,es,
漢和,ru,
漢籍,es,
漫談,es,
漸と,es,
漸と,ru,
漸次,es,
漸減,es,
漸進,es,
潜り,es,
潜り込む,es,
潜伏,es,
潜航,es,
潜行,es,
潤む,es,
潤沢,es,
潤色,es,
潮干狩り,es,
潮時,es,
澄み切った,es,
澄み切った,ru,
激務,es,
激変,es,
激戦,es,
激昂,es,
激流,es,
激減,es,
激烈,es,
激甚,es,
激突,es,
激論,es,
激賞,es,
激闘,es,
激震,es,
濁り,es,
濁流,es,
濃密,es,
濃淡,es,
濃霧,es,
濫造,es,
瀕死,es,
瀬戸,es,
瀬踏み,es,
火,es,
火,ru,
火の手,es,
火の気,es,
火の粉,es,
火の車,es,
火事場,es,
火元,es,
火勢,es,
火口,es,
火柱,es,
火消し,es,
火砕流,es,
火砕流,ru,
火砲,es,
火種,es,
火縄銃,es,
火縄銃,ru,
火遊び,es,
灯,es,
灯,ru,
灯火,es,
灯火管制,es,
炉心,ru,
炊き出し,es,
炊き込み,es,
炊き込み,ru,
炊き込む,es,
炊き込む,ru,
炊飯器,ru,
炎,es,
炎,ru,
炒める,ru,
炒飯,es,
炒飯,ru,
炭水化物,ru,
炭火,es,
炭焼き,es,
炭田,es,
炸裂,es,
点,es,
点,ru,
点々,ru,
点取り,es,
点呼,es,
点在,es,
点差,es,
点差,ru,
点景,es,
点滅,ru,
点灯,es,
点訳,es,
点訳,ru,
為,ru,
為さい,es,
為さい,ru,
為に,ru,
為る,ru,
為れる,ru,
為替管理,ru,
為替銀行,ru,
烏克蘭,ru,
無,es,
無,ru,
無くす,ru,
無くなる,ru,
無一文,es,
無事故,es,
無二,es,
無作法,es,
無作為,es,
無作為,ru,
無修正,es,
無修正,ru,
無傷,es,
無党派層,es,
無党派層,ru,
無冠,es,
無利子,es,
無力感,es,
無勢,es,
無医村,es,
無印,es,
無印,ru,
無口,es,
無口,ru,
無国籍,es,
無国籍,ru,
無報酬,es,
無声,es,
無実の罪,es,
無実の罪,ru,
無尽蔵,es,
無届け,es,
無常,es,
無形文化財,es,
無形文化財,ru,
無得点,es,
無性に,ru,
無我,es,
無我夢中,es,
無批判,es,
無投票,es,
無抵抗,es,
無援,es,
無機,es,
無機質,es,
無機質,ru,
無死,es,
無死,ru,
無洗米,es,
無洗米,ru,
無為,es,
無理やり,ru,
無理心中,es,
無礼,es,
無礼,ru,
無私,es,
無税,es,
無競争,es,
無策,es,
無粋,es,
無精,es,
無線操縦,es,
無線電話,es,
無線ＬＡＮ,es,
無線ＬＡＮ,ru,
無菌,es,
無血,es,
無計画,es,
無試験,es,
無資格,es,
無辺,es,
無過失責任,es,
無過失責任,ru,
無配,es,
無配,ru,
無重力,ru,
無重量,ru,
無頼,es,
無骨,es,
焦げ付き,es,
焦げ付き,ru,
焦り,ru,
焦土,es,
焦燥,es,
焦眉,es,
然う,es,
然う,ru,
然うした,es,
然うした,ru,
然うしたら,es,
然うしたら,ru,
然うして,ru,
然うすれば,es,
然うすれば,ru,
然しながら,ru,
然らば,es,
焼き上げる,es,
焼き上げる,ru,
焼き打ち,es,
焼き物,es,
焼き畑,es,
焼き畑,ru,
焼き魚,es,
焼け出される,es,
焼け出される,ru,
焼け残る,es,
焼け石,es,
焼け落ちる,es,
焼け跡,es,
焼け野原,es,
焼却,es,
焼失,es,
焼死,es,
焼身,es,
焼身,ru,
焼身自殺,es,
焼身自殺,ru,
焼香,es,
煎茶,es,
煙草,ru,
照らし合わせる,es,
照り,es,
照り返し,es,
照れる,ru,
照れ屋,ru,
照葉樹林,es,
照葉樹林,ru,
煩い,es,
煩悩,es,
煮え切らない,es,
煮やす,es,
煮やす,ru,
煮干,es,
煮汁,es,
煮物,es,
煮立つ,es,
煮詰まる,es,
煮込み,es,
熟,es,
熟し,es,
熟し,ru,
熟す,ru,
熟慮,es,
熟成,es,
熟成,ru,
熟知,es,
熟読,es,
熱,es,
熱,ru,
熱々,es,
熱中,ru,
熱唱,es,
熱唱,ru,
熱射病,es,
熱帯低気圧,ru,
熱帯夜,ru,
熱延,es,
熱延,ru,
熱情,es,
熱戦,es,
熱望,es,
熱波,es,
熱源,es,
熱演,es,
熱狂,es,
熱病,es,
熱線,es,
熱血,es,
熱闘,es,
熱闘,ru,
熱風,es,
燃え上がる,es,
燃え尽きる,es,
燃え尽きる,ru,
燃え広がる,es,
燃え広がる,ru,
燃え移る,es,
燃費,ru,
燐光,es,
燐寸,es,
燐寸,ru,
爆心,es,
爆死,es,
爆笑,es,
爆音,es,
爆風,es,
父の日,ru,
父祖,es,
爽快,es,
片っ端から,es,
片や,es,
片や,ru,
片付け,ru,
片手間,es,
片時,es,
片田舎,es,
片腕,es,
片親,es,
片言,es,
片足,es,
片隅,es,
片面,es,
版元,es,
版木,es,
版本,es,
牙城,es,
牙買加,ru,
牛丼,es,
牛丼,ru,
牛歩,es,
牛耳る,es,
牛舎,es,
牛馬,es,
牡鹿,es,
牢獄,es,
牧歌的,es,
牧歌的,ru,
牧舎,es,
牧舎,ru,
牧野,es,
物,es,
物,ru,
物件,es,
物価指数,es,
物価指数,ru,
物別れ,es,
物品,es,
物売り,es,
物忘れ,es,
物性,es,
物欲,es,
物流,es,
物流,ru,
物理的,es,
物的,es,
物種,es,
物納,es,
物色,es,
物見,es,
物言い,es,
物証,es,
物販,es,
物販,ru,
物量,es,
特例,es,
特価,es,
特別価格,es,
特別価格,ru,
特別区,es,
特別配当金,es,
特別配当金,ru,
特効薬,es,
特化,ru,
特大,es,
特性,es,
特恵関税,es,
特恵関税,ru,
特捜,ru,
特撮,ru,
特攻隊,es,
特殊撮影,ru,
特殊法人,es,
特殊法人,ru,
特段,ru,
特注,es,
特注,ru,
特等,es,
特約,es,
特級,es,
特装,es,
特装,ru,
特製,es,
特訓,ru,
特設,es,
特許権,es,
特賞,es,
特賞,ru,
特進,es,
特選,es,
特長,es,
特需,es,
特高,es,
犠打,es,
犠打,ru,
犠飛,es,
犠飛,ru,
犬猿の仲,ru,
状,es,
状況報告,ru,
狂わす,ru,
狂信,es,
狂奔,es,
狂詩曲,es,
狂詩曲,ru,
狂騒,es,
狙い撃ち,es,
狙撃,es,
狙撃兵,es,
狩場,es,
独,ru,
独力,es,
独占的,es,
独唱,es,
独善,es,
独壇場,es,
独奏,es,
独居,es,
独演,es,
独白,es,
独禁法,es,
独禁法,ru,
独立採算制,es,
独裁政治,es,
独裁政治,ru,
独裁的,es,
独語,es,
独走,es,
狭き門,es,
狭き門,ru,
狭心症,es,
狭義,es,
猛威,es,
猛打,es,
猛攻,es,
猛毒,es,
猛爆,es,
猛獣,es,
猛省,es,
猛追,es,
猛追,ru,
猜疑,es,
猟銃,es,
猪口,es,
猫,es,
猫,ru,
献体,es,
献体,ru,
献花,ru,
献血,ru,
献身,es,
猿,es,
獄中,es,
獅子女,ru,
獅子舞,es,
獣,es,
率,ru,
玉砕,es,
玉突き,es,
玉虫色,es,
玉露,es,
王侯,es,
王冠,es,
王制,es,
王制,ru,
王女,ru,
王将,es,
王政,es,
王政復古,ru,
王様,ru,
王権,es,
王道,es,
玖馬,ru,
珍事,es,
珍味,ru,
珍品,es,
珍妙,es,
珍紛漢紛,ru,
珍重,es,
珠算,es,
班員,es,
班員,ru,
班長,es,
現下,es,
現世,es,
現代,es,
現代,ru,
現代版,es,
現代版,ru,
現代的,ru,
現代社会,ru,
現出,es,
現場監督,es,
現存,es,
現有,es,
現業,es,
現段階,es,
現物,es,
現職,es,
球体,es,
球威,es,
球威,ru,
球審,es,
球形,es,
球状,es,
球菌,es,
球速,es,
球速,ru,
理化学,es,
理学,es,
理学療法士,es,
理学療法士,ru,
理学部,ru,
理容,es,
理工,ru,
理工学部,es,
理工学部,ru,
理想主義,es,
理想郷,es,
理数,es,
理数,ru,
理系,ru,
理詰め,es,
理路,es,
理非,es,
琉球,ru,
琢磨,es,
琴,es,
琵琶湖,es,
瑞宝章,es,
瑞宝章,ru,
瑞西,ru,
瑠璃,es,
瑣末,es,
環境保護,es,
環境問題,es,
環境庁,es,
環境庁,ru,
環境衛生,es,
環境衛生,ru,
環太平洋,es,
環太平洋,ru,
環濠,es,
環濠,ru,
環礁,es,
瓦,ru,
瓦解,es,
瓶,es,
瓶,ru,
甘え,ru,
甘えん坊,ru,
甘味料,es,
甘言,es,
甘酢,ru,
甚句,es,
生,es,
生,ru,
生い茂る,es,
生え抜き,es,
生き,es,
生き,ru,
生き別れ,es,
生き延びる,es,
生き生き,ru,
生まれ育つ,es,
生まれ育つ,ru,
生みの親,ru,
生ゴミ,es,
生ゴミ,ru,
生ビール,es,
生中継,ru,
生乳,es,
生乳,ru,
生協,es,
生協,ru,
生卵,es,
生命保険,ru,
生命力,es,
生命力,ru,
生命線,es,
生地,es,
生存競争,es,
生後,es,
生息,es,
生態系,ru,
生成,es,
生易しい,es,
生来,es,
生業,es,
生水,es,
生活苦,es,
生活難,es,
生涯教育,es,
生涯教育,ru,
生物,es,
生理的,es,
生産,es,
生産,ru,
生産性,es,
生産者,es,
生産財,es,
生番組,es,
生番組,ru,
生石灰,es,
生糸,es,
生者,es,
生薬,es,
生身,es,
生身,ru,
生還,es,
生鮮食料品,es,
生鮮食料品,ru,
産休,ru,
産婦人科,ru,
産廃,ru,
産業スパイ,ru,
産業機械,ru,
産業界,ru,
産業革命,ru,
産油国,ru,
産量,ru,
用務員,ru,
用地,es,
用材,es,
用水,es,
用立てる,es,
用船,es,
用金,es,
田園都市,es,
田楽,es,
田舎,es,
田舎者,es,
甲,es,
甲,ru,
甲乙,es,
甲冑,es,
甲子園,es,
甲子園,ru,
甲種,es,
甲羅,es,
甲骨文,es,
甲骨文,ru,
甲高い,es,
申し入れる,ru,
申し出,ru,
申し分,es,
申し分ない,es,
申し分ない,ru,
申し分のない,es,
申し合わせ,es,
申し合わせる,es,
申し子,es,
申し立てる,es,
申し訳ありません,es,
申し訳ありません,ru,
申し訳ない,ru,
申告書,es,
申込書,es,
男,es,
男,ru,
男たち,es,
男たち,ru,
男っぽい,ru,
男の人,ru,
男児,es,
男手,es,
男泣き,es,
男爵,es,
男装,es,
町制,es,
町奉行,es,
町家,es,
町工場,es,
町工場,ru,
町議会,ru,
画一,es,
画伯,es,
画商,es,
画壇,es,
画数,ru,
画材,es,
画材,ru,
画業,es,
画業,ru,
画法,es,
画題,es,
画風,es,
畑作,es,
畑地,es,
畑違い,es,
留め,es,
留め置き,es,
留め金,es,
留任,es,
留保,es,
留年,es,
留年,ru,
留置,es,
留置場,es,
畝り,es,
畝り,ru,
畝る,es,
畝る,ru,
略,es,
略,ru,
略す,ru,
略取,es,
略式,es,
略歴,es,
番人,es,
番付,es,
番外,es,
番手,es,
番瀝青,es,
番瀝青,ru,
番狂わせ,es,
番目,es,
番目,ru,
番頭,es,
畳,es,
畳,ru,
畳敷き,es,
畳敷き,ru,
畿内,es,
疎通,es,
疎開,es,
疑,ru,
疑似,es,
疑似,ru,
疑問点,es,
疑心,es,
疑念,es,
疑獄,es,
疲れ,es,
疲れ,ru,
疲れ果て,es,
疲れ果て,ru,
疲れ果てる,es,
疲弊,es,
疾駆,es,
病原,es,
病原菌,es,
病因,es,
病変,es,
病変,ru,
病害,es,
病害,ru,
病巣,es,
病弊,es,
病後,es,
病患,es,
病態,es,
病態,ru,
病根,es,
病歴,es,
病気,es,
病気,ru,
病理,ru,
病苦,es,
病虫害,es,
病虫害,ru,
病身,es,
病魔,es,
症,ru,
症例,ru,
症候群,ru,
痛々しい,es,
痛み分け,es,
痛み分け,ru,
痛快,es,
痛恨,es,
痛惜,es,
痛手,es,
痛打,es,
痛打,ru,
痛風,es,
痴漢,es,
発,es,
発,ru,
発会,es,
発刊,es,
発券,es,
発効,es,
発句,es,
発奮,es,
発展途上国,ru,
発布,es,
発明家,es,
発汗,es,
発泡,es,
発泡スチロール,es,
発泡スチロール,ru,
発火点,es,
発煙,es,
発煙筒,es,
発現,es,
発症,es,
発症,ru,
発砲,es,
発祥,es,
発祥地,es,
発禁,es,
発給,es,
発色,es,
発色,ru,
発行者,es,
発行者,ru,
発表会,es,
発表会,ru,
発表者,ru,
発議,es,
発進,es,
発進,ru,
発酵,es,
発電機,es,
発露,es,
登壇,es,
登庁,es,
登板,es,
登板,ru,
登用,es,
登竜門,es,
登載,es,
登録商標,ru,
登録番号,ru,
登録者,es,
登録者,ru,
登院,es,
登頂,es,
登頂,ru,
白,es,
白む,es,
白バイ,ru,
白亜,es,
白内障,es,
白壁,es,
白夜,es,
白子,es,
白寿,es,
白寿,ru,
白州,es,
白日,es,
白星,es,
白昼,es,
白木,es,
白梅,es,
白樺,es,
白水,es,
白浜,es,
白玉,es,
白百合,es,
白票,es,
白糸,es,
白糸,ru,
白装束,es,
白身,es,
白銀,es,
白銀,ru,
白銅,es,
白雪,es,
白骨,es,
白鷺,es,
百,ru,
百人一首,es,
百人一首,ru,
百害,es,
百害,ru,
百家争鳴,es,
百家争鳴,ru,
百戦錬磨,ru,
百景,es,
百景,ru,
百科,es,
百科全書,es,
百科全書,ru,
百聞,es,
百選,es,
百選,ru,
的外れ,es,
皆様,ru,
皆殺し,es,
皆目,es,
皇太后,es,
皇太子妃,es,
皇子,es,
皇室,es,
皇宮警察,es,
皇民党,es,
皇民党,ru,
皮下,es,
皮切り,es,
皮算用,es,
皮肉る,es,
皮脂,es,
皮質,es,
皮質,ru,
皿洗い,es,
盗作,ru,
盗品,es,
盗塁,es,
盗塁,ru,
盗掘,es,
盗掘,ru,
盗用,es,
盗聴,es,
盗聴器,es,
盛り,es,
盛り上がり,es,
盛り付け,es,
盛り付け,ru,
盛り付ける,es,
盛り付ける,ru,
盛り土,es,
盛り場,es,
盛り返す,es,
盛る,es,
盛夏,es,
盛時,es,
盛期,es,
盛期,ru,
盛衰,es,
盟主,es,
盟友,es,
監事,es,
監察医,es,
監察医,ru,
監察官,es,
監査役,es,
監理,ru,
監訳,es,
監訳,ru,
盤,es,
盤石,es,
盤面,es,
目,es,
目が覚める,ru,
目くじら,es,
目くじら,ru,
目の前,ru,
目を通す,ru,
目下,es,
目先,es,
目安,ru,
目張り,es,
目抜き,es,
目新しい,ru,
目減り,es,
目玉,es,
目玉商品,ru,
目白,es,
目白押し,es,
目的意識,es,
目的意識,ru,
目算,es,
目線,ru,
目配り,es,
目障り,es,
目隠し,es,
目頭,es,
盲,es,
盲導犬,es,
直,es,
直,ru,
直ぐさま,es,
直し,es,
直下,es,
直営,es,
直売,es,
直属,es,
直接的,ru,
直接行動,es,
直接行動,ru,
直接選挙,ru,
直方体,es,
直方体,ru,
直球,es,
直球,ru,
直立,es,
直筆,es,
直系,es,
直結,es,
直腸,es,
直腸,ru,
直航,es,
直行,es,
直行便,es,
直行便,ru,
直言,es,
直訳,es,
直談判,es,
直輸入,es,
直送,es,
直面,es,
直面,ru,
相,es,
相,ru,
相乗,es,
相乗り,es,
相互交流,ru,
相互作用,es,
相互銀行,es,
相互銀行,ru,
相似形,es,
相似形,ru,
相克,es,
相半ばする,es,
相対,es,
相対性理論,es,
相思,es,
相手取る,es,
相手方,es,
相打ち,es,
相打ち,ru,
相続税,es,
相談役,es,
相談所,es,
相部屋,es,
相部屋,ru,
省みる,ru,
省エネルギー,es,
省エネルギー,ru,
省令,es,
省力,es,
省力,ru,
省庁,es,
省庁,ru,
看る,ru,
看護師,es,
看護師,ru,
県,es,
県,ru,
県人,es,
県人会,es,
県会,es,
県内,ru,
県勢,es,
県勢,ru,
県営,es,
県民,ru,
県警,es,
県警,ru,
県議,es,
県道,es,
真っ二つ,ru,
真っ向,es,
真っ当,es,
真っ盛り,es,
真の,es,
真ん中,ru,
真ん丸,ru,
真ん前,ru,
真一文字,es,
真中,ru,
真夏日,ru,
真実味,es,
真性,es,
真打,es,
真昼,es,
真横,es,
真横,ru,
真正,es,
真正面,es,
真水,es,
真田,es,
真砂,es,
真空管,es,
真菌,es,
真菌,ru,
真贋,es,
真逆,ru,
真顔,es,
真髄,es,
眺望,es,
眼,es,
眼下,es,
眼前,es,
眼底,es,
眼目,es,
眼鏡,ru,
着く,ru,
着こなす,es,
着付け,es,
着任,es,
着信,es,
着地,ru,
着岸,es,
着床,es,
着床,ru,
着座,es,
着服,es,
着水,es,
着流し,es,
着火,es,
着火,ru,
着用,es,
着脱,es,
着衣,es,
着込む,es,
睡魔,es,
瞑想,es,
瞠目,es,
瞬時,es,
瞳孔,es,
瞽女,es,
矛先,es,
矢先,es,
矢継ぎ早,es,
矢面,es,
矢面,ru,
知っての通り,es,
知っての通り,ru,
知らないうちに,es,
知らないうちに,ru,
知らん顔,es,
知力,es,
知名,es,
知名,ru,
知己,es,
知恵袋,es,
知恵遅れ,es,
知恵遅れ,ru,
知日,es,
知日,ru,
知育,es,
知能指数,es,
知能指数,ru,
知能犯,es,
知見,es,
矩形,es,
短め,es,
短パン,es,
短パン,ru,
短冊,es,
短刀,es,
短文,es,
短期大学,ru,
短詩,es,
短距離,es,
矮小,es,
石,es,
石,ru,
石ころ,es,
石仏,es,
石像,es,
石器時代,es,
石室,es,
石室,ru,
石山,es,
石材,es,
石神,es,
石神,ru,
石組み,es,
石綿,es,
石造,es,
石頭,ru,
砂上,es,
砂丘,es,
砂地,es,
砂場,es,
砂子,es,
砂山,es,
砂岩,es,
砂煙,es,
砂防,es,
研ぎ,es,
研ぎ澄ます,es,
研修員,es,
研修員,ru,
研究官,es,
研究官,ru,
研究所,es,
研究結果,es,
研究結果,ru,
研究者,ru,
研鑽,es,
砕石,es,
砲,es,
砲丸投げ,es,
砲兵,es,
砲台,es,
砲声,es,
砲撃,es,
砲火,es,
砲身,es,
破壊的,es,
破天荒,es,
破戒,es,
破砕,es,
破竹,es,
破談,es,
破門,es,
硝煙,es,
硝煙,ru,
硫化,es,
硫安,es,
硬式,es,
硬派,es,
硬筆,es,
硬筆,ru,
硬質,es,
硬骨,es,
碑文,es,
碗,es,
碗,ru,
確かめ,ru,
確たる証拠,es,
確たる証拠,ru,
確報,es,
確度,ru,
確約,es,
確証,es,
磨き,es,
礎石,es,
示し,es,
示威,es,
示談,es,
礼節,es,
礼賛,es,
社中,es,
社主,es,
社交性,es,
社交界,es,
社会事業,es,
社会事業,ru,
社会保険,ru,
社会保険庁,es,
社会保険庁,ru,
社会保障,ru,
社会問題,ru,
社会復帰,es,
社会復帰,ru,
社会性,es,
社会政策,es,
社会政策,ru,
社会教育,es,
社会教育,ru,
社会福祉,ru,
社会科,es,
社会科学,ru,
社会資本,ru,
社会運動,ru,
社会面,es,
社内,es,
社内報,es,
社内報,ru,
社務,es,
社史,es,
社史,ru,
社告,es,
社団法人,ru,
社寺,es,
社屋,es,
社業,es,
社民党,es,
社民党,ru,
社用,es,
社章,es,
社章,ru,
社葬,es,
社運,es,
社運,ru,
社風,es,
社風,ru,
祖,es,
祝儀,es,
祝典,es,
祝宴,es,
祝意,es,
神,es,
神,ru,
神事,es,
神仏,es,
神代,es,
神体,es,
神前,es,
神器,es,
神妙,es,
神学校,es,
神官,es,
神戸,es,
神明,es,
神木,es,
神格,es,
神棚,es,
神様,ru,
神童,es,
神経学,es,
神経戦,es,
神経症,es,
神経科,es,
神経科,ru,
神経系,es,
神職,es,
神頼み,es,
票数,es,
票田,es,
票田,ru,
票読み,es,
票読み,ru,
祭主,es,
祭事,es,
祭儀,es,
祭神,es,
禁,es,
禁欲,es,
禁欲的,ru,
禁止事項,es,
禁止事項,ru,
禁止法,es,
禁止法,ru,
禅僧,es,
禅問答,es,
禅問答,ru,
禅宗,es,
禅譲,es,
福利,es,
福利厚生,es,
福利厚生,ru,
福助,es,
福寿,es,
福徳,es,
秀作,ru,
私,es,
私,ru,
私たち,ru,
私企業,ru,
私信,es,
私兵,es,
私兵,ru,
私営,es,
私塾,es,
私大,es,
私学,es,
私小説,es,
私心,es,
私情,es,
私書箱,es,
私案,es,
私欲,es,
私法,es,
私生児,es,
私的,es,
私腹,es,
私自身,es,
私自身,ru,
私設,es,
私語,es,
秋口,es,
秋晴れ,es,
秋水,es,
秋祭り,es,
秋祭り,ru,
秋雨前線,es,
秋雨前線,ru,
科威都,ru,
科学史,ru,
科学技術,ru,
科学技術庁,ru,
秒読み,ru,
秒速,es,
秘伝,es,
秘匿,es,
秘境,es,
秘境,ru,
秘策,es,
秘策,ru,
秘蔵,es,
秘話,es,
租界,es,
租税,es,
称号,es,
移動平均,ru,
移動性高気圧,ru,
移籍,ru,
移設,ru,
移譲,ru,
程遠い,es,
程遠い,ru,
税制,es,
税務,es,
税収,es,
税引き,es,
税法,es,
税源,es,
税率,es,
税理士,es,
税目,es,
税込み,es,
税額,es,
稚拙,es,
稚魚,es,
種,es,
種,ru,
種付け,es,
種別,es,
種痘,es,
種苗,es,
種類豊富,es,
種類豊富,ru,
種馬,es,
稼働,es,
稼働率,es,
稼働率,ru,
稼業,es,
稼業,ru,
稿,es,
稿料,es,
穀類,es,
積み上げ,es,
積み上げ,ru,
積み上げる,es,
積み出し,es,
積み出す,es,
積み木,es,
積み残し,es,
積み立てる,es,
積み荷,es,
積み込み,es,
積み込む,es,
積み重なる,es,
積み重ね,es,
積ん読,es,
積年,es,
積極,es,
積立金,es,
積立金,ru,
積算,es,
積載,es,
穏当,es,
穴場,es,
穴場,ru,
穴熊,es,
空き瓶,es,
空き缶,es,
空中分解,es,
空位,es,
空冷,es,
空回り,es,
空地,es,
空域,ru,
空室,es,
空室,ru,
空振り,es,
空振り,ru,
空模様,es,
空欄,es,
空欄,ru,
空洞,es,
空砲,es,
空襲,es,
空調,ru,
空論,es,
空費,es,
空路,es,
空転,es,
空陸,es,
空陸,ru,
突き,es,
突きつける,es,
突き上げる,es,
突き出し,es,
突き出す,es,
突き出る,es,
突き刺さる,es,
突き合わせる,es,
突き崩す,es,
突き放す,es,
突き止める,es,
突き破る,es,
突き落とし,es,
突き落とす,es,
突き詰める,es,
突き進む,es,
突き飛ばす,es,
突っ張り,es,
突っ走る,es,
突っ込み,es,
突入,es,
突出,es,
突堤,es,
突尼斯,ru,
突然変異,es,
突発,es,
突貫,es,
突進,es,
突風,es,
窃盗,es,
窒扶斯,ru,
窓外,es,
窓越し,es,
窓越し,ru,
窮余,es,
窮状,es,
窯元,ru,
窯業,es,
立ち,es,
立ちはだかる,es,
立ち上がり,es,
立ち上げる,es,
立ち上げる,ru,
立ち並ぶ,es,
立ち会う,es,
立ち会う,ru,
立ち入り,es,
立ち入る,es,
立ち合う,es,
立ち合う,ru,
立ち回り,es,
立ち尽くす,es,
立ち尽くす,ru,
立ち居振る舞い,es,
立ち往生,es,
立ち後れ,es,
立ち後れる,es,
立ち戻る,es,
立ち木,es,
立ち枯れ,es,
立ち枯れ,ru,
立ち消え,es,
立ち直り,es,
立ち直り,ru,
立ち至る,es,
立ち見,es,
立ち読み,ru,
立ち返る,es,
立ち食い,es,
立つ瀬,es,
立つ瀬,ru,
立て替え,es,
立て看板,es,
立て続け,es,
立会い,es,
立会人,es,
立像,es,
立党,es,
立地,es,
立太子,es,
立志,es,
立方,es,
立方,ru,
立方メートル,ru,
立方体,es,
立春,es,
立案,es,
立正佼成会,es,
立正佼成会,ru,
立法府,es,
立法府,ru,
立法機関,es,
立法機関,ru,
立直,es,
立直,ru,
立腹,es,
立証,es,
立食,es,
竜宮,es,
竣工,es,
童子,es,
童心,es,
童画,es,
童画,ru,
童顔,es,
端,es,
端たない,ru,
端午,es,
端境期,es,
端子,es,
端役,es,
端数,es,
端末機,es,
端末機,ru,
端正,es,
端緒,es,
競い合う,es,
競い合う,ru,
競り合う,es,
競争入札,es,
競争力,es,
競争力,ru,
競作,es,
競合,es,
競合他社,es,
競合他社,ru,
競演,es,
競走馬,ru,
竹林,es,
竹細工,es,
竿,es,
竿,ru,
笑いもの,es,
笛吹き,es,
符合,es,
第,ru,
第一人者,es,
第一印象,ru,
第一声,es,
第一次産業,es,
第一次産業,ru,
第一線,es,
第一義,es,
第三勢力,es,
第三勢力,ru,
第三国,ru,
第三次産業,es,
第三次産業,ru,
第三紀,es,
第希蘭,ru,
笹原,es,
笹原,ru,
筆名,es,
筆舌,es,
筆記用具,ru,
筆談,es,
筆跡,es,
筆順,ru,
筆頭,es,
等,es,
等閑,es,
筋,es,
筋合,es,
筋書き,es,
筋肉質,ru,
筋違い,es,
筋金,es,
筐体,es,
筐体,ru,
筒,es,
筒,ru,
筒井,es,
筒抜け,es,
答礼,es,
答辞,es,
策士,es,
策定,es,
策謀,es,
箇所,es,
箏曲,es,
算入,es,
算定,es,
算段,es,
管内,es,
管制塔,ru,
管制官,es,
管制官,ru,
管区気象台,es,
管弦楽団,ru,
管理者,es,
管理職,es,
管理職,ru,
管財,es,
管長,es,
箱入り,es,
箱舟,es,
箱詰め,es,
節,es,
節,ru,
節分,es,
節制,es,
節度,es,
節操,es,
節水,es,
節減,es,
節目,es,
節目,ru,
節電,es,
範,es,
篆刻,es,
築き上げる,es,
築地,es,
築城,es,
築山,es,
篤志家,es,
簡便,es,
簡明,es,
簡易保険,es,
簡裁,es,
簡裁,ru,
簿外,es,
簿外,ru,
簿記,es,
籍,es,
米,es,
米,ru,
米人,es,
米審,es,
米審,ru,
米寿,es,
米産,es,
米産,ru,
米粉,es,
米軍,es,
米食,es,
米飯,es,
粉,es,
粉,ru,
粉雪,es,
粉飾,es,
粋,es,
粒状,es,
粗,es,
粗悪,es,
粗暴,es,
粗鋼,es,
粗鋼,ru,
粗雑,es,
粘っこい,es,
粘り強い,es,
粘り気,es,
粘性,es,
粛正,es,
粛清,es,
粛軍,es,
精妙,es,
精巧,es,
精彩,es,
精査,es,
精神主義,es,
精神主義,ru,
精神分析,es,
精神分析,ru,
精神安定剤,es,
精神安定剤,ru,
精神病,es,
精神的,es,
精神科,ru,
精神薄弱,es,
精神衛生,es,
精神衛生,ru,
精神鑑定,es,
精神鑑定,ru,
精細,es,
精緻,es,
精華,es,
精進,es,
精鋭,es,
精錬,es,
精霊,es,
精魂,es,
糖分,es,
糖類,es,
糖類,ru,
糧食,es,
糸,ru,
糾合,es,
約定,es,
約束手形,es,
約束通り,es,
紅梅,es,
紅潮,es,
紅花,es,
紋付,es,
紋切り型,es,
紋切り型,ru,
紋章,es,
納付,es,
納会,es,
納品,es,
納戸,es,
納期,es,
納涼,es,
納涼,ru,
納采,es,
納骨,es,
純増,es,
純増,ru,
純愛,es,
純愛,ru,
純文学,es,
純朴,es,
純正,es,
純然,es,
純白,es,
純金,es,
純銀,es,
紙,es,
紙,ru,
紙上,es,
紙切れ,es,
紙切れ,ru,
紙吹雪,es,
紙吹雪,ru,
紙芝居,es,
紛れ,ru,
紛れもない,es,
紛れ込む,es,
紛糾,es,
素,es,
素,ru,
素因,es,
素子,es,
素子,ru,
素性,es,
素振り,es,
素振り,ru,
素案,ru,
素焼き,es,
素粒子,es,
素肌,es,
素読,es,
素足,es,
素通り,es,
素養,es,
紡ぎ歌,es,
紡ぎ歌,ru,
紡織,es,
紫綬褒章,es,
紫綬褒章,ru,
紬,es,
累増,es,
累計,es,
累進,es,
細い,es,
細かいこと,ru,
細かく,es,
細かく,ru,
細める,es,
細分,es,
細則,es,
細密,es,
細心,es,
細目,es,
細胞内,es,
細胞内,ru,
細胞分裂,es,
細胞分裂,ru,
細腕,es,
細身,es,
細道,es,
細雪,es,
細雪,ru,
細面,es,
紳士協定,ru,
紳士的,es,
紳士録,es,
紹介文,es,
紹介文,ru,
紹介状,es,
紹介者,es,
紺碧,es,
終了後,es,
終了後,ru,
終値,es,
終値,ru,
終刊,es,
終息,es,
終日,es,
終日,ru,
終末,es,
終業,es,
終演,es,
終焉,es,
終盤,es,
終盤,ru,
組み上げる,es,
組み上げる,ru,
組み写真,es,
組み写真,ru,
組み替え,es,
組み込み,es,
組み込み,ru,
組成,es,
組曲,es,
組織労働者,es,
経企庁,es,
経企庁,ru,
経典,es,
経堂,es,
経堂,ru,
経常利益,es,
経常利益,ru,
経済企画庁,es,
経済学,es,
経済封鎖,es,
経済封鎖,ru,
経済成長率,es,
経済成長率,ru,
経済界,es,
経済研究所,es,
経済研究所,ru,
経緯,es,
経緯,ru,
経験値,ru,
経験的,es,
経験者,es,
経験豊富,es,
経験豊富,ru,
結びつき,ru,
結党,es,
結団,es,
結団,ru,
結婚相手,es,
結婚相手,ru,
結審,es,
結果論,es,
結果論,ru,
結節,es,
結納,es,
結縁,es,
結縁,ru,
結腸,ru,
結集,es,
結露,es,
結露,ru,
絞める,ru,
絞り込む,es,
絞り込む,ru,
絞殺,es,
絡み,ru,
絢爛,es,
給う,es,
給仕,es,
給料日,es,
給湯,es,
給湯,ru,
給費,es,
給金,es,
統一,ru,
統一感,es,
統一感,ru,
統一的,es,
統合幕僚会議,es,
統合幕僚会議,ru,
統帥,es,
統括,es,
統計的,es,
絵を描く,ru,
絵師,es,
絵空事,es,
絵馬,es,
絶え間,es,
絶句,es,
絶叫,es,
絶品,es,
絶唱,es,
絶壁,es,
絶好調,es,
絶好調,ru,
絶妙,es,
絶対多数,ru,
絶対温度,ru,
絶対量,es,
絶筆,es,
絶縁,es,
絶賛,es,
継ぎ,es,
継投,es,
継投,ru,
続伸,es,
続伸,ru,
続刊,es,
続発,es,
続落,es,
続行,es,
続開,es,
綱紀,es,
綱紀粛正,es,
綱紀粛正,ru,
綱領,es,
網,ru,
網棚,es,
網目,es,
網目,ru,
網膜,ru,
綿密,es,
綿布,es,
綿棒,es,
綿棒,ru,
綿糸,es,
綿花,es,
緊急事態宣言,es,
緊急事態宣言,ru,
緊要,es,
総,ru,
総代,es,
総会屋,es,
総会屋,ru,
総体,es,
総出,es,
総力,es,
総動員,es,
総務,es,
総務局,es,
総務部,es,
総勢,es,
総収入,es,
総合的,es,
総和,es,
総員,es,
総崩れ,es,
総帥,es,
総帥,ru,
総当たり,es,
総当たり,ru,
総括,es,
総指揮,es,
総攻撃,es,
総本山,es,
総決算,es,
総決算,ru,
総理府,es,
総理府,ru,
総監,es,
総目録,es,
総督,es,
総称,es,
総統,es,
総花,es,
総見,es,
総覧,es,
総計,es,
総評,es,
総評,ru,
総辞職,es,
総選挙,es,
総長,es,
総額,es,
緑内障,es,
緑化,es,
緑地,es,
緑豆,es,
緑豆,ru,
緑青,es,
緑風,es,
緑風,ru,
緑黄色,es,
緑黄色,ru,
緒,es,
緒戦,es,
線審,es,
線審,ru,
線形,es,
線描,es,
線画,es,
線香,es,
締まり屋,es,
締め付け,es,
締め付ける,es,
締め出す,es,
締約,es,
締結,es,
編,es,
編み出す,es,
編纂,es,
編者,es,
編著,es,
編著,ru,
編集者,es,
緩み,es,
緩慢,es,
緩衝,es,
練り,es,
練り上げる,es,
練り上げる,ru,
練り直す,es,
練り製品,es,
練達,es,
緻密,es,
縁,es,
縄文,es,
縄文,ru,
縄跳び,es,
縛り首,es,
縦割り,es,
縦割り,ru,
縦断,es,
縦横,es,
縦横無尽,es,
縦糸,es,
縦貫,es,
縦走,es,
縦軸,es,
縫い,es,
縫い付ける,es,
縫い目,es,
縫い針,es,
縫製,ru,
縮刷版,es,
縮図,es,
縮尺,es,
縮減,es,
繁忙,es,
繁華街,es,
繁華街,ru,
繋げる,ru,
織り成す,ru,
織布,es,
織布,ru,
繰り上がる,es,
繰り上がる,ru,
繰り上げ,es,
繰り上げる,es,
繰り下げる,es,
繰り出し梯子,es,
繰り出す,es,
繰り広げる,es,
繰り延べる,es,
繰り越し,es,
繰入,es,
纏め,ru,
缶,es,
缶,ru,
缶コーヒー,ru,
罪,ru,
罪名,es,
罪悪,es,
罪状,es,
置き傘,es,
置き傘,ru,
置き土産,es,
置き場,es,
置き忘れる,es,
置き換える,es,
置き時計,es,
署員,es,
罷免,es,
罹患,es,
羅宇,ru,
羅漢,es,
羊水,es,
羊水,ru,
美名,es,
美味,es,
美容,ru,
美意識,es,
美点,es,
美白,es,
美白,ru,
美術展,es,
美観,es,
美談,es,
美貌,es,
美辞麗句,es,
美顔,es,
美顔,ru,
美食,es,
群,es,
群,ru,
群生,es,
群舞,es,
群舞,ru,
群落,es,
群落,ru,
群青,es,
義務付け,ru,
義務付ける,es,
義務付ける,ru,
義務的,es,
義太夫,es,
羽,ru,
羽子板,es,
羽振り,es,
羽毛,es,
羽目,es,
翌春,es,
翌春,ru,
翌月,es,
翌週,ru,
習い,es,
習い事,es,
習い事,ru,
習わし,es,
習俗,es,
習熟,es,
翻意,es,
翻案,es,
老け役,es,
老け役,ru,
老中,es,
老人ホーム,es,
老人ホーム,ru,
老人性,ru,
老人福祉,es,
老人福祉,ru,
老夫婦,es,
老夫婦,ru,
老女,es,
老婦,ru,
老子,es,
老師,es,
老師,ru,
老廃,es,
老朽,es,
老松,es,
老松,ru,
老母,es,
老眼鏡,es,
老舗,es,
老若,es,
老若男女,ru,
老齢,es,
考えてみれば,es,
考えてみれば,ru,
考え込む,es,
考察,es,
考査,es,
者,es,
者,ru,
耐久,es,
耐乏,es,
耐圧,es,
耐圧,ru,
耐性,ru,
耐性菌,es,
耐性菌,ru,
耐水,es,
耐震,es,
耳慣れる,es,
耳打ち,es,
耳目,es,
耳鼻咽喉科,ru,
聖人,es,
聖典,es,
聖地,es,
聖域,es,
聖堂,es,
聖教,es,
聖教,ru,
聖歌,es,
聖火,es,
聞きなれる,es,
聞き上手,es,
聞き入る,es,
聞き出す,es,
聞き取る,es,
聞き役,es,
聞き役,ru,
聞き書き,es,
聞き込み,es,
聞き込み捜査,es,
聞き込み捜査,ru,
聞き返す,es,
聞き返す,ru,
聡明,es,
聴力,es,
聴取,es,
聴聞,es,
聴聞会,es,
聴聞会,ru,
職,es,
職,ru,
職制,es,
職務質問,es,
職域,es,
職安,es,
職業安定所,es,
職業意識,es,
職業意識,ru,
職業病,es,
職権,es,
職種,es,
職能,es,
職責,es,
肉,ru,
肉付け,es,
肉体労働,es,
肉声,es,
肉弾,es,
肉牛,es,
肉筆,es,
肉薄,es,
肉質,es,
肉離れ,es,
肉離れ,ru,
肉類,es,
肌寒い,es,
肌触り,es,
肌身,es,
肝硬変,ru,
肝要,es,
肢体不自由児,es,
肢体不自由児,ru,
肥やし,es,
肥大,es,
肥育,es,
肥育,ru,
肩こり,es,
肩こり,ru,
肩たたき,es,
肩たたき,ru,
肩入れ,es,
肩幅,es,
肩透かし,es,
肩透かし,ru,
育む,ru,
育毛剤,ru,
育苗,ru,
肺結核,es,
胆石,es,
背,es,
背,ru,
背が高い,ru,
背もたれ,es,
背もたれ,ru,
背丈,es,
背任,es,
背伸び,es,
背信,es,
背泳ぎ,es,
背泳ぎ,ru,
背番号,es,
背番号,ru,
背筋,es,
背負い投げ,es,
背負い投げ,ru,
背面,es,
胎内,es,
胎動,es,
胎教,es,
胎教,ru,
胸中,es,
胸元,es,
胸突き八丁,es,
胸突き八丁,ru,
胸襟,es,
能力,es,
能力,ru,
能動的,ru,
能役者,es,
能書き,es,
脂,es,
脂肪酸,ru,
脂質,es,
脂質,ru,
脆弱,es,
脊椎,es,
脚光,es,
脚力,es,
脚力,ru,
脱ぎ捨てる,es,
脱会,es,
脱党,es,
脱却,es,
脱帽,es,
脱毛,es,
脱皮,es,
脱硫,es,
脱硫,ru,
脱脂粉乳,es,
脱脂粉乳,ru,
脱臭,es,
脱色,es,
脱衣所,es,
脳,es,
脳,ru,
脳出血,es,
脳卒中,es,
脳性,es,
脳性,ru,
脳挫傷,es,
脳挫傷,ru,
脳梗塞,es,
脳梗塞,ru,
脳死,ru,
脳炎,es,
脳神経,es,
脳神経,ru,
脳血栓,es,
脳血栓,ru,
脳裏,es,
腎不全,es,
腎不全,ru,
腎炎,es,
腐り,es,
腐乱,es,
腐心,es,
腐臭,es,
腐臭,ru,
腐葉土,es,
腕,es,
腕章,es,
腰,es,
腰,ru,
腰椎,es,
腰椎,ru,
腰痛,es,
腰砕け,es,
腰縄,es,
腰部,es,
腰高,es,
腸,es,
腸炎,es,
腹式呼吸,es,
腹式呼吸,ru,
腹心,es,
腹立たしい,es,
腹筋,es,
腹腔,es,
膠原病,es,
膠原病,ru,
膨らみ,es,
臓,ru,
臓器,es,
臥児狼徳,ru,
臨場感,ru,
臨床,es,
臨床医,es,
臨戦,es,
臨書,es,
臨書,ru,
臨月,es,
臨検,es,
臨海,es,
臨港,es,
自任,es,
自作農,es,
自分で,es,
自制,es,
自前,es,
自力,es,
自助,es,
自動制御,es,
自動制御,ru,
自問自答,es,
自営業,ru,
自嘲,es,
自室,ru,
自家,es,
自家用,es,
自家用車,es,
自尊,es,
自己嫌悪,es,
自己嫌悪,ru,
自己批判,es,
自己流,es,
自己管理,es,
自己管理,ru,
自己資本,es,
自己資本,ru,
自己顕示,es,
自己顕示,ru,
自律神経,ru,
自律神経失調症,es,
自律神経失調症,ru,
自意識,es,
自慢話,es,
自業自得,es,
自民,es,
自民党,es,
自民党,ru,
自治体,es,
自治権,es,
自治領,es,
自浄,es,
自浄,ru,
自然,es,
自然休会,es,
自然公園,es,
自然公園,ru,
自然増収,es,
自然増収,ru,
自然淘汰,es,
自然環境,es,
自然環境,ru,
自然界,es,
自爆,es,
自由労働者,es,
自由労働者,ru,
自由業,es,
自由業,ru,
自由経済,ru,
自省,es,
自社,es,
自筆,es,
自腹,es,
自著,es,
自薦,es,
自薦,ru,
自虐,es,
自虐,ru,
自衛官,es,
自衛官,ru,
自説,es,
自警,es,
自販,es,
自販,ru,
自販機,ru,
自責,es,
自責点,es,
自責点,ru,
自費,es,
自賛,es,
自賠責保険,es,
自賠責保険,ru,
自選,es,
自重,es,
自閉症,ru,
臭素,es,
臭覚,es,
臭覚,ru,
至って,es,
至り,es,
至上命令,es,
至宝,es,
至極,es,
至福,es,
至誠,es,
至難,es,
致し方,es,
致命,es,
興亡,es,
興業,es,
興行,es,
興起,es,
舌戦,es,
舌触り,es,
舌足らず,es,
舌鼓,es,
舎,es,
舎,ru,
舎利,es,
舎弟,es,
舎路,ru,
舗,es,
舗,ru,
舞い上がる,es,
舞い戻る,es,
舞い込む,es,
舞台劇,es,
舞台監督,es,
舞台装置,es,
舞台装置,ru,
舞台裏,es,
舞姫,es,
舞曲,es,
舞楽,es,
舞楽,ru,
舟橋,es,
舟艇,es,
航法,es,
航法,ru,
航空会社,es,
航空学,es,
航空宇宙技術研究所,es,
航空宇宙技術研究所,ru,
航空自衛隊,es,
航空自衛隊,ru,
航続距離,es,
航行,es,
航跡,es,
般若,es,
舶来,es,
船会社,es,
船倉,es,
船出,es,
船室,es,
船尾,es,
船底,es,
船橋,es,
船着き場,es,
船積み,es,
船籍,es,
船腹,es,
船頭,es,
艦船,es,
艦載機,es,
艦隊,es,
良いね,es,
良いね,ru,
良かったら,es,
良かったら,ru,
良き,es,
良き,ru,
良さ,es,
良俗,es,
良俗,ru,
良品,es,
良心的,es,
良書,es,
良知,es,
色,es,
色,ru,
色々あって,es,
色々あって,ru,
色分け,es,
色刷り,es,
色柄,es,
色柄,ru,
色直し,es,
色紙,es,
色覚,es,
色調,es,
芒果,es,
芒果,ru,
花冷え,es,
花形,es,
花柳界,es,
花火大会,es,
花瓶,es,
花瓶,ru,
花盛り,es,
花粉症,ru,
花言葉,es,
花道,es,
花鳥風月,es,
芳香,es,
芸人,es,
芸域,es,
芸域,ru,
芸文,es,
芸術的,es,
芸術祭,es,
芸術院,es,
芸風,es,
芽吹く,es,
芽吹く,ru,
芽生える,es,
苗,es,
苗,ru,
苗床,es,
苗木,es,
若い者,ru,
若い頃,es,
若い頃,ru,
若しかして,ru,
若人,es,
若人,ru,
若宮,es,
若干,es,
若武者,es,
若武者,ru,
若草,es,
若菜,es,
若返り,es,
若返る,es,
若造,es,
苦り切る,es,
苦労人,es,
苦境,es,
苦学,es,
苦慮,es,
苦戦,es,
苦杯,es,
苦渋,es,
苦渋,ru,
苦笑,es,
苦肉の策,es,
苦肉の策,ru,
苦虫,es,
苦行,es,
苦言,es,
苦闘,es,
苦難,es,
英,ru,
英単語,ru,
英国航空,ru,
英数字,ru,
茅場,es,
茅場,ru,
茗荷,es,
茶会,es,
茶屋,es,
茶漬け,es,
茶番,es,
茶色い,ru,
茶褐色,es,
草,es,
草,ru,
草の根,es,
草の根,ru,
草むしり,es,
草丈,es,
草丈,ru,
草分け,es,
草刈り,es,
草創,es,
草取り,es,
草地,es,
草笛,es,
草紙,es,
草野球,es,
荒らし回る,es,
荒らし回る,ru,
荒れ,es,
荒れ果てる,es,
荒れ模様,es,
荒事,es,
荒削り,es,
荒城,ru,
荒天,es,
荒木,es,
荘厳,es,
荘園,es,
荷,es,
荷,ru,
荷主,es,
荷動き,es,
荷台,es,
荷台,ru,
荷役,es,
荷揚げ,es,
菌類,es,
菓子パン,es,
菓子パン,ru,
菓子屋,es,
菖蒲,es,
菜の花,es,
菜の花,ru,
菜種,es,
菩提,es,
菩提寺,es,
菩提樹,es,
華やぐ,es,
華やぐ,ru,
華僑,es,
華厳,es,
華厳,ru,
華奢,es,
華族,es,
華美,es,
萩,es,
落ち目,es,
落ち着き払う,es,
落差,es,
落差,ru,
落成,es,
落成式,es,
落日,es,
落球,es,
落球,ru,
落盤,es,
落着,es,
落石,es,
落石,ru,
落語家,es,
落選,es,
落雷,es,
落馬,es,
葉,es,
葉月,es,
葉桜,es,
著作,es,
著述,es,
葛藤,es,
葬り去る,es,
葬り去る,ru,
葬儀社,es,
葬列,es,
葬祭,es,
葬送,es,
蒔絵,es,
蒔絵,ru,
蒸し,ru,
蒸しパン,es,
蒸しパン,ru,
蒸し返す,es,
蒸気機関,es,
蒸気機関,ru,
蓄え,es,
蓄財,es,
蓄電池,es,
蓮華,es,
蔑視,es,
蔓延,es,
蔵,es,
蔵元,es,
蔵元,ru,
蔵書,es,
蔵本,es,
蕗,es,
薄,es,
薄っぺら,es,
薄まる,ru,
薄れる,es,
薄利多売,es,
薄力粉,es,
薄力粉,ru,
薄口,ru,
薄手,es,
薄日,es,
薄氷,es,
薄焼き,ru,
薄皮,es,
薄膜,es,
薄謝,es,
薩長,es,
薪炭,es,
薬,es,
薬,ru,
薬代,es,
薬価,es,
薬効,es,
薬味,es,
薬学,es,
薬害,es,
薬師,es,
薬師如来,es,
薬理,es,
薬理,ru,
薬理学,es,
薬理学,ru,
薬用,es,
薬草,es,
藍綬褒章,es,
藍綬褒章,ru,
藩,es,
藩士,es,
藻,es,
藻掻く,es,
藻掻く,ru,
蘇生,es,
蘇維埃,ru,
蘭学,es,
虎列刺,es,
虎列刺,ru,
虚々実々,es,
虚偽,es,
虚実,es,
虚礼,es,
虚空,es,
虚脱,es,
虚言,es,
虚飾,es,
虫垂炎,es,
虫食い,es,
蛇の目,es,
蛇行,es,
蛋白,es,
蛮勇,es,
蜂起,es,
蜜月,es,
蝸牛,es,
融和,es,
融雪,es,
血の気,es,
血の海,ru,
血友病,ru,
血小板,es,
血小板,ru,
血栓,es,
血液検査,es,
血清,es,
血相,es,
血眼,es,
血税,es,
血筋,es,
血糖値,es,
血糖値,ru,
血統書,es,
血肉,es,
血色,es,
衆人,es,
衆目,es,
衆院,es,
行き交う,es,
行き先,es,
行き帰り,es,
行き帰り,ru,
行き詰まり,es,
行き詰まる,es,
行き過ぎ,es,
行く手,es,
行く末,es,
行けません,es,
行ったり来たり,es,
行ったり来たり,ru,
行ってきます,ru,
行ってらっしゃい,ru,
行人,es,
行司,es,
行商,es,
行政処分,ru,
行政官,es,
行政機関,ru,
行政管理庁,es,
行政管理庁,ru,
行政訴訟,es,
行政訴訟,ru,
行方不明,es,
行書,es,
行楽地,es,
行者,es,
行軍,es,
行間,es,
行革,ru,
術後,es,
術後,ru,
街づくり,es,
街づくり,ru,
街区,es,
街区,ru,
街宣車,es,
街宣車,ru,
街角,ru,
街路,es,
街路樹,es,
街頭募金,es,
街頭募金,ru,
衛視,ru,
衝撃波,es,
表す,es,
表す,ru,
表する,es,
表出,es,
表土,es,
表層,es,
表層,ru,
表彰状,es,
表明,es,
表書き,es,
表書き,ru,
表札,es,
表決,es,
表看板,es,
表立って,es,
表立つ,es,
表装,es,
表計算,es,
表計算,ru,
表象,es,
表面化,es,
表面積,es,
表面積,ru,
表題,es,
衰弱,es,
衰退,es,
袋,es,
袋,ru,
袋小路,es,
袋物,es,
被り物,es,
被写体,es,
被写体,ru,
被曝,es,
被曝,ru,
被災,es,
被災,ru,
被災者,es,
被爆,es,
被膜,es,
被覆,es,
被選挙権,es,
被験者,es,
裁定,es,
裁量,es,
裂け目,es,
装い,es,
装い,ru,
装丁,es,
装具,es,
装束,es,
装着,es,
装身具,es,
裏,es,
裏付ける,es,
裏切り者,es,
裏山,es,
裏打ち,es,
裏方,es,
裏木戸,es,
裏番組,es,
裏番組,ru,
裏目,es,
裏目,ru,
裏話,es,
裏話,ru,
裏道,es,
裏道,ru,
裏金,es,
裏金,ru,
裏面,es,
裏面,ru,
補い,es,
補修,es,
補填,es,
補完,es,
補完,ru,
補導,es,
補正予算,es,
補習,es,
補聴器,es,
裸婦,ru,
裸眼,es,
裸眼,ru,
製,ru,
製材,es,
製油,es,
製法,es,
製版,es,
製粉,es,
製紙,es,
製菓,es,
製鉄所,es,
製鋼,es,
製陶,es,
裾野,es,
複,es,
複,ru,
複写機,es,
複式,es,
複眼,es,
複眼,ru,
複線,es,
複雑さ,ru,
褒章,es,
褒賞,es,
襖,es,
襖,ru,
襲名,es,
襲来,es,
西,es,
西,ru,
西側,es,
西側,ru,
西北,es,
西北西,es,
西北西,ru,
西南,es,
西南西,es,
西南西,ru,
西口,ru,
西域,ru,
西日,es,
西日,ru,
西日本,es,
西日本,ru,
西洋式,es,
西遊,es,
西高東低,es,
西高東低,ru,
要は,es,
要は,ru,
要件,es,
要塞,es,
要職,es,
要衝,es,
要覧,es,
覆い,es,
覆土,es,
覆土,ru,
見える,es,
見え隠れ,ru,
見すぼらしい,ru,
見せしめ,es,
見せ場,es,
見たところ,es,
見たところ,ru,
見下す,es,
見入る,es,
見出し語,es,
見分ける,es,
見切り発車,es,
見切り発車,ru,
見劣り,es,
見取り図,es,
見受ける,es,
見合う,es,
見向く,es,
見回す,es,
見回る,es,
見定める,es,
見張り,es,
見当たらない,es,
見当たらない,ru,
見当違い,es,
見応え,es,
見応え,ru,
見据える,es,
見栄え,es,
見極め,es,
見殺し,es,
見物,es,
見直し,es,
見直し,ru,
見知らぬ,es,
見破る,es,
見積もる,es,
見立て,es,
見聞き,es,
見落し,es,
見誤る,es,
見識,es,
見越す,es,
見返し,es,
見返す,es,
見返り,es,
見返り,ru,
見逃し,es,
見逃し,ru,
見透かす,es,
見通す,es,
見開き,es,
見開き,ru,
見開く,es,
規則的,es,
規格,es,
規程,es,
規程,ru,
視聴率,es,
覚醒,es,
親,es,
親交,es,
親代わり,es,
親会社,es,
親心,es,
親方,es,
親書,es,
親権,es,
親父,es,
親玉,es,
親王,es,
親衛,es,
親衛,ru,
親譲り,es,
親身,es,
親近感,ru,
親鳥,es,
観光スポット,es,
観光スポット,ru,
観劇,es,
観念的,es,
観月,es,
観閲,es,
観閲,ru,
観音,es,
角地,es,
角地,ru,
角材,es,
角界,ru,
角質,es,
解きほぐす,es,
解きほぐす,ru,
解す,es,
解する,es,
解任,es,
解像度,es,
解像度,ru,
解党,es,
解凍,ru,
解放区,es,
解決方法,es,
解決方法,ru,
解決策,ru,
解職,es,
解脱,es,
解題,es,
触れ込み,es,
触発,es,
触発,ru,
触診,es,
言いがかり,es,
言いなり,es,
言いようがない,es,
言いようがない,ru,
言い争い,ru,
言い値,es,
言い出しっぺ,es,
言い切る,es,
言い合う,es,
言い換え,es,
言い換え,ru,
言い残す,es,
言い聞かせる,es,
言い過ぎる,es,
言うまでもない,es,
言下,es,
言及,es,
言外,es,
言明,es,
言行,es,
言語道断,es,
言語障害,es,
言辞,es,
訃報,es,
計らい,es,
計器,es,
計測,es,
計算書,es,
討ち入り,es,
訓令,es,
訓告,es,
訓告,ru,
訓戒,es,
訓示,es,
訓読み,ru,
託す,ru,
託児所,es,
記章,es,
記者会見,es,
記録的,es,
訪れ,es,
訪中,ru,
訪問者,es,
訪欧,ru,
設け,es,
設問,es,
設定可能,ru,
許し,es,
許りか,es,
訳がない,es,
訳がない,ru,
訳じゃない,ru,
訳ではない,ru,
訳文,es,
訳詞,es,
訳詞,ru,
訳詩,es,
訳語,es,
診察室,es,
証印,es,
証取法,es,
証取法,ru,
証文,es,
詐取,es,
詐欺師,es,
詐称,es,
評,ru,
評伝,es,
評定,es,
評点,es,
評者,es,
評議,es,
評議員,es,
詠み人知らず,es,
詠み人知らず,ru,
詠む,ru,
試乗,es,
試作,es,
試写,es,
試射,es,
試掘,es,
試料,es,
試案,es,
試用,es,
試着,ru,
試算,es,
試練,es,
試薬,es,
試行,es,
試行,ru,
試行錯誤,ru,
試運転,es,
試金石,es,
試食,es,
試飲,es,
試験場,es,
試験的,es,
試験管,es,
試験管,ru,
詩作,es,
詩形,es,
詩情,es,
詩文,es,
詩碑,es,
詩碑,ru,
詩論,es,
詩集,es,
詰まらせる,es,
詰まらせる,ru,
詰み,es,
詰む,es,
詰め合わせ,es,
詰め寄る,es,
詰め所,es,
詰め掛ける,es,
詰め替える,es,
詰め込む,es,
詰問,es,
詰将棋,es,
話,es,
話,ru,
話し方,es,
話し相手,es,
詳報,es,
誇らしい,es,
誇大,es,
誌,es,
誌,ru,
誌上,es,
認め,es,
認める,es,
認否,es,
認定,es,
認容,es,
認知症,es,
認知症,ru,
認証,es,
誓って,es,
誓って,ru,
誓約,es,
誓約書,es,
誓約書,ru,
誘い出す,es,
誘い水,es,
誘因,es,
誘引,es,
誘爆,es,
誘爆,ru,
誘発,es,
誘致,es,
語らい,es,
語り口,es,
語り口,ru,
語り合う,es,
語り手,es,
語り物,es,
語り継ぐ,es,
語り草,es,
語学力,es,
語学力,ru,
語感,es,
語気,es,
語法,es,
語録,es,
誠にありがとうございます,es,
誠にありがとうございます,ru,
誠心,es,
誠心,ru,
誤判,es,
誤射,es,
誤射,ru,
誤爆,es,
誤用,es,
誤訳,es,
誤診,es,
誤認,es,
説明文,es,
説明文,ru,
説明書,es,
説法,es,
説経,es,
説話,es,
読みきる,es,
読みにくい,es,
読み上げ算,es,
読み上げ算,ru,
読み取り,es,
読み取り,ru,
読み応え,es,
読み応え,ru,
読み物,es,
読み直す,es,
読み聞かせる,es,
読み聞かせる,ru,
読み返す,es,
読売,ru,
読破,es,
読経,es,
読解,ru,
誰か,ru,
課す,ru,
課員,es,
課徴金,es,
課徴金,ru,
調剤,es,
調合,es,
調味,es,
調度,es,
調律,es,
調律師,es,
調書,es,
調理師,ru,
調製,es,
調達,es,
諄い,ru,
談合,es,
談義,es,
談話室,es,
請求書,es,
請求権,es,
請負業,es,
論じ尽くす,es,
論告,es,
論壇,es,
論外,es,
論客,es,
論拠,es,
論旨,es,
論法,es,
論考,es,
論証,es,
論評,es,
論語,es,
論調,es,
論陣,es,
論集,es,
論集,ru,
諜報,es,
諭し,es,
諸,ru,
諸島,es,
諸悪,es,
諸悪,ru,
諸般,es,
諾否,es,
謀反,es,
謀略,es,
謀議,es,
謄本,es,
講じる,es,
講ずる,es,
講演会,es,
講評,es,
講話,es,
講談,es,
講釈,es,
謝り,es,
謝恩会,es,
謡,es,
謹厳,es,
謹賀新年,ru,
識字率,es,
識字率,ru,
識者,es,
識見,es,
譜,es,
譜面,es,
警務,es,
警報器,es,
警察庁,es,
警察庁,ru,
警察権,es,
警棒,es,
警笛,es,
警視,es,
警視庁,ru,
警護,ru,
警鐘,es,
議事堂,es,
議事録,es,
議会主義,es,
議会主義,ru,
議会政治,es,
議場,es,
議院,es,
議院運営委員会,es,
議院運営委員会,ru,
譲り受ける,es,
譲り渡す,es,
護国,es,
護岸,es,
護憲,es,
護持,es,
護身,es,
谷地,es,
谷地,ru,
谷底,es,
谷間,es,
豆まき,es,
豆知識,es,
豆知識,ru,
豆類,es,
豊漁,es,
豊胸,es,
豊胸,ru,
豊饒,es,
象嵌,es,
豪,es,
豪商,es,
豪快,es,
豪放,es,
豪族,es,
豪族,ru,
豪華版,es,
豪語,es,
豪邸,es,
豪邸,ru,
豪雪,es,
豪雪,ru,
貝,es,
貝,ru,
貝塚,es,
負,es,
負けん気,es,
負け惜しみ,es,
負け惜しみ,ru,
負け犬,es,
負け犬,ru,
負け越し,es,
負け越し,ru,
負んぶ,es,
負荷,es,
負託,es,
負託,ru,
財力,es,
財務官,es,
財団法人,es,
財団法人,ru,
財政投融資,es,
財政投融資,ru,
財政難,ru,
貧打,es,
貧打,ru,
貧民,es,
貧相,es,
貧者,es,
貧農,es,
貨幣価値,es,
販促,es,
販促,ru,
販路,es,
貫,es,
貫き通す,es,
貫き通す,ru,
貫徹,es,
責任を持つ,es,
責任を持つ,ru,
責任者,es,
責任転嫁,es,
責任転嫁,ru,
貯水,es,
貯蔵庫,es,
貯金局,es,
貴公子,es,
貴方,es,
貴方,ru,
貴社,ru,
買い,ru,
買い上げ,ru,
買い主,es,
買い付け,es,
買い出し,es,
買い占め,es,
買い取る,es,
買い得,es,
買い戻す,es,
買い手市場,es,
買い手市場,ru,
買い控え,es,
買い控え,ru,
買い支え,es,
買い求める,es,
買い込む,es,
買取,es,
買取,ru,
貸し倒れ,es,
貸し借り,es,
貸し手,es,
貸出用,es,
貸出用,ru,
貸本,es,
費,ru,
費消,es,
貼り付ける,es,
貼り合わせる,es,
貼り合わせる,ru,
貼付,es,
賃上げ,es,
賃下げ,es,
賃借,es,
賃貸借,es,
賃金格差,es,
賃金格差,ru,
賄い,es,
資本財,es,
資本金,es,
資材,es,
資源エネルギー庁,es,
資源エネルギー庁,ru,
資金繰り,es,
資金繰り,ru,
資金調達,es,
資金調達,ru,
賊,es,
賓客,es,
賛助,es,
賛意,es,
賛歌,es,
賛美歌,es,
賜杯,es,
賞与,es,
賞味期限,ru,
賢所,es,
賢者,es,
賦課,es,
質,es,
質問をする,es,
質問をする,ru,
質実,es,
質感,es,
質感,ru,
賭博,es,
贈り主,es,
贈り主,ru,
贈収賄,es,
贈答,es,
贈賄,es,
贋作,es,
赤々,ru,
赤地,es,
赤旗,es,
赤潮,es,
赤紙,es,
赤茶ける,ru,
赤軍,es,
赤道,es,
赤道,ru,
走り,es,
走り出す,ru,
走り去る,es,
走り回る,es,
走り書き,es,
走力,es,
走力,ru,
走塁,es,
走塁,ru,
走査,es,
走法,es,
走破,es,
走行,es,
起き上がりこぼし,es,
起こり,es,
起債,es,
起因,es,
起業,es,
起算,es,
起草,es,
起訴猶予,es,
起訴猶予,ru,
超,ru,
超人的,es,
超党派,es,
超絶,es,
超能力,es,
超能力,ru,
超自然,es,
越し,es,
越境,es,
越年,es,
越幾斯,ru,
越権,es,
越歴,es,
越歴,ru,
趣向,es,
趣意書,es,
趨勢,es,
足ずり,es,
足らず,es,
足並み,es,
足取り,ru,
足場,es,
足腰,es,
足袋,es,
跡,es,
跡,ru,
跡形,es,
跡目,es,
路傍,es,
路線図,ru,
路肩,es,
路肩,ru,
路面,es,
路頭,es,
跳ね,es,
跳ね上がり,es,
跳ね上がる,es,
跳ね返る,es,
跳馬,ru,
踊らされる,es,
踊らされる,ru,
踊り場,es,
踏み入れる,es,
踏み台,es,
踏み絵,es,
踏み込み,es,
踏み込み,ru,
踏破,es,
踏襲,es,
躍り,es,
躍り,ru,
躍る,ru,
躍動,es,
躍如,es,
躍起,es,
躍進,es,
身上,es,
身代わり,es,
身代金要求,es,
身代金要求,ru,
身体,es,
身体障害者,es,
身分証明書,es,
身動き,es,
身勝手,es,
身売り,es,
身支度,es,
身構え,es,
身辺,es,
身重,es,
身銭,es,
身障者,es,
身障者,ru,
身震い,es,
車,es,
車,ru,
車中,es,
車代,es,
車体,es,
車券,es,
車台,es,
車椅子,ru,
車止め,es,
車種,es,
車種,ru,
車線,es,
車線,ru,
車間距離,es,
車間距離,ru,
軌跡,es,
軌跡,ru,
軍兵,es,
軍勢,es,
軍国,es,
軍属,es,
軍手,es,
軍楽,es,
軍歌,es,
軍法会議,es,
軍港,es,
軍票,es,
軍資金,es,
軍部,es,
軍配,es,
軍需,es,
軍需,ru,
軍靴,es,
軍馬,es,
軒下,es,
軒先,es,
軟式,es,
軟式,ru,
軟投,es,
軟投,ru,
軟派,es,
軟着陸,es,
軟禁,es,
軟調,es,
転がり込む,es,
転げ落ちる,es,
転び寝,es,
転倒,es,
転入,es,
転出,es,
転化,es,
転向,es,
転回,es,
転戦,es,
転生,es,
転生,ru,
転用,es,
転移,es,
転貸,es,
転身,es,
転載,es,
転送,es,
転進,es,
軸受け,es,
軸足,es,
軸足,ru,
軽,ru,
軽はずみ,es,
軽んじる,ru,
軽口,es,
軽妙,es,
軽度,es,
軽機関銃,es,
軽率,ru,
軽症,es,
軽石,es,
軽自動車,es,
軽装,es,
軽重,es,
軽金属,es,
載る,ru,
輝かす,es,
輝度,es,
輩,es,
輩出,es,
輪ゴム,ru,
輪廻,es,
輪番,es,
輪転機,es,
輸出超過,es,
輸液,es,
輸液,ru,
輸銀,es,
輸銀,ru,
辛,es,
辛い,es,
辛い,ru,
辛うじて,es,
辛勝,es,
辛抱強い,es,
辛酸,es,
辞す,es,
辞す,ru,
辞令,es,
辞意,es,
辞表,es,
農作業,es,
農作業,ru,
農作物,es,
農具,es,
農夫,es,
農学部,es,
農学部,ru,
農工,es,
農政,es,
農林水産省,es,
農林水産省,ru,
農業協同組合,ru,
農業試験場,es,
農業試験場,ru,
農機具,es,
農法,es,
農産,ru,
農相,es,
農繁期,es,
農芸,es,
農道,es,
農道,ru,
農閑期,es,
辺,es,
辺,ru,
辺り,es,
辺り,ru,
辺境,es,
辻堂,es,
辻説法,es,
迎え入れる,es,
迎え入れる,ru,
迎え撃つ,es,
迎撃,es,
迎賓館,es,
近代詩,es,
近代詩,ru,
近刊,es,
近年,es,
近来,es,
近況,es,
近畿,es,
近県,es,
近隣,es,
返り咲き,es,
返り点,es,
返る,ru,
返品,es,
返書,es,
返礼,es,
返納,es,
返送,es,
迫撃,es,
迫真,es,
述懐,es,
述語,es,
迷わす,es,
迷惑行為,es,
迷惑行為,ru,
追い上げる,es,
追い上げる,ru,
追い払う,es,
追い求める,ru,
追い立て,es,
追い立てる,es,
追い落とす,es,
追い落とす,ru,
追い討ち,es,
追い越し,es,
追い込み,es,
追っかけ,es,
追っ手,es,
追分,es,
追分,ru,
追加料金,es,
追加料金,ru,
追善,es,
追尾,es,
追徴,es,
追想,es,
追憶,es,
追手,es,
追肥,es,
追試,es,
追試,ru,
追認,es,
追随,es,
退く,es,
退ける,es,
退任,es,
退会,es,
退位,es,
退出,es,
退化,es,
退去,es,
退団,es,
退団,ru,
退場,es,
退官,es,
退室,es,
退室,ru,
退席,es,
退廃的,ru,
退役,es,
退潮,es,
退社,es,
退路,es,
退陣,es,
送りつける,es,
送りつける,ru,
送り先,es,
送り出し,es,
送り出し,ru,
送り出す,es,
送り届ける,es,
送り手,ru,
送り迎え,es,
送信機,es,
送受,es,
送受,ru,
送料,es,
送検,es,
送油管,es,
送球,es,
送稿,es,
送稿,ru,
送致,es,
送迎,es,
送還,es,
逃げ,es,
逃げ切る,es,
逃げ切る,ru,
逃げ回る,es,
逃げ場,es,
逃げ惑う,es,
逃げ腰,es,
逃れる,ru,
逃避行,es,
逆,es,
逆,ru,
逆しま,es,
逆なで,es,
逆探知,es,
逆探知,ru,
逆流,es,
逆算,es,
逆行,es,
逆転勝ち,es,
逆転勝ち,ru,
逆輸入,es,
逆風,es,
逍遥,es,
透かさず,es,
透かし,es,
透徹,es,
透視,es,
透過,es,
透過,ru,
逐一,es,
逐次,es,
逓信,es,
途,es,
途上国,ru,
途方,es,
途端に,es,
途絶,es,
通い,es,
通し,es,
通じ,es,
通じ合う,es,
通じ合う,ru,
通り,es,
通りすがり,es,
通りすがり,ru,
通り抜ける,es,
通り相場,es,
通り越す,es,
通り道,es,
通例,es,
通俗,es,
通信教育,es,
通信教育,ru,
通信簿,es,
通信衛星,es,
通史,es,
通告,es,
通商,es,
通商産業省,es,
通商産業省,ru,
通報,es,
通巻,es,
通年,es,
通念,es,
通性,es,
通気,es,
通産相,es,
通産相,ru,
通産省,es,
通用門,es,
通知表,es,
通算,es,
通航,es,
通説,es,
通販,ru,
通関,es,
通院,es,
通院,ru,
速やか,ru,
速報,es,
速攻,es,
速攻,ru,
速球,es,
速球,ru,
速記,es,
速記録,es,
速読,es,
造り酒屋,es,
造作,es,
造反,ru,
造園,es,
造幣,es,
造形,es,
造成,es,
造林,es,
造花,es,
造詣,es,
造語,es,
連れ,es,
連れてくる,ru,
連れて行く,ru,
連れ出す,es,
連れ去る,es,
連れ添う,es,
連れ立つ,es,
連れ込み宿,es,
連れ込む,es,
連作,es,
連係,es,
連係プレー,es,
連係プレー,ru,
連動,es,
連勝,es,
連句,es,
連合会,es,
連名,es,
連呼,es,
連夜,es,
連山,es,
連峰,es,
連帯保証,es,
連座,es,
連戦,es,
連打,es,
連投,es,
連投,ru,
連敗,es,
連歌,es,
連理,es,
連破,es,
連破,ru,
連結,es,
連結器,es,
連絡先,es,
連絡先,ru,
連行,es,
連覇,es,
連覇,ru,
連記,es,
連載,es,
連鎖,es,
連鎖反応,es,
連関,es,
週内,es,
週内,ru,
週明け,es,
週明け,ru,
進み出る,es,
進取,es,
進塁,es,
進塁,ru,
進度,es,
進捗,es,
進撃,es,
進歩的,es,
進水,es,
進行状況,es,
進行状況,ru,
進言,es,
進講,es,
進軍,es,
進退,es,
進退伺い,es,
進駐,es,
進駐軍,es,
逸機,ru,
遅れを取る,es,
遅れを取る,ru,
遅配,es,
遊休,es,
遊学,es,
遊山,es,
遊技,es,
遊技,ru,
遊撃,es,
遊撃手,es,
遊撃手,ru,
遊歩,es,
遊興,es,
遊説,es,
遊離,es,
運び,es,
運び出す,es,
運び出す,ru,
運動不足,es,
運動不足,ru,
運動神経,ru,
運動費,es,
運動靴,es,
運航,ru,
運転免許,es,
運転免許,ru,
遍歴,es,
過ぎる,es,
過ぎ去る,es,
過不足,es,
過保護,ru,
過信,es,
過大,es,
過失致死,es,
過失致死,ru,
過少申告,es,
過少申告,ru,
過敏,es,
過日,es,
過渡,es,
過疎,ru,
過食,es,
道のり,es,
道交法,es,
道交法,ru,
道徳的,es,
道案内,es,
道楽,es,
道義,es,
道義的責任,ru,
道草,es,
道議会,es,
道議会,ru,
道連れ,es,
達,ru,
達し,es,
達磨,es,
達観,es,
達頼喇嘛,ru,
違和感,ru,
遠からず,es,
遠まわし,es,
遠出,es,
遠巻き,es,
遠投,ru,
遠方,es,
遠方,ru,
遠浅,es,
遠目,es,
遠目,ru,
遣っ付ける,ru,
遣り甲斐,es,
遣り甲斐,ru,
遣唐使,es,
遣唐使,ru,
適任,es,
適否,es,
適地,es,
適役,es,
適性検査,es,
適時,es,
適材適所,ru,
適正,es,
適正価格,es,
適正価格,ru,
適温,es,
適温,ru,
遮断,es,
遮断器,es,
遮断機,es,
遮断機,ru,
遵法,es,
遷宮,es,
遷都,es,
選,es,
選りすぐり,es,
選りすぐり,ru,
選任,es,
選別,es,
選外,es,
選手村,es,
選手村,ru,
選手権,es,
選択肢,ru,
選挙人,es,
選挙公報,es,
選挙公報,ru,
選挙運動,es,
選曲,es,
選曲,ru,
選書,es,
選書,ru,
選考,es,
選者,es,
選良,es,
選評,es,
選評,ru,
選集,es,
遺伝子工学,ru,
遺影,ru,
遺構,ru,
還流,es,
邦字,es,
邦訳,es,
邦題,es,
邦題,ru,
邪,es,
邪道,es,
邸内,es,
郡部,es,
部会,es,
部位,es,
部内,es,
部外,es,
部局,es,
部数,es,
部活,ru,
部署,es,
部首,ru,
郵便切手,es,
郵便切手,ru,
郵便受け,es,
郵便為替,es,
郵船,es,
郵貯,es,
郵貯,ru,
郷土色,es,
都,es,
都市ガス,ru,
都市国家,es,
都市国家,ru,
都市計画,es,
都市部,ru,
都度,es,
都政,es,
都政,ru,
都民,es,
都立,es,
都議,es,
都道府県,es,
酉,es,
酋長,es,
酌む,es,
酌む,ru,
配り物,ru,
配下,es,
配信,ru,
配備,es,
配合,es,
配本,es,
配点,es,
配球,es,
配球,ru,
配管,es,
配線,es,
配船,es,
配色,es,
配車,es,
配送先,es,
配送先,ru,
配電,es,
酒,es,
酒,ru,
酒乱,es,
酒好き,es,
酒席,es,
酒気,es,
酒盛り,es,
酒蔵,es,
酒豪,es,
酒販,es,
酒造,es,
酒造り,es,
酒造り,ru,
酒量,es,
酒飲み,es,
酢の物,es,
酷,es,
酷く,es,
酷く,ru,
酷使,es,
酷寒,es,
酸化防止剤,es,
酸化防止剤,ru,
酸素吸入,es,
酸素吸入,ru,
醍醐味,es,
醜女,es,
醜悪,es,
醜態,es,
醸し出す,es,
醸し出す,ru,
醸成,es,
醸造,es,
里帰り,es,
里親,es,
重々しい,es,
重き,es,
重し,es,
重なり,es,
重なり合う,es,
重ね,es,
重ね合わせ,es,
重ね合わせ,ru,
重ね着,es,
重り,es,
重る,es,
重加算税,es,
重加算税,ru,
重労働,es,
重厚,es,
重厚,ru,
重奏,es,
重奏,ru,
重層,es,
重度,ru,
重文,es,
重文,ru,
重機関銃,es,
重水素,es,
重油,es,
重版,es,
重税,es,
重篤,es,
重篤,ru,
重罪,es,
重臣,es,
重要性,es,
重要文化財,es,
重要文化財,ru,
重要視,es,
重金属,es,
重鎮,es,
野中,es,
野人,es,
野合,es,
野営,es,
野外劇,es,
野宿,es,
野山,es,
野戦,es,
野手,es,
野手,ru,
野放し,es,
野放図,es,
野末,es,
野球部,es,
野良,es,
野良犬,es,
野良猫,es,
野草,es,
野菊,es,
野辺,es,
野道,es,
量子,es,
量感,es,
量感,ru,
量的,es,
量販店,es,
量販店,ru,
金がない,es,
金がない,ru,
金具,es,
金券,es,
金剛,es,
金城,es,
金堂,es,
金婚式,es,
金字塔,es,
金屏風,es,
金山,es,
金工,es,
金平,es,
金星,es,
金星,ru,
金石,es,
金科玉条,es,
金策,es,
金箔,es,
金糸,es,
金糸雀,ru,
金網,es,
金脈,es,
金融市場,es,
金融庁,es,
金融庁,ru,
金製,es,
金鉱,es,
金銀,es,
針路,es,
釣り堀,es,
釣り場,es,
釣り銭,es,
釣具,es,
鈍,es,
鈍らす,es,
鈍化,es,
鈍化,ru,
鈍器,es,
鈍行,es,
鈍行,ru,
鉄則,es,
鉄塔,es,
鉄壁,es,
鉄工,es,
鉄条網,es,
鉄板,es,
鉄柱,es,
鉄柱,ru,
鉄火,es,
鉄砲水,es,
鉄砲水,ru,
鉄線,es,
鉄腕,es,
鉄腕,ru,
鉄道網,es,
鉢合わせ,es,
鉢植え,es,
鉱区,es,
鉱毒,es,
銀,es,
銀世界,es,
銀幕,es,
銀座,es,
銀杯,es,
銀盤,es,
銀製,es,
銃剣,es,
銃口,es,
銃器,es,
銃声,es,
銃撃,es,
銃火,es,
銃身,es,
銅板,es,
銅版画,es,
銅版画,ru,
銅線,es,
銅鐸,es,
銅鐸,ru,
銑鉄,es,
銘打つ,es,
銘打つ,ru,
銘文,es,
銘柄,es,
銘記,es,
銚子,es,
銭,es,
鋳型,es,
鋳物,es,
鋼材,es,
鋼板,es,
鋼管,es,
錦絵,es,
錯乱,es,
錯綜,es,
録画,ru,
録音テープ,ru,
録音機,es,
鍋物,es,
鍛錬,es,
鍾乳洞,es,
鎌倉,es,
鎮圧,es,
鎮守,es,
鎮定,es,
鎮座,es,
鎮火,es,
鎮痛剤,es,
鎮痛剤,ru,
鎮静,es,
鎮魂,ru,
鏡面,es,
鏡面,ru,
鐘楼,es,
鑑別,es,
鑑識,es,
長い間,es,
長い間,ru,
長丁場,es,
長兄,es,
長唄,es,
長子,es,
長官,es,
長官,ru,
長屋,es,
長崎,es,
長幼,es,
長征,es,
長征,ru,
長径,es,
長径,ru,
長打,es,
長打,ru,
長文,es,
長時間,es,
長期的,ru,
長柄,es,
長江,es,
長生,es,
長蛇の列,es,
長蛇の列,ru,
門下,es,
門下生,es,
門出,es,
門前,es,
門前払い,es,
門前町,es,
門外,es,
門外漢,es,
門徒,es,
門戸開放政策,es,
門戸開放政策,ru,
門扉,es,
門松,es,
門柱,es,
門限,es,
閉じ込める,es,
閉まり,es,
閉まり,ru,
閉塞,es,
閉山,es,
閉山,ru,
閉幕,es,
閉廷,es,
閉校,es,
閉経,ru,
閉館,es,
開き,es,
開き直る,es,
開ける,es,
開口,es,
開国,es,
開園,es,
開園,ru,
開城,es,
開城,ru,
開場,es,
開墾,es,
開始時刻,es,
開始時刻,ru,
開局,es,
開局,ru,
開山,es,
開店休業,ru,
開廷,es,
開所,es,
開所,ru,
開明,es,
開校,es,
開業医,es,
開港,es,
開発元,es,
開発元,ru,
開発者,es,
開発途上国,es,
開発途上国,ru,
開発部,es,
開発部,ru,
開眼,es,
開示,es,
開票,es,
開腹,es,
開腹,ru,
開運,es,
開門,es,
開閉,es,
開館,es,
閑古鳥,es,
閑散,es,
間,es,
間中,ru,
間仕切り,es,
間伐,es,
間取り,es,
間口,es,
間引き,es,
間引く,es,
間接的,ru,
間接選挙,es,
間接選挙,ru,
間数,es,
間断,es,
間違いない,ru,
関わらず,es,
関取,es,
関心事,es,
関白,es,
関脇,ru,
関西人,es,
関西人,ru,
関西弁,es,
関西弁,ru,
閣下,es,
閣内,es,
閣外,es,
閣議,es,
閥,es,
閾値,ru,
闊達,es,
闘病,es,
阪神,es,
防寒,es,
防毒,es,
防毒,ru,
防波堤,es,
防災,ru,
防犯カメラ,ru,
防疫,es,
防空,es,
防空壕,es,
防腐,es,
防臭,es,
防虫,es,
防虫,ru,
防虫剤,es,
防衛庁,es,
防衛庁,ru,
防衛施設庁,es,
防衛施設庁,ru,
防除,es,
防除,ru,
阻害,es,
降らす,es,
降りしきる,es,
降り出す,es,
降り注ぐ,es,
降り積もる,es,
降り積もる,ru,
降圧剤,es,
降圧剤,ru,
降板,es,
降板,ru,
降格,ru,
限り限り,es,
限り限り,ru,
限度額,es,
限度額,ru,
院生,ru,
陣中,es,
陣取り,es,
陣取る,es,
陣営,es,
陣地,es,
陣容,es,
陣屋,es,
陣幕,es,
陣痛,es,
陣頭,es,
除いて,es,
除名,es,
除幕式,es,
除湿,ru,
除籍,es,
除草,es,
除菌,es,
除菌,ru,
除隊,es,
除雪,es,
陥落,es,
陪審,es,
陰,es,
陰,ru,
陰湿,ru,
陳情,es,
陳述,es,
陵,es,
陵墓,es,
陵墓,ru,
陶磁,es,
陶磁,ru,
陶磁器,es,
陸上競技,es,
陸上自衛隊,es,
陸上自衛隊,ru,
陸地,es,
陸戦,es,
陸揚げ,es,
陸海,ru,
陸続き,es,
陸続き,ru,
陸路,es,
陸送,es,
陸送,ru,
陸運,es,
陽,es,
陽子,ru,
隅々,es,
隆起,es,
隊列,es,
隊員,es,
隊長,es,
階下,es,
階級闘争,es,
随一,es,
随伴,es,
随員,es,
随想,es,
随意,es,
随所,es,
随行,es,
隔たり,es,
隔て,es,
隔世,es,
隔壁,es,
隔年,es,
隔絶,es,
隙,es,
際する,es,
際する,ru,
際会,es,
障害者,es,
障害者,ru,
隠し引き出し,ru,
隠れ家,es,
隠匿,es,
隣室,es,
隣席,es,
隣組,es,
隣近所,es,
隷書,es,
隼,es,
雄,es,
雄,ru,
雄姿,es,
雄弁,es,
雄花,es,
雅号,es,
雅文,es,
雅致,es,
集い,es,
集る,ru,
集中力,es,
集中力,ru,
集中豪雨,es,
集中豪雨,ru,
集大成,es,
集成,es,
集散,es,
集票,es,
集票,ru,
集結,es,
集荷,es,
集配,es,
雇い,es,
雌,es,
雌,ru,
雌花,es,
雌花,ru,
雑,es,
雑,ru,
雑則,es,
雑多,es,
雑学,es,
雑居,es,
雑木,es,
雑炊,es,
雑用,es,
雑穀,es,
雑菌,es,
雑菌,ru,
雑食,es,
雛,ru,
離れ離れ,es,
離乳食,ru,
離任,es,
離党,es,
離別,es,
離反,es,
離合,es,
離宮,es,
離宮,ru,
離島,es,
離散,es,
離日,es,
離着陸,es,
離職,es,
離脱,es,
離農,es,
離農,ru,
難所,es,
難曲,es,
難曲,ru,
難波,es,
難渋,es,
難燃加工,ru,
難物,es,
雨が降る,es,
雨が降る,ru,
雨上がり,es,
雨中,es,
雨天順延,es,
雨天順延,ru,
雨模様,es,
雪だるま,es,
雪上,es,
雪上,ru,
雪中,es,
雪原,es,
雪国,es,
雪国,ru,
雪山,es,
雪山,ru,
雪崩,ru,
雪景色,es,
雪特尼,ru,
雪辱,es,
雪道,es,
雲母,es,
雲水,es,
雲泥の差,es,
雲泥の差,ru,
雲行き,es,
零敗,es,
零細,es,
雷,es,
雷雲,es,
電卓,ru,
電子部品,ru,
電子顕微鏡,es,
電子顕微鏡,ru,
電工,es,
電気分解,es,
電気炉,es,
電池切れ,es,
電池切れ,ru,
電波望遠鏡,es,
電波望遠鏡,ru,
電源ケーブル,es,
電源ケーブル,ru,
電源開発,es,
電源開発,ru,
電磁,ru,
電磁気,es,
電算,es,
電算,ru,
電算機,es,
電算機,ru,
電荷,es,
電解質,es,
電解質,ru,
電話口,es,
電話線,es,
電送,es,
電通大,es,
電通大,ru,
電鉄,es,
電離,es,
震え上がる,es,
震動,es,
震撼,es,
震源,es,
震災,es,
霊,es,
霊前,es,
霊場,es,
霊安室,es,
霊安室,ru,
霊山,es,
霊泉,es,
霊界,es,
霊長,es,
霊験,es,
霊魂,es,
霜降り,es,
霧吹き,es,
露,es,
露,ru,
露呈,es,
露地,es,
露天商,es,
露天商,ru,
露天風呂,es,
露天風呂,ru,
露払い,es,
露見,es,
青信号,ru,
青山,es,
青嵐,es,
青年団,es,
青柳,es,
青田買い,es,
青砥,es,
青砥,ru,
青票,es,
青竹,es,
青色,ru,
青色申告,es,
青酸カリ,es,
青酸カリ,ru,
青銅器,es,
青銅器,ru,
青雲,es,
靖国神社,es,
靖国神社,ru,
静けさ,es,
静まり返る,es,
静岡,es,
静物,es,
静穏,es,
静養,es,
非公開,es,
非凡,es,
非力,es,
非合法,es,
非合理,es,
非合理,ru,
非国民,es,
非売品,es,
非常手段,es,
非常手段,ru,
非常時,es,
非戦闘員,es,
非業の死,es,
非生産的,es,
非番,es,
非道,es,
面,es,
面,ru,
面と向かう,es,
面と向かう,ru,
面持ち,es,
面白,ru,
面白がる,es,
面相,es,
面食らう,es,
革製品,es,
鞍馬,ru,
韓国語,ru,
音信,es,
音域,es,
音程,es,
音訓,ru,
音読み,ru,
音響効果,ru,
響めく,es,
頂きます,ru,
頂ける,es,
頂ける,ru,
順々,es,
順に,es,
順延,es,
順当,es,
順次,es,
順送り,es,
順送り,ru,
順風,es,
順風満帆,es,
預かり,es,
預かり所,es,
預け,es,
預け,ru,
預け入れる,es,
預り証,es,
預り証,ru,
預言,ru,
預託,es,
預託,ru,
預貯金,es,
預貸率,es,
預貸率,ru,
頑として,es,
頑固,ru,
頑張って,es,
頑張って,ru,
頑強,es,
領内,es,
領分,es,
領有,es,
領袖,es,
頭,es,
頭,ru,
頭上,es,
頭巾,es,
頭文字,es,
頭角,es,
頭頂,es,
頭骨,ru,
頼み込む,es,
題字,es,
題材,es,
題目,es,
額,es,
額面,es,
額面割れ,es,
額面割れ,ru,
顎,es,
顎,ru,
顔,es,
顔,ru,
顔を出す,es,
顔を出す,ru,
顔を潰す,es,
顔を潰す,ru,
顔合わせ,es,
顔役,es,
顔料,es,
顔見知り,ru,
顕在,es,
顕彰,es,
願,es,
願い下げ,es,
願い出,es,
願い出る,es,
願望,ru,
類する,es,
類例,es,
類書,es,
顧客満足,ru,
風,es,
風俗営業,es,
風俗営業,ru,
風光,es,
風前,es,
風合い,ru,
風向,es,
風土病,es,
風土記,es,
風圧,es,
風変わり,es,
風当たり,es,
風情,es,
風格,es,
風洞,es,
風洞,ru,
風潮,es,
風物,es,
風物詩,es,
風穴,es,
風見,es,
風貌,es,
風邪気,es,
風雪,es,
風雲,es,
風靡,es,
颯と,ru,
飛,es,
飛,ru,
飛ばし,es,
飛ばし,ru,
飛び下り,es,
飛び乗る,es,
飛び交う,es,
飛び入り,es,
飛び出し,es,
飛び出し,ru,
飛び出る,es,
飛び去る,es,
飛び回る,es,
飛び地,es,
飛び抜ける,es,
飛び抜ける,ru,
飛び散る,es,
飛び火,es,
飛び立つ,es,
飛び起きる,es,
飛び越える,es,
飛び越す,es,
飛び込み,es,
飛んだ,es,
飛散,es,
飛来,es,
飛沫,es,
飛球,es,
飛球,ru,
飛翔,es,
飛脚,es,
飛行,es,
飛行,ru,
飛行艇,es,
飛車,es,
食い入る,es,
食い物,es,
食い逃げ,es,
食べ歩き,es,
食べ歩き,ru,
食べ残し,es,
食べ残す,es,
食べ残す,ru,
食べ過ぎ,es,
食らいつく,es,
食らいつく,ru,
食わす,es,
食わず嫌い,es,
食事時,es,
食事時,ru,
食券,es,
食前,es,
食堂,es,
食指,es,
食材,es,
食材,ru,
食管法,es,
食管法,ru,
食糧庁,es,
食糧庁,ru,
食肉,ru,
食通,ru,
飯,es,
飯,ru,
飯店,ru,
飲ます,ru,
飲み会,ru,
飲み放題,ru,
飲酒運転,ru,
飴,es,
飴,ru,
飼い猫,es,
飽くまでも,es,
飽食,es,
飾り付け,es,
飾り気,es,
飾り物,es,
養い,es,
養子縁組,es,
養子縁組,ru,
養母,es,
養父,es,
養生,es,
養老,es,
養老院,es,
養育,es,
養蚕,es,
養護教諭,ru,
養豚,es,
養鶏,es,
餓死,es,
館内,ru,
館員,es,
館員,ru,
饒舌,es,
饗宴,es,
饗宴,ru,
饗応,es,
首,es,
首,ru,
首尾,es,
首班,es,
首級,es,
首級,ru,
首脳部,es,
首謀,es,
首謀,ru,
首都圏,es,
首都圏,ru,
首領,es,
首飾り,ru,
香典,es,
香典返し,es,
香典返し,ru,
香味,es,
香料,es,
香水,es,
香水,ru,
馬上,es,
馬主,es,
馬主,ru,
馬克,es,
馬克,ru,
馬券,es,
馬来西亜,ru,
馬穴,ru,
馬身,es,
馬頭,es,
馴染む,es,
駄菓子,es,
駄菓子屋,es,
駅前,ru,
駅舎,ru,
駆けっこ,es,
駆けつける,es,
駆けつけ三杯,es,
駆けつけ三杯,ru,
駆け上がる,es,
駆け出す,es,
駆け回る,es,
駆け寄る,es,
駆け巡る,es,
駆け巡る,ru,
駆け引き,es,
駆け込み,es,
駆け込み,ru,
駆け込む,es,
駆り立てる,es,
駆使,es,
駆動,es,
駆動,ru,
駆逐,es,
駐在,es,
駐在所,es,
駐留,es,
騎乗,es,
騒乱,es,
騒然,es,
騰勢,es,
驚くほど,es,
驚くほど,ru,
骨,es,
骨壷,es,
骨太,es,
骨子,es,
骨抜き,es,
骨粗鬆症,es,
骨粗鬆症,ru,
骨組み,es,
骨肉,es,
骨身,es,
骨髄,es,
髄膜炎,es,
髄膜炎,ru,
高ぶる,es,
高まり,es,
高み,es,
高らか,es,
高下,es,
高位,es,
高僧,es,
高卒,es,
高卒,ru,
高収入,es,
高収入,ru,
高台,es,
高周波,es,
高品質,ru,
高学年,es,
高学年,ru,
高官,es,
高密度,es,
高密度,ru,
高専,es,
高射特科,es,
高射特科,ru,
高射砲,es,
高山病,es,
高峰,es,
高嶺,es,
高座,es,
高徳,es,
高性能,es,
高感度,es,
高機能,es,
高機能,ru,
高水準,ru,
高波,es,
高潮,es,
高瀬,es,
高瀬,ru,
高炉,es,
高点,es,
高空,es,
高等専門学校,es,
高等専門学校,ru,
高等教育,ru,
高等科,es,
高等裁判所,es,
高精度,es,
高精度,ru,
高級ホテル,es,
高級ホテル,ru,
高緯度,es,
高血圧,es,
高裁,es,
高見,es,
高言,es,
高速バス,es,
高速バス,ru,
高速度,es,
高速道路,ru,
高配,es,
高野豆腐,es,
高額,es,
高飛車,es,
高麗,es,
高齢者,es,
髪,es,
髪,ru,
髪型,ru,
髪結い,es,
髪飾り,es,
鬼子母神,es,
鬼才,es,
鬼才,ru,
鬼気,es,
鬼神,es,
鬼門,es,
魂,es,
魂,ru,
魂胆,es,
魅入る,es,
魅力的,es,
魅力的,ru,
魔,es,
魔女狩り,es,
魔女狩り,ru,
魔物,es,
魚介,es,
魚介類,es,
魚介類,ru,
魚市場,es,
魚河岸,es,
魚釣り,es,
魚類,es,
鮮度,es,
鮮明,es,
鮮烈,ru,
鳥人,es,
鳥獣,es,
鳥肌,es,
鳩首,es,
鳴き声,es,
鳴り,es,
鳴り物入り,es,
鳴子,es,
鳴門,es,
鷹匠,es,
麦畑,es,
麦茶,es,
麻布,es,
麻雀,ru,
黄ばむ,es,
黄土,es,
黄河,es,
黄海,es,
黄疸,es,
黄緑,es,
黄緑,ru,
黄金時代,ru,
黎巴嫩,ru,
黎明,es,
黒い霧,ru,
黒ずむ,ru,
黒光り,es,
黒土,es,
黒地,es,
黒塗り,es,
黒山,es,
黒幕,es,
黒星,es,
黒木,es,
黒松,es,
黒潮,es,
黒潮,ru,
黒点,es,
黒白,es,
黒砂糖,es,
黒鳥,es,
黒鳥,ru,
黙殺,es,
黙示,es,
黙秘,es,
黙認,es,
鼓,es,
鼓舞,es,
鼻息,es,
鼻歌,es,
鼻炎,ru,
鼻高々,es,
齢,es,
１万,ru,
１対１,ru,
１浪,ru,
１００億,ru,
１００円ショップ,ru,
１００均,ru,
１０００円,ru,
１１日,ru,
１２日,ru,
１３日,ru,
１４日,ru,
１５日,ru,
１６日,ru,
１７日,ru,
１８日,es,
１８日,ru,
１８０度,es,
１８０度,ru,
１９日,ru,
２１日,es,
２１日,ru,
２２日,es,
２２日,ru,
２３日,ru,
２４日,ru,
２５日,ru,
２６日,es,
２６日,ru,
２７日,es,
２７日,ru,
２８日,es,
２８日,ru,
２９日,es,
２９日,ru,
３時,ru,
３０日,ru,
３１日,ru,
３８度線,es,
３８度線,ru,
４時,ru,
７時,es,
７時,ru,
