master_symbol,en_name_seed,lang_code,name,system_mnemonic,search_tags
⺍,,en,Horn,Three sharp spikes pointing up look like the horns of a small animal.,"""[""""horn"""",""""spike"""",""""top""""]"""
⺍,,es,Cuerno,Tres picos afilados en la parte superior parecen los cuernos de un animal.,"""[""""cuerno"""",""""pico"""",""""arriba""""]"""
⺍,,ru,Рога,Три острых шипа наверху выглядят как рога маленького животного.,"""[""""рога"""",""""шипы"""",""""верх""""]"""
⺤,,en,Claw,A hand reaching down with sharp nails looks like a predator's claw.,"""[""""claw"""",""""hand"""",""""nail""""]"""
⺤,,es,Garra,Una mano que baja con uñas afiladas parece la garra de un depredador.,"""[""""garra"""",""""mano"""",""""uña""""]"""
⺤,,ru,Коготь,Рука с острыми ногтями тянется вниз словно коготь хищника.,"""[""""коготь"""",""""рука"""",""""ногти""""]"""
⻌,,en,Road,The long line at the bottom represents a road for a person to walk on.,"""[""""road"""",""""walk"""",""""movement""""]"""
⻌,,es,Camino,La línea larga en la parte inferior representa un camino para caminar.,"""[""""camino"""",""""andar"""",""""movimiento""""]"""
⻌,,ru,Дорога,Длинная линия внизу представляет собой дорогу по которой идет человек.,"""[""""дорога"""",""""ходьба"""",""""движение""""]"""
⻖,,en,Mound,The shape looks like a steep mound of earth or a small hill.,"""[""""mound"""",""""hill"""",""""wall""""]"""
⻖,,es,Montículo,La forma parece un montículo de tierra empinado o una colina pequeña.,"""[""""montículo"""",""""colina"""",""""muro""""]"""
⻖,,ru,Холм,Форма напоминает крутой земляной холм или небольшую насыпь.,"""[""""холм"""",""""насыпь"""",""""стена""""]"""
マ,,en,Katakana Ma,The shape is the katakana character Ma used as a component.,"""[""""ma"""",""""katakana""""]"""
マ,,es,Katakana Ma,La forma es el carácter katakana Ma utilizado como componente.,"""[""""ma"""",""""katakana""""]"""
マ,,ru,Катакана Ма,Форма представляет собой символ катаканы Ма используемый как элемент.,"""[""""ма"""",""""катакана""""]"""
㐬,a cup with pendants,en,Banner,A pole with several pendants hanging down looks like a decorative banner.,"""[""""banner"""",""""flag"""",""""pendant""""]"""
㐬,a cup with pendants,es,Estandarte,Un asta con varios colgantes parece un estandarte decorativo.,"""[""""estandarte"""",""""bandera"""",""""colgante""""]"""
㐬,a cup with pendants,ru,Знамя,Шест с несколькими свисающими подвесками напоминает декоративное знамя.,"""[""""знамя"""",""""флаг"""",""""подвеска""""]"""
㐭,,en,Granary,A tall building with a roof used to store grain safely.,"""[""""granary"""",""""storehouse"""",""""grain""""]"""
㐭,,es,Granero,Un edificio alto con techo utilizado para almacenar grano de forma segura.,"""[""""granero"""",""""almacén"""",""""grano""""]"""
㐭,,ru,Амбар,Высокое здание с крышей используемое для хранения зерна.,"""[""""амбар"""",""""склад"""",""""зерно""""]"""
㑒,,en,Cap,A lid or cap covering the top of a person or object.,"""[""""cap"""",""""lid"""",""""cover""""]"""
㑒,,es,Gorra,Una tapa o gorra que cubre la parte superior de una persona u objeto.,"""[""""gorra"""",""""tapa"""",""""cubierta""""]"""
㑒,,ru,Кепка,Крышка или кепка закрывающая верхнюю часть человека или предмета.,"""[""""кепка"""",""""крышка"""",""""покров""""]"""
㔾,,en,Stamp,A small hand-held stamp used to press a seal onto paper.,"""[""""stamp"""",""""seal"""",""""kneel""""]"""
㔾,,es,Sello,Un pequeño sello de mano utilizado para presionar una marca en el papel.,"""[""""sello"""",""""marca"""",""""arrodillarse""""]"""
㔾,,ru,Печать,Небольшая ручная печать используемая для оттиска на бумаге.,"""[""""печать"""",""""клеймо"""",""""колено""""]"""
㕣,a marsh at the foot of the hills,en,Marsh,Water gathering in a low spot at the foot of a hill creates a marsh.,"""[""""marsh"""",""""swamp"""",""""valley""""]"""
㕣,a marsh at the foot of the hills,es,Pantano,El agua que se acumula en un lugar bajo al pie de una colina crea un pantano.,"""[""""pantano"""",""""ciénaga"""",""""valle""""]"""
㕣,a marsh at the foot of the hills,ru,Болото,Вода собирающаяся в низине у подножия холма образует болото.,"""[""""болото"""",""""трясина"""",""""долина""""]"""
㝵,to get,en,Acquisition,Using hands and tools to gather and get what you need.,"""[""""get"""",""""obtain"""",""""acquisition""""]"""
㝵,to get,es,Adquisición,Usar las manos y herramientas para recolectar y obtener lo que necesitas.,"""[""""obtener"""",""""conseguir"""",""""adquisición""""]"""
㝵,to get,ru,Приобретение,Использование рук и инструментов чтобы собрать и получить необходимое.,"""[""""получать"""",""""приобретать"""",""""добыча""""]"""
㠯,,en,Container,A box-like shape used for holding and organizing items.,"""[""""container"""",""""box"""",""""holder""""]"""
㠯,,es,Contenedor,Una forma similar a una caja utilizada para guardar y organizar artículos.,"""[""""contenedor"""",""""caja"""",""""soporte""""]"""
㠯,,ru,Контейнер,Коробчатая форма используемая для хранения и организации вещей.,"""[""""контейнер"""",""""ящик"""",""""хранилище""""]"""
㳟,,en,Respect,A person bowing deeply with water flowing nearby in a garden of respect.,"""[""""respect"""",""""honor"""",""""bow""""]"""
㳟,,es,Respeto,Una persona que se inclina profundamente con agua fluyendo cerca en un jardín de respeto.,"""[""""respeto"""",""""honor"""",""""reverencia""""]"""
㳟,,ru,Уважение,Человек глубоко кланяется рядом с текущей водой в саду уважения.,"""[""""уважение"""",""""почет"""",""""поклон""""]"""
䍃,a vase,en,Vase,A tall elegant vessel designed to hold flowers or water.,"""[""""vase"""",""""jar"""",""""pot""""]"""
䍃,a vase,es,Jarrón,Un recipiente alto y elegante diseñado para contener flores o agua.,"""[""""jarrón"""",""""vasija"""",""""florero""""]"""
䍃,a vase,ru,Ваза,Высокий элегантный сосуд предназначенный для цветов или воды.,"""[""""ваза"""",""""кувшин"""",""""сосуд""""]"""
䏍,,en,Womb,A protected inner space where life grows and develops.,"""[""""womb"""",""""belly"""",""""inside""""]"""
䏍,,es,Útero,Un espacio interior protegido donde la vida crece y se desarrolla.,"""[""""útero"""",""""vientre"""",""""dentro""""]"""
䏍,,ru,Утроба,Защищенное внутреннее пространство где растет и развивается жизнь.,"""[""""утроба"""",""""живот"""",""""внутри""""]"""
䒑,grass,en,Grass,Small sprouts of grass pushing up through the soil.,"""[""""grass"""",""""sprout"""",""""plant""""]"""
䒑,grass,es,Hierba,Pequeños brotes de hierba que empujan a través del suelo.,"""[""""hierba"""",""""pasto"""",""""planta""""]"""
䒑,grass,ru,Трава,Маленькие ростки травы пробивающиеся сквозь почву.,"""[""""трава"""",""""росток"""",""""растение""""]"""
䚯,"to quell (uprising, rebellion, etc.) to punish (another nation, etc.) by force of arms",en,Punishment,Using words and weapons to quell a rebellion or punish an offender.,"""[""""punish"""",""""quell"""",""""force""""]"""
䚯,"to quell (uprising, rebellion, etc.) to punish (another nation, etc.) by force of arms",es,Castigo,Usar palabras y armas para sofocar una rebelión o castigar a un delincuente.,"""[""""castigo"""",""""reprimir"""",""""fuerza""""]"""
䚯,"to quell (uprising, rebellion, etc.) to punish (another nation, etc.) by force of arms",ru,Наказание,Использование слов и оружия для подавления восстания или наказания.,"""[""""наказание"""",""""кара"""",""""сила""""]"""
䩗,,en,Scabbard,A protective sheath used to hold the blade of a sword.,"""[""""scabbard"""",""""sheath"""",""""sword""""]"""
䩗,,es,Vaina,Una funda protectora utilizada para guardar la hoja de una espada.,"""[""""vaina"""",""""funda"""",""""espada""""]"""
䩗,,ru,Ножны,Защитный чехол используемый для хранения лезвия меча.,"""[""""ножны"""",""""чехол"""",""""меч""""]"""
一,one,en,Ceiling,A single horizontal line representing a flat ceiling or floor.,"""[""""one"""",""""ceiling"""",""""floor""""]"""
一,one,es,Techo,Una sola línea horizontal que representa un techo plano o el suelo.,"""[""""uno"""",""""techo"""",""""suelo""""]"""
一,one,ru,Потолок,Одна горизонтальная линия представляющая плоский потолок или пол.,"""[""""один"""",""""потолок"""",""""пол""""]"""
丁,street,en,Street,The shape of a T-junction where two streets meet.,"""[""""street"""",""""nail"""",""""t-shape""""]"""
丁,street,es,Calle,La forma de un cruce en T donde se encuentran dos calles.,"""[""""calle"""",""""clavo"""",""""forma-t""""]"""
丁,street,ru,Улица,Форма Т-образного перекрестка где встречаются две улицы.,"""[""""улица"""",""""гвоздь"""",""""т-образный""""]"""
丂,obstruction of breath (qi) as it seeks release,en,Hook,A bent hook that catches something and obstructs its path.,"""[""""hook"""",""""breath"""",""""block""""]"""
丂,obstruction of breath (qi) as it seeks release,es,Gancho,Un gancho doblado que atrapa algo y obstruye su camino.,"""[""""gancho"""",""""aliento"""",""""bloqueo""""]"""
丂,obstruction of breath (qi) as it seeks release,ru,Крюк,Изогнутый крюк который цепляет что-то и преграждает путь.,"""[""""крюк"""",""""дыхание"""",""""преграда""""]"""
七,seven,en,Seven,Seven items sliced together by a single horizontal line.,"""[""""seven"""",""""number""""]"""
七,seven,es,Siete,Siete elementos cortados juntos por una sola línea horizontal.,"""[""""siete"""",""""número""""]"""
七,seven,ru,Семь,Семь предметов перечеркнутых одной горизонтальной линией.,"""[""""семь"""",""""число""""]"""
万,ten thousand,en,Myriad,A huge number like ten thousand insects moving together.,"""[""""myriad"""",""""ten thousand"""",""""many""""]"""
万,ten thousand,es,Miriada,Un número enorme como diez mil insectos moviéndose juntos.,"""[""""miriada"""",""""diez mil"""",""""muchos""""]"""
万,ten thousand,ru,Мириада,Огромное число подобное десяти тысячам насекомых движущихся вместе.,"""[""""мириада"""",""""десять тысяч"""",""""много""""]"""
丈,length,en,Cane,A walking cane used to measure a certain length on the ground.,"""[""""length"""",""""cane"""",""""measure""""]"""
丈,length,es,Bastón,Un bastón de caminar utilizado para medir una cierta longitud en el suelo.,"""[""""longitud"""",""""bastón"""",""""medida""""]"""
丈,length,ru,Трость,Трость для ходьбы используемая для измерения определенной длины на земле.,"""[""""длина"""",""""трость"""",""""мера""""]"""
三,three,en,Three,Three horizontal lines stacked to represent the number three.,"""[""""three"""",""""number""""]"""
三,three,es,Tres,Tres líneas horizontales apiladas para representar el número tres.,"""[""""tres"""",""""número""""]"""
三,three,ru,Три,Три горизонтальные линии сложенные вместе обозначают число три.,"""[""""три"""",""""число""""]"""
上,above,en,Above,A platform with a mark pointing upwards to show the space above.,"""[""""above"""",""""up"""",""""top""""]"""
上,above,es,Arriba,Una plataforma con una marca que apunta hacia arriba para mostrar el espacio superior.,"""[""""arriba"""",""""encima"""",""""superior""""]"""
上,above,ru,Над,Платформа с отметкой указывающей вверх чтобы показать пространство над ней.,"""[""""над"""",""""вверх"""",""""верх""""]"""
下,below,en,Below,A platform with a mark pointing downwards to show the space below.,"""[""""below"""",""""down"""",""""bottom""""]"""
下,below,es,Abajo,Una plataforma con una marca que apunta hacia abajo para mostrar el espacio inferior.,"""[""""abajo"""",""""debajo"""",""""inferior""""]"""
下,below,ru,Воронка,Широкая воронка используемая для наливания жидкости в узкое отверстие.,"""[""""воронка"""",""""быть"""",""""сосуд""""]"""
不,negative,en,Bird,"A bird flying away from its nest to signify ""not"" being there.","""[""""negative"""",""""not"""",""""no""""]"""
不,negative,es,Negativo,"Un pájaro que vuela lejos de su nido para significar que ""no"" está allí.","""[""""negativo"""",""""no"""",""""pájaro""""]"""
不,negative,ru,Отрицание,Птица улетающая из гнезда чтобы показать что её там «нет».,"""[""""нет"""",""""не"""",""""отрицание""""]"""
与,bestow,en,Gift,Handing over a gift to bestow honor upon someone.,"""[""""bestow"""",""""give"""",""""gift""""]"""
与,bestow,es,Otorgar,Entregar un regalo para otorgar honor a alguien.,"""[""""otorgar"""",""""dar"""",""""regalo""""]"""
与,bestow,ru,Даровать,Вручение подарка чтобы даровать кому-то почести.,"""[""""даровать"""",""""давать"""",""""дар""""]"""
丑,sign of the ox or cow,en,Cow,The horns and head of a cow tied to a post.,"""[""""cow"""",""""ox"""",""""zodiac""""]"""
丑,sign of the ox or cow,es,Vaca,Los cuernos и la cabeza de una vaca atada a un poste.,"""[""""vaca"""",""""buey"""",""""zodiaco""""]"""
丑,sign of the ox or cow,ru,Корова,Рога и голова коровы привязанной к столбу.,"""[""""корова"""",""""бык"""",""""зодиак""""]"""
且,moreover,en,Shelf,"A shelf with many items stacked up, meaning ""moreover"" or ""furthermore"".","""[""""moreover"""",""""shelf"""",""""further""""]"""
且,moreover,es,Estante,"Un estante con muchos artículos apilados, que significa ""además"" o ""asimismo"".","""[""""además"""",""""estante"""",""""asimismo""""]"""
且,moreover,ru,Полка,Полка с множеством сложенных предметов означающая «кроме того» или «вдобавок».,"""[""""кроме того"""",""""полка"""",""""вдобавок""""]"""
世,generation,en,World,Thirty years linked together to represent a generation or the world.,"""[""""world"""",""""generation"""",""""society""""]"""
世,generation,es,Mundo,Treinta años vinculados para representar una generación o el mundo.,"""[""""mundo"""",""""generación"""",""""sociedad""""]"""
世,generation,ru,Мир,Тридцать лет связанных вместе чтобы представить поколение или мир.,"""[""""мир"""",""""поколение"""",""""свет""""]"""
丘,hill,en,Hill,The shape of a rounded mound of earth rising from the flat ground.,"""[""""hill"""",""""mound"""",""""rise""""]"""
丘,hill,es,Colina,La forma de un montículo redondeado de tierra que se eleva desde el suelo.,"""[""""colina"""",""""loma"""",""""montículo""""]"""
丘,hill,ru,Холм,Форма округлой насыпи земли возвышающейся над плоской равниной.,"""[""""холм"""",""""курган"""",""""горка""""]"""
丙,third class,en,Table,A sturdy table with four legs standing firmly on the floor.,"""[""""table"""",""""third"""",""""pedestal""""]"""
丙,third class,es,Mesa,Una mesa robusta con cuatro patas apoyada firmemente en el suelo.,"""[""""mesa"""",""""tercero"""",""""pedestal""""]"""
丙,third class,ru,Стол,Прочный стол на четырех ножках надежно стоит на полу.,"""[""""стол"""",""""третий"""",""""подставка""""]"""
业,,en,Spikes,A set of sharp spikes or jagged teeth pointing upwards.,"""[""""spikes"""",""""industry"""",""""teeth""""]"""
业,,es,Picos,Un conjunto de picos afilados o dientes dentados que apuntan hacia arriba.,"""[""""picos"""",""""industria"""",""""dientes""""]"""
业,,ru,Шипы,Набор острых шипов или зазубренных зубьев направленных вверх.,"""[""""шипы"""",""""промышленность"""",""""зубья""""]"""
丞,help,en,Rescue,A person being pulled up from a hole by a helping hand.,"""[""""help"""",""""rescue"""",""""assist""""]"""
丞,help,es,Rescate,Una persona que es sacada de un agujero por una mano amiga.,"""[""""ayuda"""",""""rescate"""",""""asistir""""]"""
丞,help,ru,Спасение,Человека вытаскивают из ямы протянутой рукой помощи.,"""[""""помощь"""",""""спасение"""",""""выручать""""]"""
両,both,en,Scale,A balanced scale with two weights on each side showing both sides are equal.,"""[""""both"""",""""scale"""",""""balance""""]"""
両,both,es,Balanza,Una balanza equilibrada con dos pesas a cada lado que muestra que ambos lados son iguales.,"""[""""ambos"""",""""balanza"""",""""equilibrio""""]"""
両,both,ru,Весы,Сбалансированные весы с двумя гирями по обе стороны показывают что обе стороны равны.,"""[""""оба"""",""""весы"""",""""баланс""""]"""
並,row,en,Fence,Two people standing in a row behind a wooden fence.,"""[""""row"""",""""line"""",""""fence""""]"""
並,row,es,Fila,Dos personas paradas en fila detrás de una cerca de madera.,"""[""""fila"""",""""hileria"""",""""cerca""""]"""
並,row,ru,Ряд,Два человека стоят в ряду за деревянным забором.,"""[""""ряд"""",""""шеренга"""",""""забор""""]"""
丨,number one,en,Stick,A single vertical stick or rod stuck into the ground.,"""[""""stick"""",""""line"""",""""vertical""""]"""
丨,number one,es,Vara,Una sola vara o palo vertical clavado en el suelo.,"""[""""vara"""",""""palo"""",""""vertical""""]"""
丨,number one,ru,Палка,Одиночная вертикальная палка или стержень воткнутый в землю.,"""[""""палка"""",""""линия"""",""""вертикаль""""]"""
丩,to join or connect the vine,en,Vine,Two vines twisting together as they join on a trellis.,"""[""""vine"""",""""join"""",""""twist""""]"""
丩,to join or connect the vine,es,Enredadera,Dos enredaderas que se retuercen juntas al unirse en un enrejado.,"""[""""enredadera"""",""""unir"""",""""torcer""""]"""
丩,to join or connect the vine,ru,Лоза,Две лозы переплетаются вместе соединяясь на шпалере.,"""[""""лоза"""",""""соединять"""",""""плетение""""]"""
中,in,en,Center,A vertical line passing right through the middle of a target center.,"""[""""center"""",""""middle"""",""""inside""""]"""
中,in,es,Centro,Una línea vertical que pasa justo por la mitad del centro de un objetivo.,"""[""""centro"""",""""medio"""",""""dentro""""]"""
中,in,ru,Центр,Вертикальная линия проходящая прямо через середину центра мишени.,"""[""""центр"""",""""середина"""",""""внутри""""]"""
丰,abundant,en,Wheat,A stalk of wheat with many grains representing an abundant harvest.,"""[""""abundant"""",""""wheat"""",""""lush""""]"""
丰,abundant,es,Trigo,Un tallo de trigo con muchos granos que representa una cosecha abundante.,"""[""""abundante"""",""""trigo"""",""""exuberante""""]"""
丰,abundant,ru,Пшеница,Стебель пшеницы со множеством зерен символизирующий обильный урожай.,"""[""""обильный"""",""""пшеница"""",""""колос""""]"""
串,spit,en,Skewer,A wooden skewer piercing through two pieces of meat.,"""[""""skewer"""",""""spit"""",""""kebab""""]"""
串,spit,es,Brocheta,Una brocheta de madera que atraviesa dos trozos de carne.,"""[""""brocheta"""",""""espeto"""",""""kebab""""]"""
串,spit,ru,Шампур,Деревянный шампур протыкающий два куска мяса.,"""[""""шампур"""",""""вертел"""",""""шашлык""""]"""
丶,dot,en,Drop,A single drop of liquid falling from above.,"""[""""dot"""",""""drop"""",""""point""""]"""
丶,dot,es,Gota,Una sola gota de líquido que cae desde arriba.,"""[""""punto"""",""""gota"""",""""pizca""""]"""
丶,dot,ru,Капля,Одиночная капля жидкости падающая сверху.,"""[""""точка"""",""""капля"""",""""пятнышко""""]"""
丸,round,en,Pill,A small round pill that you swallow when you are sick.,"""[""""pill"""",""""round"""",""""ball""""]"""
丸,round,es,Píldora,Una pequeña píldora redonda que tragas cuando estás enfermo.,"""[""""píldora"""",""""redondo"""",""""bola""""]"""
丸,round,ru,Пилюля,Маленькая круглая пилюля которую глотают во время болезни.,"""[""""пилюля"""",""""круглый"""",""""шарик""""]"""
主,lord,en,Lamp,A lamp on a stand with a flame burning at the top.,"""[""""lord"""",""""master"""",""""lamp""""]"""
主,lord,es,Lámpara,Una lámpara en un soporte con una llama ardiendo en la parte superior.,"""[""""señor"""",""""dueño"""",""""lámpara""""]"""
主,lord,ru,Лампа,Лампа на подставке с горящим пламенем наверху.,"""[""""господин"""",""""хозяин"""",""""лампа""""]"""
丿,katakana no radical (no. 4),en,Slide,A curved line representing a playground slide or a slash.,"""[""""slide"""",""""slash"""",""""no""""]"""
丿,katakana no radical (no. 4),es,Tobogán,Una línea curva que representa un tobogán o una barra inclinada.,"""[""""tobogán"""",""""barra"""",""""no""""]"""
丿,katakana no radical (no. 4),ru,Горка,Изогнутая линия представляющая детскую горку или наклонную черту.,"""[""""горка"""",""""черта"""",""""но""""]"""
乂,mow,en,Shears,A pair of shears crossing as they mow the tall grass.,"""[""""mow"""",""""shears"""",""""scissors""""]"""
乂,mow,es,Cizalla,Un par de cizallas que se cruzan mientras cortan la hierba alta.,"""[""""segar"""",""""cizalla"""",""""tijeras""""]"""
乂,mow,ru,Секатор,Пара лезвий секатора скрещиваются когда косят высокую траву.,"""[""""косить"""",""""ножницы"""",""""секатор""""]"""
乃,from,en,String,A piece of string curving down from a hook.,"""[""""string"""",""""from"""",""""curve""""]"""
乃,from,es,Cuerda,Un trozo de cuerda que se curva hacia abajo desde un gancho.,"""[""""cuerda"""",""""desde"""",""""curva""""]"""
乃,from,ru,Верёвка,Кусок верёвки свисающий вниз от крючка.,"""[""""верёвка"""",""""от"""",""""кривая""""]"""
久,long time,en,Cane,An old person using a cane for a very long time.,"""[""""long time"""",""""cane"""",""""old""""]"""
久,long time,es,Bastón,Una persona anciana que usa un bastón durante mucho tiempo.,"""[""""mucho tiempo"""",""""bastón"""",""""viejo""""]"""
久,long time,ru,Трость,Пожилой человек использующий трость в течение долгого времени.,"""[""""долго"""",""""трость"""",""""старый""""]"""
乇,to depend on,en,Leaf,A single leaf depending on a thin stem for nutrients.,"""[""""leaf"""",""""depend"""",""""stem""""]"""
乇,to depend on,es,Hoja,Una sola hoja que depende de un tallo delgado para obtener nutrientes.,"""[""""hoja"""",""""depender"""",""""tallo""""]"""
乇,to depend on,ru,Лист,Одиночный лист зависящий от тонкого стебля в получении питательных веществ.,"""[""""лист"""",""""зависеть"""",""""стебель""""]"""
之,of,en,Path,A winding path going forward from a starting point.,"""[""""path"""",""""of"""",""""move""""]"""
之,of,es,Senda,Una senda sinuosa que avanza desde un punto de partida.,"""[""""senda"""",""""de"""",""""moverse""""]"""
之,of,ru,Тропа,Извилистая тропа идущая вперед от начальной точки.,"""[""""тропа"""",""""из"""",""""движение""""]"""
乍,though,en,Saw,A sharp saw blade cutting through a piece of wood.,"""[""""saw"""",""""cut"""",""""sudden""""]"""
乍,though,es,Sierra,Una hoja de sierra afilada que corta un trozo de madera.,"""[""""sierra"""",""""cortar"""",""""repentino""""]"""
乍,though,ru,Пила,Острое лезвие пилы распиливающее кусок дерева.,"""[""""пила"""",""""резать"""",""""внезапно""""]"""
乗,ride,en,Coach,People sitting on top of a horse-drawn coach for a ride.,"""[""""ride"""",""""coach"""",""""mount""""]"""
乗,ride,es,Carruaje,Personas sentadas encima de un carruaje tirado por caballos para dar un paseo.,"""[""""montar"""",""""carruaje"""",""""viaje""""]"""
乗,ride,ru,Экипаж,Люди сидящие верхом на конном экипаже во время поездки.,"""[""""ехать"""",""""экипаж"""",""""садиться""""]"""
乙,the latter,en,Hook,A bent fishhook waiting for the latter fish to bite.,"""[""""hook"""",""""second"""",""""fishhook""""]"""
乙,the latter,es,Anzuelo,Un anzuelo doblado esperando a que el último pez muerda.,"""[""""anzuelo"""",""""segundo"""",""""gancho""""]"""
乙,the latter,ru,Крючок,Изогнутый рыболовный крючок ждет когда клюнет рыба.,"""[""""крючок"""",""""второй"""",""""рыболовный""""]"""
九,nine,en,Nine,A hand showing nine fingers by curling one under.,"""[""""nine"""",""""number""""]"""
九,nine,es,Nueve,Una mano que muestra nueve dedos doblando uno hacia abajo.,"""[""""nueve"""",""""número""""]"""
九,nine,ru,Девять,Рука показывающая девять пальцев поджав один.,"""[""""девять"""",""""число""""]"""
乞,beg,en,Beggar,A person kneeling down to beg for food or money.,"""[""""beg"""",""""kneel"""",""""request""""]"""
乞,beg,es,Mendigo,Una persona arrodillada para pedir comida o dinero.,"""[""""pedir"""",""""mendigar"""",""""arrodillarse""""]"""
乞,beg,ru,Попрошайка,Человек на коленях просящий еду или деньги.,"""[""""просить"""",""""умолять"""",""""колени""""]"""
也,to be (classical),en,Funnel,A wide funnel used to pour liquid into a small opening.,"""[""""funnel"""",""""be"""",""""vessel""""]"""
也,to be (classical),es,Embudo,Un embudo ancho utilizado para verter líquido en una abertura pequeña.,"""[""""embudo"""",""""ser"""",""""vasija""""]"""
也,to be (classical),ru,,,
乡,,en,Village,A collection of small houses nestled together in a village.,"""[""""village"""",""""hometown"""",""""houses""""]"""
乡,,es,Aldea,Un conjunto de pequeñas casas agrupadas en una aldea.,"""[""""aldea"""",""""pueblo"""",""""casas""""]"""
乡,,ru,Деревня,Группа маленьких домов тесно стоящих в деревне.,"""[""""деревня"""",""""село"""",""""дома""""]"""
亅,feathered stick,en,Hook,A stick with a hook at the bottom for catching items.,"""[""""hook"""",""""stick"""",""""barb""""]"""
亅,feathered stick,es,Garfio,Un palo con un garfio en la parte inferior para atrapar objetos.,"""[""""gancho"""",""""palo"""",""""garfio""""]"""
亅,feathered stick,ru,Крюк,Палка с крюком на нижнем конце для захвата предметов.,"""[""""крюк"""",""""палка"""",""""зацеп""""]"""
了,complete,en,Bundle,A baby wrapped in a bundle to signify a task is complete.,"""[""""complete"""",""""finish"""",""""bundle""""]"""
了,complete,es,Bulto,Un bebé envuelto en un bulto para indicar que una tarea está completa.,"""[""""completar"""",""""terminar"""",""""bulto""""]"""
了,complete,ru,Сверток,Ребенок завернутый в сверток символизирует завершение дела.,"""[""""завершить"""",""""конец"""",""""сверток""""]"""
予,beforehand,en,Shuttle,A weaver's shuttle moving back and forth beforehand.,"""[""""beforehand"""",""""shuttle"""",""""weave""""]"""
予,beforehand,es,Lanzadera,Una lanzadera de tejedor que se mueve de un lado a otro de antemano.,"""[""""antemano"""",""""lanzadera"""",""""tejer""""]"""
予,beforehand,ru,Челнок,Ткацкий челнок заранее движущийся туда-сюда.,"""[""""заранее"""",""""челнок"""",""""ткать""""]"""
争,contend,en,Claw,Two animals using claws to contend for a piece of meat.,"""[""""contend"""",""""fight"""",""""claw""""]"""
争,contend,es,Contienda,Dos animales que usan las garras para luchar por un trozo de carne.,"""[""""lucha"""",""""pelea"""",""""garra""""]"""
争,contend,ru,Борьба,Два животных используют когти чтобы бороться за кусок мяса.,"""[""""борьба"""",""""спор"""",""""когти""""]"""
二,two,en,Two,Two parallel lines representing the number two.,"""[""""two"""",""""number""""]"""
二,two,es,Dos,Dos líneas paralelas que representan el número dos.,"""[""""dos"""",""""número""""]"""
二,two,ru,Два,Две параллельные линии представляющие число два.,"""[""""два"""",""""число""""]"""
云,say,en,Cloud,A cloud in the sky that looks like it is whispering or saying something.,"""[""""say"""",""""cloud"""",""""speak""""]"""
云,say,es,Nube,Una nube en el cielo que parece estar susurrando o diciendo algo.,"""[""""decir"""",""""nube"""",""""hablar""""]"""
云,say,ru,Облако,Облако в небе которое будто шепчет или говорит что-то.,"""[""""говорить"""",""""облако"""",""""молвить""""]"""
五,five,en,Five,Five horizontal and vertical lines joined to make the number five.,"""[""""five"""",""""number""""]"""
五,five,es,Cinco,Cinco líneas horizontales y verticales unidas para formar el número cinco.,"""[""""cinco"""",""""número""""]"""
五,five,ru,Пять,Пять горизонтальных и вертикальных линий соединенных в число пять.,"""[""""пять"""",""""число""""]"""
井,well,en,Well,A wooden frame over a deep water well.,"""[""""well"""",""""frame"""",""""water""""]"""
井,well,es,Pozo,Un marco de madera sobre un pozo de agua profundo.,"""[""""pozo"""",""""marco"""",""""agua""""]"""
井,well,ru,Колодец,Деревянный сруб над глубоким водяным колодцем.,"""[""""колодец"""",""""рамка"""",""""вода""""]"""
亘,span,en,Horizon,A sun spanning the distance between the top and bottom horizon lines.,"""[""""span"""",""""horizon"""",""""sun""""]"""
亘,span,es,Horizonte,Un sol que recorre la distancia entre las líneas del horizonte superior e inferior.,"""[""""abarcar"""",""""horizonte"""",""""sol""""]"""
亘,span,ru,Горизонт,Солнце охватывающее расстояние между верхней и нижней линиями горизонта.,"""[""""охват"""",""""горизонт"""",""""солнце""""]"""
亚,,en,Frame,A decorative wooden frame used to display artwork.,"""[""""frame"""",""""border"""",""""display""""]"""
亚,,es,Marco,Un marco de madera decorativo utilizado para mostrar obras de arte.,"""[""""marco"""",""""borde"""",""""exhibir""""]"""
亚,,ru,Рамка,Декоративная деревянная рамка используемая для показа произведений искусства.,"""[""""рамка"""",""""граница"""",""""стенд""""]"""
亜,Asia,en,Tomb,A large burial tomb with a decorative entrance in Asia.,"""[""""Asia"""",""""tomb"""",""""burial""""]"""
亜,Asia,es,Tumba,Una gran tumba funeraria con una entrada decorativa en Asia.,"""[""""Asia"""",""""tumba"""",""""sepulcro""""]"""
亜,Asia,ru,Гробница,Большая погребальная гробница с декоративным входом в Азии.,"""[""""Азия"""",""""гробница"""",""""склеп""""]"""
亠,kettle lid radical (no. 8),en,Lid,A small lid with a handle sitting on top of a kettle.,"""[""""lid"""",""""top"""",""""cover""""]"""
亠,kettle lid radical (no. 8),es,Tapa,Una pequeña tapa con asa colocada sobre una tetera.,"""[""""tapa"""",""""arriba"""",""""cubierta""""]"""
亠,kettle lid radical (no. 8),ru,Крышка,Маленькая крышка с ручкой лежащая на чайнике.,"""[""""крышка"""",""""верх"""",""""покров""""]"""
亡,deceased,en,Ghost,A ghost of a deceased person hiding behind a corner.,"""[""""deceased"""",""""ghost"""",""""dead""""]"""
亡,deceased,es,Difunto,El fantasma de una persona difunta escondida tras una esquina.,"""[""""difunto"""",""""fantasma"""",""""muerto""""]"""
亡,deceased,ru,Покойник,Призрак покойника прячущийся за углом.,"""[""""покойник"""",""""призрак"""",""""мертвый""""]"""
亢,high spirits,en,Cap,A person wearing a fancy cap and feeling in high spirits.,"""[""""spirits"""",""""cap"""",""""proud""""]"""
亢,high spirits,es,Gorro,Una persona que lleva un gorro elegante y se siente de muy buen humor.,"""[""""ánimo"""",""""gorro"""",""""orgulloso""""]"""
亢,high spirits,ru,Кепка,Человек в модной кепке в приподнятом настроении.,"""[""""настроение"""",""""кепка"""",""""гордость""""]"""
交,mingle,en,Legs,A person crossing their legs as they mingle at a party.,"""[""""mingle"""",""""legs"""",""""cross""""]"""
交,mingle,es,Piernas,Una persona que cruza las piernas mientras se mezcla en una fiesta.,"""[""""mezclar"""",""""piernas"""",""""cruzar""""]"""
交,mingle,ru,Ноги,Человек скрестивший ноги во время общения на вечеринке.,"""[""""смешиваться"""",""""ноги"""",""""скрещивание""""]"""
亥,sign of the hog,en,Pig,A pig with its snout and curly tail resting in the mud.,"""[""""pig"""",""""hog"""",""""zodiac""""]"""
亥,sign of the hog,es,Cerdo,Un cerdo con su hocico y cola rizada descansando en el barro.,"""[""""cerdo"""",""""marrano"""",""""zodiaco""""]"""
亥,sign of the hog,ru,Свинья,Свинья с пятачком и закрученным хвостом отдыхает в грязи.,"""[""""свинья"""",""""кабан"""",""""зодиак""""]"""
亦,also,en,Armpits,"A person showing their armpits, also indicating a part of the body.","""[""""also"""",""""armpits"""",""""body""""]"""
亦,also,es,Axilas,"Una persona que muestra las axilas, indicando también una parte del cuerpo.","""[""""también"""",""""axilas"""",""""cuerpo""""]"""
亦,also,ru,Подмышки,"Человек показывает подмышки, также указывая на часть тела.","""[""""также"""",""""подмышки"""",""""тело""""]"""
亩,,en,Field,A square field marked out for planting crops.,"""[""""field"""",""""acre"""",""""farm""""]"""
亩,,es,Campo,Un campo cuadrado marcado para plantar cultivos.,"""[""""campo"""",""""acre"""",""""granja""""]"""
亩,,ru,Поле,Квадратное поле размеченное для посадки сельскохозяйственных культур.,"""[""""поле"""",""""акр"""",""""ферма""""]"""
享,enjoy,en,Banquet,A tall building where people gather to enjoy a banquet.,"""[""""enjoy"""",""""banquet"""",""""receive""""]"""
享,enjoy,es,Banquete,Un edificio alto donde la gente se reúne para disfrutar de un banquete.,"""[""""disfrutar"""",""""banquete"""",""""recibir""""]"""
享,enjoy,ru,Банкет,Высокое здание где люди собираются чтобы насладиться банкетом.,"""[""""наслаждаться"""",""""банкет"""",""""пир""""]"""
京,capital,en,Capital,A tall building representing the seat of power in a capital city.,"""[""""capital"""",""""city"""",""""metropolis""""]"""
京,capital,es,Capital,Un edificio alto que representa la sede del poder en una ciudad capital.,"""[""""capital"""",""""ciudad"""",""""metrópolis""""]"""
京,capital,ru,Столица,Высокое здание представляющее центр власти в столице.,"""[""""столица"""",""""город"""",""""метрополия""""]"""
亭,pavilion,en,Pavilion,A fancy roofed structure in a park used as a pavilion.,"""[""""pavilion"""",""""kiosk"""",""""arbor""""]"""
亭,pavilion,es,Pabellón,Una estructura con techo elegante en un parque utilizada como pabellón.,"""[""""pabellón"""",""""quiosco"""",""""glorieta""""]"""
亭,pavilion,ru,Павильон,Красивое крытое сооружение в парке используемое как павильон.,"""[""""павильон"""",""""беседка"""",""""киоск""""]"""
人,person,en,Person,"A person standing on two legs, seen from the side.","""[""""person"""",""""man"""",""""human""""]"""
人,person,es,Persona,"Una persona de pie sobre dos piernas, vista de lado.","""[""""persona"""",""""hombre"""",""""humano""""]"""
人,person,ru,Человек,"Человек стоящий на двух ногах, вид сбоку.","""[""""человек"""",""""мужчина"""",""""люди""""]"""
亻,radical number 9,en,Person,"A person standing upright, represented as a vertical component.","""[""""person"""",""""side"""",""""human""""]"""
亻,radical number 9,es,Persona,"Una persona de pie, representada como un componente vertical.","""[""""persona"""",""""lado"""",""""humano""""]"""
亻,radical number 9,ru,Человек,"Человек стоящий прямо, представленный как вертикальный элемент.","""[""""человек"""",""""сбоку"""",""""люди""""]"""
今,now,en,Clock,A roof over a clock showing that the time is now.,"""[""""now"""",""""clock"""",""""present""""]"""
今,now,es,Reloj,Un techo sobre un reloj que muestra que la hora es ahora.,"""[""""ahora"""",""""reloj"""",""""presente""""]"""
今,now,ru,Часы,Крыша над часами показывающая что время пришло сейчас.,"""[""""сейчас"""",""""часы"""",""""настоящее""""]"""
介,jammed in,en,Umbrella,A person jammed in under a small umbrella during a storm.,"""[""""jammed"""",""""umbrella"""",""""between""""]"""
介,jammed in,es,Paraguas,Una persona encajonada bajo un paraguas pequeño durante una tormenta.,"""[""""atascado"""",""""paraguas"""",""""entre""""]"""
介,jammed in,ru,Зонт,Человек зажатый под маленьким зонтом во время шторма.,"""[""""зажатый"""",""""зонт"""",""""между""""]"""
从,two people,en,Follower,"One person walking behind another, like a follower.","""[""""follow"""",""""people"""",""""two""""]"""
从,two people,es,Seguidor,"Una persona que camina detrás de otra, como un seguidor.","""[""""seguir"""",""""personas"""",""""dos""""]"""
从,two people,ru,Последователь,"Один человек идет за другим, словно последователь.","""[""""следовать"""",""""люди"""",""""двое""""]"""
付,adhere,en,Glue,A person using their hand to make a label adhere to a box.,"""[""""adhere"""",""""glue"""",""""attach""""]"""
付,adhere,es,Pegamento,Una persona que usa su mano para hacer que una etiqueta se adhiera a una caja.,"""[""""adherir"""",""""pegar"""",""""adjuntar""""]"""
付,adhere,ru,Клей,Человек рукой приклеивает этикетку к коробке.,"""[""""приклеивать"""",""""клей"""",""""прикреплять""""]"""
代,substitute,en,Actor,An actor standing in as a substitute for another person.,"""[""""substitute"""",""""actor"""",""""replace""""]"""
代,substitute,es,Actor,Un actor que sustituye a otra persona.,"""[""""sustituto"""",""""actor"""",""""reemplazar""""]"""
代,substitute,ru,Актер,Актер выступающий в качестве замены другого человека.,"""[""""замена"""",""""актер"""",""""смена""""]"""
令,orders,en,Command,A person under a roof receiving official orders.,"""[""""order"""",""""command"""",""""decree""""]"""
令,orders,es,Orden,Una persona bajo un techo que recibe órdenes oficiales.,"""[""""orden"""",""""mando"""",""""decreto""""]"""
令,orders,ru,Приказ,Человек под крышей получающий официальные приказы.,"""[""""приказ"""",""""команда"""",""""указ""""]"""
以,by means of,en,Tool,Using a sharp tool by means of a handle to complete a task.,"""[""""means"""",""""tool"""",""""use""""]"""
以,by means of,es,Herramienta,Usar una herramienta afilada mediante un mango para completar una tarea.,"""[""""medio"""",""""herramienta"""",""""usar""""]"""
以,by means of,ru,Инструмент,Использование острого инструмента с помощью рукоятки для выполнения задачи.,"""[""""посредством"""",""""инструмент"""",""""способ""""]"""
任,responsibility,en,Porter,A porter taking the responsibility of carrying a heavy load.,"""[""""responsibility"""",""""porter"""",""""load""""]"""
任,responsibility,es,Porteador,Un porteador que asume la responsabilidad de llevar una carga pesada.,"""[""""responsabilidad"""",""""porteador"""",""""carga""""]"""
任,responsibility,ru,Носильщик,Носильщик берущий на себя ответственность за переноску тяжелого груза.,"""[""""ответственность"""",""""носильщик"""",""""груз""""]"""
伐,fell,en,Axe,A person using an axe to fell a large tree.,"""[""""fell"""",""""axe"""",""""cut""""]"""
伐,fell,es,Hacha,Una persona que usa un hacha para talar un árbol grande.,"""[""""talar"""",""""hacha"""",""""cortar""""]"""
伐,fell,ru,Топор,Человек использующий топор чтобы срубить большое дерево.,"""[""""рубить"""",""""топор"""",""""валить""""]"""
会,meeting,en,Meeting,People gathering under a roof for a formal meeting.,"""[""""meeting"""",""""meet"""",""""gather""""]"""
会,meeting,es,Reunión,Personas que se reúnen bajo un techo para una reunión formal.,"""[""""reunión"""",""""quedada"""",""""juntar""""]"""
会,meeting,ru,Встреча,Люди собираются под крышей для официальной встречи.,"""[""""встреча"""",""""собрание"""",""""сбор""""]"""
何,what,en,Question,"A person carrying a burden and asking ""what"" is inside.","""[""""what"""",""""question"""",""""burden""""]"""
何,what,es,Pregunta,"Una persona que lleva una carga y pregunta ""qué"" hay dentro.","""[""""qué"""",""""pregunta"""",""""carga""""]"""
何,what,ru,Вопрос,Человек несущий ношу и спрашивающий «что» внутри.,"""[""""что"""",""""вопрос"""",""""ноша""""]"""
余,too much,en,Leftover,Extra food under a roof that is too much to eat.,"""[""""too much"""",""""leftover"""",""""surplus""""]"""
余,too much,es,Sobra,Comida extra bajo un techo que es demasiada para comer.,"""[""""demasiado"""",""""sobra"""",""""exceso""""]"""
余,too much,ru,Излишек,Лишняя еда под крышей которой слишком много.,"""[""""лишний"""",""""остаток"""",""""избыток""""]"""
侖,think,en,Scrolls,Organized scrolls under a roof help you think clearly.,"""[""""think"""",""""scrolls"""",""""order""""]"""
侖,think,es,Pergaminos,Pergaminos organizados bajo un techo que te ayudan a pensar con claridad.,"""[""""pensar"""",""""pergaminos"""",""""orden""""]"""
侖,think,ru,Свитки,Упорядоченные свитки под крышей помогают ясно мыслить.,"""[""""думать"""",""""свитки"""",""""порядок""""]"""
侯,marquis,en,Archer,A marquis practicing with a bow and arrow at a target.,"""[""""marquis"""",""""archer"""",""""lord""""]"""
侯,marquis,es,Marqués,Un marqués que practica con arco y flecha en un blanco.,"""[""""marqués"""",""""arquero"""",""""señor""""]"""
侯,marquis,ru,Маркиз,Маркиз тренирующийся в стрельбе из лука по мишени.,"""[""""маркиз"""",""""лучник"""",""""лорд""""]"""
保,protect,en,Nurse,A person acting as a nurse to protect a small child.,"""[""""protect"""",""""nurse"""",""""guard""""]"""
保,protect,es,Enfermera,Una persona que actúa como enfermera para proteger a un niño pequeño.,"""[""""proteger"""",""""enfermera"""",""""guardar""""]"""
保,protect,ru,Няня,Человек в роли няни защищающий маленького ребенка.,"""[""""защищать"""",""""няня"""",""""охранять""""]"""
倉,godown,en,Warehouse,A large warehouse or godown used to store goods safely.,"""[""""warehouse"""",""""godown"""",""""store""""]"""
倉,godown,es,Almacén,Un gran almacén utilizado para guardar mercancías de forma segura.,"""[""""almacén"""",""""depósito"""",""""tienda""""]"""
倉,godown,ru,Склад,Большой склад используемый для безопасного хранения товаров.,"""[""""склад"""",""""хранилище"""",""""амбар""""]"""
倠,,en,Bird,A small bird standing upright like a person.,"""[""""bird"""",""""upright"""",""""small""""]"""
倠,,es,Pájaro,Un pájaro pequeño que está de pie como una persona.,"""[""""pájaro"""",""""erguido"""",""""pequeño""""]"""
倠,,ru,Птица,Маленькая птица стоящая прямо словно человек.,"""[""""птица"""",""""прямо"""",""""маленький""""]"""
儿,legs radical (no. 10),en,Legs,A pair of long legs walking or standing alone.,"""[""""legs"""",""""human"""",""""stand""""]"""
儿,legs radical (no. 10),es,Piernas,Un par de piernas largas caminando o paradas solas.,"""[""""piernas"""",""""humano"""",""""pararse""""]"""
儿,legs radical (no. 10),ru,Ноги,Пара длинных ног которые идут или стоят сами по себе.,"""[""""ноги"""",""""человек"""",""""стоять""""]"""
兀,high & level,en,Stool,A high stool with a flat and level top for sitting.,"""[""""stool"""",""""high"""",""""level""""]"""
兀,high & level,es,Taburete,Un taburete alto con una parte superior plana y nivelada para sentarse.,"""[""""taburete"""",""""alto"""",""""nivel""""]"""
兀,high & level,ru,Табурет,Высокий табурет с плоским и ровным верхом для сидения.,"""[""""табурет"""",""""высокий"""",""""ровный""""]"""
允,license,en,Permit,A person carrying a formal permit or license document.,"""[""""permit"""",""""license"""",""""allow""""]"""
允,license,es,Permiso,Una persona que lleva un documento oficial de permiso o licencia.,"""[""""permiso"""",""""licencia"""",""""permitir""""]"""
允,license,ru,Разрешение,Человек несущий официальный документ или разрешение.,"""[""""разрешение"""",""""лицензия"""",""""позволять""""]"""
元,beginning,en,Ancestor,A person with a large head representing the beginning of a lineage.,"""[""""beginning"""",""""origin"""",""""ancestor""""]"""
元,beginning,es,Ancestro,Una persona con una cabeza grande que representa el comienzo de un linaje.,"""[""""comienzo"""",""""origen"""",""""ancestro""""]"""
元,beginning,ru,Предок,Человек с большой головой представляющий начало рода.,"""[""""начало"""",""""происхождение"""",""""предок""""]"""
兄,elder brother,en,Brother,A person with a large mouth shouting like an older brother.,"""[""""brother"""",""""sibling"""",""""elder""""]"""
兄,elder brother,es,Hermano,Una persona con una boca grande que grita como un hermano mayor.,"""[""""hermano"""",""""pariente"""",""""mayor""""]"""
兄,elder brother,ru,Брат,Человек с большим ртом кричащий как старший брат.,"""[""""брат"""",""""родственник"""",""""старший""""]"""
充,allot,en,Filling,A person being filled with food until they are full.,"""[""""fill"""",""""allot"""",""""full""""]"""
充,allot,es,Relleno,Una persona que se llena de comida hasta estar satisfecha.,"""[""""llenar"""",""""asignar"""",""""lleno""""]"""
充,allot,ru,Наполнение,Человек которого наполняют едой пока он не станет сытым.,"""[""""наполнять"""",""""выделять"""",""""полный""""]"""
兆,portent,en,Shell,Cracks in a turtle shell used as a portent of the future.,"""[""""portent"""",""""omen"""",""""shell""""]"""
兆,portent,es,Caparazón,Grietas en un caparazón de tortuga usadas como presagio del futuro.,"""[""""presagio"""",""""augurio"""",""""caparazón""""]"""
兆,portent,ru,Панцирь,Трещины на панцире черепахи используемые как предзнаменование будущего.,"""[""""предзнаменование"""",""""знамение"""",""""панцирь""""]"""
先,before,en,Foot,A person walking with their foot leading the way before them.,"""[""""before"""",""""ahead"""",""""foot""""]"""
先,before,es,Pie,Una persona que camina con el pie por delante abriendo camino.,"""[""""antes"""",""""adelante"""",""""pie""""]"""
先,before,ru,Нога,Человек идущий так что его нога оказывается впереди него.,"""[""""прежде"""",""""впереди"""",""""нога""""]"""
光,ray,en,Torch,A person carrying a bright torch on their head to emit rays.,"""[""""ray"""",""""light"""",""""torch""""]"""
光,ray,es,Antorcha,Una persona que lleva una antorcha brillante en la cabeza para emitir rayos.,"""[""""rayo"""",""""luz"""",""""antorcha""""]"""
光,ray,ru,Факел,Человек несущий на голове яркий факел испускающий лучи.,"""[""""луч"""",""""свет"""",""""факел""""]"""
兌,exchange,en,Scales,Using scales to weigh goods for a fair exchange.,"""[""""exchange"""",""""scales"""",""""trade""""]"""
兌,exchange,es,Balanza,Uso de una balanza para pesar mercancías y lograr un intercambio justo.,"""[""""intercambio"""",""""balanza"""",""""comercio""""]"""
兌,exchange,ru,Весы,Использование весов для взвешивания товаров для честного обмена.,"""[""""обмен"""",""""весы"""",""""торговля""""]"""
免,excuse,en,Rabbit,A rabbit quickly escaping from a trap as an excuse to leave.,"""[""""excuse"""",""""rabbit"""",""""escape""""]"""
免,excuse,es,Conejo,Un conejo que escapa rápidamente de una trampa como excusa para irse.,"""[""""excusa"""",""""conejo"""",""""escapar""""]"""
免,excuse,ru,Кролик,Кролик быстро убегающий из ловушки как предлог чтобы уйти.,"""[""""предлог"""",""""кролик"""",""""побег""""]"""
入,enter,en,Entrance,An arrow-like shape pointing into a dark entrance.,"""[""""enter"""",""""inside"""",""""entrance""""]"""
入,enter,es,Entrada,Una forma de flecha que apunta hacia una entrada oscura.,"""[""""entrar"""",""""dentro"""",""""entrada""""]"""
入,enter,ru,Вход,Символ в виде стрелки указывающий внутрь темного входа.,"""[""""входить"""",""""внутри"""",""""вход""""]"""
全,whole,en,Diamond,A king protecting a whole diamond under a roof.,"""[""""whole"""",""""complete"""",""""diamond""""]"""
全,whole,es,Diamante,Un rey que protege un diamante entero bajo un techo.,"""[""""todo"""",""""completo"""",""""diamante""""]"""
全,whole,ru,Алмаз,Король охраняющий целый алмаз под крышей.,"""[""""целый"""",""""полный"""",""""алмаз""""]"""
兪,affirmative response,en,Boat,People on a boat giving an affirmative response to set sail.,"""[""""yes"""",""""boat"""",""""agree""""]"""
兪,affirmative response,es,Bote,Personas en un bote que dan una respuesta afirmativa para zarpar.,"""[""""sí"""",""""bote"""",""""acuerdo""""]"""
兪,affirmative response,ru,Лодка,Люди в лодке дающие утвердительный ответ чтобы отплыть.,"""[""""да"""",""""лодка"""",""""согласие""""]"""
八,eight,en,Divide,Two lines dividing an object into eight parts.,"""[""""eight"""",""""divide"""",""""split""""]"""
八,eight,es,Dividir,Dos líneas que dividen un objeto en ocho partes.,"""[""""ocho"""",""""dividir"""",""""separar""""]"""
八,eight,ru,Делить,Две линии разделяющие предмет на восемь частей.,"""[""""восемь"""",""""делить"""",""""разрыв""""]"""
公,public,en,Park,A public park where things are divided fairly among people.,"""[""""public"""",""""park"""",""""open""""]"""
公,public,es,Parque,Un parque público donde las cosas se dividen justamente entre la gente.,"""[""""público"""",""""parque"""",""""abierto""""]"""
公,public,ru,Парк,Общественный парк где всё честно распределяется между людьми.,"""[""""общественный"""",""""парк"""",""""открытый""""]"""
六,six,en,Top Hat,A person wearing a fancy top hat with six sides.,"""[""""six"""",""""hat"""",""""top hat""""]"""
六,six,es,Chistera,Una persona que lleva una chistera elegante de seis lados.,"""[""""seis"""",""""sombrero"""",""""chistera""""]"""
六,six,ru,Цилиндр,Человек в модном цилиндре у которого шесть сторон.,"""[""""шесть"""",""""шляпа"""",""""цилиндр""""]"""
共,together,en,Hands,Two hands coming together to hold a shared object.,"""[""""together"""",""""hands"""",""""joint""""]"""
共,together,es,Manos,Dos manos que se unen para sostener un objeto compartido.,"""[""""juntos"""",""""manos"""",""""común""""]"""
共,together,ru,Руки,Две руки соединяющиеся вместе чтобы держать общий предмет.,"""[""""вместе"""",""""руки"""",""""общий""""]"""
关,frontier pass,en,Gate,A large gate standing at a frontier pass to block the way.,"""[""""gate"""",""""pass"""",""""frontier""""]"""
关,frontier pass,es,Portón,Un gran portón situado en un paso fronterizo para bloquear el camino.,"""[""""puerta"""",""""paso"""",""""frontera""""]"""
关,frontier pass,ru,Ворота,Большие ворота стоящие на пограничном перевале чтобы преградить путь.,"""[""""ворота"""",""""проход"""",""""граница""""]"""
兵,soldier,en,Axe,A soldier carrying an axe while standing on two legs.,"""[""""soldier"""",""""axe"""",""""weapon""""]"""
兵,soldier,es,Hacha,Un soldado que lleva un hacha mientras está de pie sobre dos piernas.,"""[""""soldado"""",""""hacha"""",""""arma""""]"""
兵,soldier,ru,Топор,Солдат несущий топор и стоящий на двух ногах.,"""[""""солдат"""",""""топор"""",""""оружие""""]"""
其,that,en,Basket,A woven basket placed on a sturdy stand.,"""[""""that"""",""""basket"""",""""stand""""]"""
其,that,es,Canasta,Una canasta tejida colocada sobre un soporte robusto.,"""[""""ese"""",""""canasta"""",""""soporte""""]"""
其,that,ru,Корзина,Плетеная корзина поставленная на прочную подставку.,"""[""""тот"""",""""корзина"""",""""подставка""""]"""
具,tool,en,Chest,A chest filled with various tools and equipment.,"""[""""tool"""",""""chest"""",""""utensil""""]"""
具,tool,es,Cofre,Un cofre lleno de diversas herramientas y equipos.,"""[""""herramienta"""",""""cofre"""",""""utensilio""""]"""
具,tool,ru,Сундук,Сундук наполненный различными инструментами и снаряжением.,"""[""""инструмент"""",""""сундук"""",""""прибор""""]"""
兼,concurrently,en,Handful,A hand holding two handfuls of grain concurrently.,"""[""""concurrently"""",""""handful"""",""""both""""]"""
兼,concurrently,es,Puñado,Una mano que sostiene dos puñados de grano simultáneamente.,"""[""""simultáneamente"""",""""puñado"""",""""ambos""""]"""
兼,concurrently,ru,Горсть,Рука одновременно держащая две горсти зерна.,"""[""""одновременно"""",""""горсть"""",""""оба""""]"""
冂,upside-down box radical (no. 13),en,Hood,An upside-down box shape that looks like a protective hood.,"""[""""hood"""",""""box"""",""""enclosure""""]"""
冂,upside-down box radical (no. 13),es,Capucha,Una forma de caja invertida que parece una capucha protectora.,"""[""""capucha"""",""""caja"""",""""recinto""""]"""
冂,upside-down box radical (no. 13),ru,Капюшон,Перевернутый ящик по форме напоминающий защитный капюшон.,"""[""""капюшон"""",""""ящик"""",""""ограда""""]"""
内,inside,en,Room,Someone entering inside a small room through a door.,"""[""""inside"""",""""room"""",""""enter""""]"""
内,inside,es,Habitación,Alguien que entra en una habitación pequeña a través de una puerta.,"""[""""dentro"""",""""habitación"""",""""entrar""""]"""
内,inside,ru,Комната,Кто-то входящий внутрь маленькой комнаты через дверь.,"""[""""внутри"""",""""комната"""",""""входить""""]"""
冊,tome,en,Bamboo Scrolls,Bamboo slats tied together to create a thick tome.,"""[""""tome"""",""""book"""",""""scrolls""""]"""
冊,tome,es,Tomo,Láminas de bambú atadas para crear un tomo grueso.,"""[""""tomo"""",""""libro"""",""""pergaminos""""]"""
冊,tome,ru,Том,Бамбуковые планки связанные вместе для создания толстого тома.,"""[""""том"""",""""книга"""",""""свитки""""]"""
冋,desert,en,Border,A border line surrounding a vast and empty desert.,"""[""""desert"""",""""border"""",""""distant""""]"""
冋,desert,es,Frontera,Una línea fronteriza que rodea un desierto vasto y vacío.,"""[""""desierto"""",""""frontera"""",""""lejano""""]"""
冋,desert,ru,Граница,Линия границы окружающая обширную и пустую пустыню.,"""[""""пустыня"""",""""граница"""",""""далекий""""]"""
冒,risk,en,Helmet,A helmet worn on the head when taking a risk in battle.,"""[""""risk"""",""""helmet"""",""""dare""""]"""
冒,risk,es,Casco,Un casco que se lleva en la cabeza al correr un riesgo en la batalla.,"""[""""riesgo"""",""""casco"""",""""atreverse""""]"""
冒,risk,ru,Шлем,Шлем надетый на голову при риске в бою.,"""[""""риск"""",""""шлем"""",""""отвага""""]"""
冓,put together,en,Lattice,Wooden beams put together to form a decorative lattice.,"""[""""lattice"""",""""together"""",""""structure""""]"""
冓,put together,es,Celosía,Vigas de madera unidas para formar una celosía decorativa.,"""[""""celosía"""",""""junto"""",""""estructura""""]"""
冓,put together,ru,Решетка,Деревянные балки соединенные вместе в виде декоративной решетки.,"""[""""решетка"""",""""вместе"""",""""структура""""]"""
冖,wa-shaped crown radical (no. 14),en,Canopy,A flat covering or canopy held up over someone's head.,"""[""""canopy"""",""""cover"""",""""crown""""]"""
冖,wa-shaped crown radical (no. 14),es,Dosel,Una cubierta plana o dosel que se sostiene sobre la cabeza de alguien.,"""[""""dosel"""",""""cubierta"""",""""corona""""]"""
冖,wa-shaped crown radical (no. 14),ru,Навес,Плоское покрытие или навес удерживаемый над чьей-то головой.,"""[""""навес"""",""""покров"""",""""корона""""]"""
冘,to move on,en,Traveler,A person with a heavy load on their head moving on a path.,"""[""""move on"""",""""traveler"""",""""carry""""]"""
冘,to move on,es,Viajero,Una persona con una carga pesada en la cabeza que avanza por un camino.,"""[""""avanzar"""",""""viajero"""",""""llevar""""]"""
冘,to move on,ru,Путник,Человек с тяжелой ношей на голове продолжающий свой путь.,"""[""""идти"""",""""путник"""",""""нести""""]"""
冫,two-stroke water radical or ice radical (no. 15),en,Ice,Two drops of water frozen into solid ice.,"""[""""ice"""",""""cold"""",""""frozen""""]"""
冫,two-stroke water radical or ice radical (no. 15),es,Hielo,Dos gotas de agua congeladas en hielo sólido.,"""[""""hielo"""",""""frío"""",""""congelado""""]"""
冫,two-stroke water radical or ice radical (no. 15),ru,Лёд,Две капли воды замерзшие в твердый лед.,"""[""""лед"""",""""холод"""",""""замерзший""""]"""
冬,winter,en,Sled,A person on a sled sliding over the ice in winter.,"""[""""winter"""",""""sled"""",""""cold""""]"""
冬,winter,es,Trineo,Una persona en un trineo deslizándose sobre el hielo en invierno.,"""[""""invierno"""",""""trineo"""",""""frío""""]"""
冬,winter,ru,Сани,Человек на санях скользящий по льду зимой.,"""[""""зима"""",""""сани"""",""""холод""""]"""
几,table,en,Table,A small side table with two legs standing on the floor.,"""[""""table"""",""""stand"""",""""bench""""]"""
几,table,es,Mesa,Una pequeña mesa auxiliar con dos patas apoyada en el suelo.,"""[""""mesa"""",""""soporte"""",""""banco""""]"""
几,table,ru,Стол,Маленький приставной столик на двух ножках стоящий на полу.,"""[""""стол"""",""""подставка"""",""""скамья""""]"""
凡,commonplace,en,Wind,A common drop of water being caught and blown by the wind.,"""[""""common"""",""""wind"""",""""sail""""]"""
凡,commonplace,es,Viento,Una gota de agua común que es atrapada y soplada por el viento.,"""[""""común"""",""""viento"""",""""vela""""]"""
凡,commonplace,ru,Ветер,Обычная капля воды которую подхватывает и несет ветер.,"""[""""обычный"""",""""ветер"""",""""парус""""]"""
処,dispose,en,Trash Can,A person walking to a trash can to dispose of an item.,"""[""""dispose"""",""""trash"""",""""discard""""]"""
処,dispose,es,Papelera,Una persona que camina hacia una papelera para desechar un objeto.,"""[""""desechar"""",""""basura"""",""""tirar""""]"""
処,dispose,ru,Урна,Человек идущий к урне чтобы выбросить ненужную вещь.,"""[""""выбрасывать"""",""""мусор"""",""""избавляться""""]"""
凵,open box enclosure,en,Pit,An open box shape representing a deep pit in the ground.,"""[""""pit"""",""""box"""",""""hole""""]"""
凵,open box enclosure,es,Fosa,Una forma de caja abierta que representa una fosa profunda en el suelo.,"""[""""fosa"""",""""caja"""",""""hoyo""""]"""
凵,open box enclosure,ru,Яма,Форма открытого ящика представляющая глубокую яму в земле.,"""[""""яма"""",""""ящик"""",""""дыра""""]"""
凶,villain,en,Trap,A villain falling into a deep pit trap.,"""[""""villain"""",""""trap"""",""""evil""""]"""
凶,villain,es,Trampa,Un villano que cae en una trampa de fosa profunda.,"""[""""villano"""",""""trampa"""",""""malvado""""]"""
凶,villain,ru,Ловушка,Злодей падающий в глубокую яму-ловушку.,"""[""""злодей"""",""""ловушка"""",""""зло""""]"""
出,exit,en,Sprout,A young plant exiting the ground as a new sprout.,"""[""""exit"""",""""sprout"""",""""out""""]"""
出,exit,es,Brote,Una planta joven que sale del suelo como un nuevo brote.,"""[""""salir"""",""""brote"""",""""fuera""""]"""
出,exit,ru,Росток,Молодое растение выходящее из земли в виде нового ростка.,"""[""""выходить"""",""""росток"""",""""вне""""]"""
刀,sword,en,Sword,The long and curved blade of a sharp sword.,"""[""""sword"""",""""blade"""",""""knife""""]"""
刀,sword,es,Espada,La hoja larga y curva de una espada afilada.,"""[""""espada"""",""""hoja"""",""""cuchillo""""]"""
刀,sword,ru,Меч,Длинное и изогнутое лезвие острого меча.,"""[""""меч"""",""""лезвие"""",""""нож""""]"""
刃,blade,en,Edge,A mark on a sword indicating its very sharp edge.,"""[""""edge"""",""""blade"""",""""sharp""""]"""
刃,blade,es,Filo,Una marca en una espada que indica su filo muy cortante.,"""[""""filo"""",""""hoja"""",""""afilado""""]"""
刃,blade,ru,Край,Отметка на мече указывающая на его очень острый край.,"""[""""край"""",""""лезвие"""",""""острый""""]"""
分,part,en,Knife,Using a knife to divide an object into two parts.,"""[""""part"""",""""divide"""",""""knife""""]"""
分,part,es,Cuchillo,Uso de un cuchillo para dividir un objeto en dos partes.,"""[""""parte"""",""""dividir"""",""""cuchillo""""]"""
分,part,ru,Нож,Использование ножа для разделения предмета на две части.,"""[""""часть"""",""""делить"""",""""нож""""]"""
切,cut,en,Blade,A sharp blade being used to cut through meat.,"""[""""cut"""",""""blade"""",""""slice""""]"""
切,cut,es,Cuchilla,Una cuchilla afilada que se usa para cortar carne.,"""[""""cortar"""",""""cuchilla"""",""""rebanar""""]"""
切,cut,ru,Лезвие,Острое лезвие используемое для того чтобы разрезать мясо.,"""[""""резать"""",""""лезвие"""",""""ломтик""""]"""
刑,punish,en,Shackles,Using a sword to punish a prisoner in shackles.,"""[""""punish"""",""""shackles"""",""""penalty""""]"""
刑,punish,es,Grilletes,Uso de una espada para castigar a un prisionero con grilletes.,"""[""""castigar"""",""""grilletes"""",""""pena""""]"""
刑,punish,ru,Кандалы,Использование меча для наказания узника в кандалах.,"""[""""наказывать"""",""""кандалы"""",""""штраф""""]"""
列,file,en,Skeleton,A file of soldiers standing stiffly like a skeleton.,"""[""""file"""",""""line"""",""""skeleton""""]"""
列,file,es,Esqueleto,Una fila de soldados parados rígidamente como un esqueleto.,"""[""""fila"""",""""línea"""",""""esqueleto""""]"""
列,file,ru,Скелет,Шеренга солдат стоящих неподвижно словно скелет.,"""[""""ряд"""",""""линия"""",""""скелет""""]"""
利,profit,en,Sickle,Using a sharp sickle on grain to gain a profit.,"""[""""profit"""",""""sickle"""",""""gain""""]"""
利,profit,es,Hoz,Uso de una hoz afilada en el grano para obtener un beneficio.,"""[""""beneficio"""",""""hoz"""",""""ganancia""""]"""
利,profit,ru,Серп,Использование острого серпа для сбора зерна и получения прибыли.,"""[""""прибыль"""",""""серп"""",""""выгода""""]"""
到,arrival,en,Arrow,An arrow flying to a target to signal its arrival.,"""[""""arrival"""",""""arrow"""",""""reach""""]"""
到,arrival,es,Flecha,Una flecha que vuela hacia un blanco para señalar su llegada.,"""[""""llegada"""",""""flecha"""",""""llegar""""]"""
到,arrival,ru,Стрела,Стрела летящая в цель чтобы сигнализировать о своем прибытии.,"""[""""прибытие"""",""""стрела"""",""""достигать""""]"""
制,system,en,Blueprint,A sword cutting a blueprint for a new building system.,"""[""""system"""",""""blueprint"""",""""control""""]"""
制,system,es,Plano,Una espada que corta un plano para un nuevo sistema de construcción.,"""[""""sistema"""",""""plano"""",""""control""""]"""
制,system,ru,Чертеж,Меч вырезающий чертеж для новой строительной системы.,"""[""""система"""",""""чертеж"""",""""контроль""""]"""
則,rule,en,Document,A sword carving rules onto an official document.,"""[""""rule"""",""""document"""",""""law""""]"""
則,rule,es,Documento,Una espada que graba reglas en un documento oficial.,"""[""""regla"""",""""documento"""",""""ley""""]"""
則,rule,ru,Документ,Меч вырезающий правила на официальном документе.,"""[""""правило"""",""""документ"""",""""закон""""]"""
前,in front,en,Horns,Someone wearing horns and standing in front of a crowd.,"""[""""front"""",""""horns"""",""""before""""]"""
前,in front,es,Cuernos,Alguien que lleva cuernos y está de pie frente a la multitud.,"""[""""frente"""",""""cuernos"""",""""antes""""]"""
前,in front,ru,Рога,Кто-то с рогами стоящий перед толпой.,"""[""""перед"""",""""рога"""",""""прежде""""]"""
力,power,en,Muscle,A strong arm flexed to show its muscle and power.,"""[""""power"""",""""muscle"""",""""strength""""]"""
力,power,es,Músculo,Un brazo fuerte flexionado para mostrar su músculo y poder.,"""[""""poder"""",""""músculo"""",""""fuerza""""]"""
力,power,ru,Мускул,Сильная рука согнутая чтобы показать мускул и мощь.,"""[""""сила"""",""""мускул"""",""""мощь""""]"""
加,add,en,Megaphone,Using a mouth and power like a megaphone to add volume.,"""[""""add"""",""""megaphone"""",""""increase""""]"""
加,add,es,Megáfono,Uso de la boca y la fuerza como un megáfono para añadir volumen.,"""[""""añadir"""",""""megáfono"""",""""aumentar""""]"""
加,add,ru,Мегафон,Использование рта и силы подобно мегафону чтобы добавить громкости.,"""[""""добавлять"""",""""мегафон"""",""""увеличивать""""]"""
劦,,en,Triple Power,Three power symbols combined for strong cooperation.,"""[""""cooperation"""",""""power"""",""""triple""""]"""
劦,,es,Triple Poder,Tres símbolos de poder combinados para una fuerte cooperación.,"""[""""cooperación"""",""""poder"""",""""triple""""]"""
劦,,ru,Тройная Сила,Три символа силы объединенные для крепкого сотрудничества.,"""[""""сотрудничество"""",""""сила"""",""""тройной""""]"""
勇,courage,en,Shield,A brave person with courage using a shield and power.,"""[""""courage"""",""""shield"""",""""brave""""]"""
勇,courage,es,Escudo,Una persona valiente con coraje que usa un escudo y fuerza.,"""[""""coraje"""",""""escudo"""",""""valiente""""]"""
勇,courage,ru,Щит,Смелый человек обладающий мужеством и использующий щит и силу.,"""[""""мужество"""",""""щит"""",""""смелый""""]"""
動,move,en,Engine,A heavy load being moved by a powerful engine.,"""[""""move"""",""""engine"""",""""motion""""]"""
動,move,es,Motor,Una carga pesada que es movida por un motor potente.,"""[""""mover"""",""""motor"""",""""movimiento""""]"""
動,move,ru,Двигатель,Тяжелый груз перемещаемый мощным двигателем.,"""[""""двигать"""",""""двигатель"""",""""движение""""]"""
務,task,en,Task,Using power to complete a difficult and official task.,"""[""""task"""",""""duty"""",""""work""""]"""
務,task,es,Tarea,Uso de la fuerza para completar una tarea oficial y difícil.,"""[""""tarea"""",""""deber"""",""""trabajo""""]"""
務,task,ru,,,
勹,wrapping enclosure,en,Bundle,A person bending over to wrap a large bundle.,"""[""""wrap"""",""""bundle"""",""""enclosure""""]"""
勹,wrapping enclosure,es,Bulto,Una persona que se inclina para envolver un bulto grande.,"""[""""envolver"""",""""bulto"""",""""recinto""""]"""
勹,wrapping enclosure,ru,Сверток,Человек наклонившийся чтобы завернуть большой сверток.,"""[""""заворачивать"""",""""сверток"""",""""ограда""""]"""
勺,ladle,en,Ladle,A small ladle holding a single drop of liquid.,"""[""""ladle"""",""""spoon"""",""""scoop""""]"""
勺,ladle,es,Cucharón,Un pequeño cucharón que contiene una sola gota de líquido.,"""[""""cucharón"""",""""cuchara"""",""""cazo""""]"""
勺,ladle,ru,Черпак,Маленький черпак в котором находится одна капля жидкости.,"""[""""черпак"""",""""ложка"""",""""ковш""""]"""
勿,not,en,Banner,"A banner waving to say ""do not enter"" a forbidden area.","""[""""not"""",""""banner"""",""""forbid""""]"""
勿,not,es,Estandarte,"Un estandarte que ondea para decir ""no entrar"" a un área prohibida.","""[""""no"""",""""estandarte"""",""""prohibir""""]"""
勿,not,ru,Знамя,Знамя развевающееся в знак того что «нельзя» входить в запретную зону.,"""[""""не"""",""""знамя"""",""""запрет""""]"""
包,wrap,en,Package,A child being wrapped carefully inside a package.,"""[""""wrap"""",""""package"""",""""envelop""""]"""
包,wrap,es,Paquete,Un niño que es envuelto cuidadosamente dentro de un paquete.,"""[""""envolver"""",""""paquete"""",""""cubrir""""]"""
包,wrap,ru,Посылка,Ребенок которого осторожно заворачивают в посылку.,"""[""""заворачивать"""",""""посылка"""",""""оболочка""""]"""
匊,handful,en,Handful,A person holding a handful of rice in their wrapped hands.,"""[""""handful"""",""""grasp"""",""""hold""""]"""
匊,handful,es,Puñado,Una persona que sostiene un puñado de arroz en sus manos envueltas.,"""[""""puñado"""",""""asir"""",""""sujetar""""]"""
匊,handful,ru,Горсть,Человек держащий горсть риса в сложенных ладонях.,"""[""""горсть"""",""""хватка"""",""""держать""""]"""
匕,spoon,en,Spoon,A small and elegant spoon used for eating soup.,"""[""""spoon"""",""""ladle"""",""""utensil""""]"""
匕,spoon,es,Cuchara,Una cuchara pequeña y elegante que se usa para comer sopa.,"""[""""cuchara"""",""""cucharón"""",""""utensilio""""]"""
匕,spoon,ru,Ложка,Маленькая и элегантная ложка используемая для супа.,"""[""""ложка"""",""""черпак"""",""""прибор""""]"""
化,change,en,Ghost,A person changing into a ghost after they pass away.,"""[""""change"""",""""ghost"""",""""transform""""]"""
化,change,es,Fantasma,Una persona que se transforma en fantasma después de fallecer.,"""[""""cambio"""",""""fantasma"""",""""transformar""""]"""
化,change,ru,Призрак,Человек превращающийся в призрака после смерти.,"""[""""изменение"""",""""призрак"""",""""превращение""""]"""
北,north,en,Backs,Two people sitting back-to-back facing the cold north.,"""[""""north"""",""""backs"""",""""direction""""]"""
北,north,es,Espaldas,Dos personas sentadas espalda con espalda mirando hacia el frío norte.,"""[""""norte"""",""""espaldas"""",""""dirección""""]"""
北,north,ru,Спины,Двое людей сидящих спина к спине лицом к холодному северу.,"""[""""север"""",""""спины"""",""""направление""""]"""
匚,box-on-side enclosure radical (no. 22),en,Trunk,A large wooden trunk sitting on its side for storage.,"""[""""trunk"""",""""box"""",""""enclosure""""]"""
匚,box-on-side enclosure radical (no. 22),es,Baúl,Un gran baúl de madera apoyado de lado para el almacenamiento.,"""[""""baúl"""",""""caja"""",""""recinto""""]"""
匚,box-on-side enclosure radical (no. 22),ru,Сундук,Большой деревянный сундук лежащий на боку для хранения вещей.,"""[""""сундук"""",""""ящик"""",""""ограда""""]"""
匸,hiding enclosure radical (no. 23),en,Alcove,A small alcove in a wall used for hiding secret items.,"""[""""alcove"""",""""hide"""",""""enclosure""""]"""
匸,hiding enclosure radical (no. 23),es,Alcoba,Una pequeña alcoba en una pared que se usa para esconder objetos secretos.,"""[""""alcoba"""",""""esconder"""",""""recinto""""]"""
匸,hiding enclosure radical (no. 23),ru,Ниша,Маленькая ниша в стене используемая для сокрытия тайных вещей.,"""[""""ниша"""",""""прятать"""",""""ограда""""]"""
匹,equal,en,Cloth,A roll of cloth that is measured into equal lengths.,"""[""""equal"""",""""cloth"""",""""measure""""]"""
匹,equal,es,Tela,Un rollo de tela que se mide en longitudes iguales.,"""[""""igual"""",""""tela"""",""""medida""""]"""
匹,equal,ru,Ткань,Рулон ткани который нарезают на равные части.,"""[""""равный"""",""""ткань"""",""""мера""""]"""
区,ward,en,Map,A map showing the boundaries of a city ward.,"""[""""ward"""",""""map"""",""""district""""]"""
区,ward,es,Mapa,Un mapa que muestra los límites de un distrito de la ciudad.,"""[""""distrito"""",""""mapa"""",""""barrio""""]"""
区,ward,ru,Карта,Карта показывающая границы городского района.,"""[""""район"""",""""карта"""",""""округ""""]"""
十,ten,en,Cross,A simple cross shape representing the number ten.,"""[""""ten"""",""""cross"""",""""number""""]"""
十,ten,es,Cruz,Una forma de cruz simple que representa el número diez.,"""[""""diez"""",""""cruz"""",""""número""""]"""
十,ten,ru,Крест,Простая форма креста представляющая число десять.,"""[""""десять"""",""""крест"""",""""число""""]"""
卂,to fly rapidly,en,Wing,A bird's wing moving quickly to fly rapidly.,"""[""""wing"""",""""fly"""",""""fast""""]"""
卂,to fly rapidly,es,Ala,El ala de un pájaro que se mueve rápido para volar velozmente.,"""[""""ala"""",""""volar"""",""""rápido""""]"""
卂,to fly rapidly,ru,Крыло,Крыло птицы быстро двигающееся для стремительного полета.,"""[""""крыло"""",""""летать"""",""""быстро""""]"""
千,thousand,en,Thousand,A person with a mark representing a thousand items.,"""[""""thousand"""",""""number""""]"""
千,thousand,es,Mil,Una persona con una marca que representa mil artículos.,"""[""""mil"""",""""número""""]"""
千,thousand,ru,Тысяча,Человек с отметкой обозначающей тысячу предметов.,"""[""""тысяча"""",""""число""""]"""
卆,soldier,en,Guard,A thousand soldiers serving together as a palace guard.,"""[""""soldier"""",""""guard"""",""""army""""]"""
卆,soldier,es,Guardia,Mil soldados que sirven juntos como guardia de palacio.,"""[""""soldado"""",""""guardia"""",""""ejército""""]"""
卆,soldier,ru,Гвардия,Тысяча солдат служащих вместе в качестве дворцовой гвардии.,"""[""""солдат"""",""""гвардия"""",""""армия""""]"""
升,measuring box,en,Box,A wooden box used for measuring portions of grain.,"""[""""box"""",""""measure"""",""""scoop""""]"""
升,measuring box,es,Caja,Una caja de madera que se usa para medir porciones de grano.,"""[""""caja"""",""""medir"""",""""cazo""""]"""
升,measuring box,ru,Короб,Деревянный короб используемый для измерения порций зерна.,"""[""""короб"""",""""мера"""",""""ковш""""]"""
午,noon,en,Noon,A horse standing still under the vertical sun at noon.,"""[""""noon"""",""""midday"""",""""horse""""]"""
午,noon,es,Mediodía,Un caballo parado inmóvil bajo el sol vertical al mediodía.,"""[""""mediodía"""",""""doce"""",""""caballo""""]"""
午,noon,ru,Полдень,Лошадь неподвижно стоит под вертикальным солнцем в полдень.,"""[""""полдень"""",""""обед"""",""""лошадь""""]"""
半,half,en,Half,A line cutting through three objects to split them in half.,"""[""""half"""",""""split"""",""""semi""""]"""
半,half,es,Mitad,Una línea que corta tres objetos para dividirlos a la mitad.,"""[""""mitad"""",""""medio"""",""""dividir""""]"""
半,half,ru,Половина,Линия проходящая через три предмета чтобы разделить их пополам.,"""[""""половина"""",""""часть"""",""""делить""""]"""
卑,lowly,en,Fan,A hand holding a tool over a stand like a portable fan.,"""[""""fan"""",""""tool"""",""""lowly""""]"""
卑,lowly,es,Abanico,Una mano que sostiene una herramienta sobre un soporte como un abanico.,"""[""""abanico"""",""""bajo"""",""""herramienta""""]"""
卑,lowly,ru,Веер,Рука держащая инструмент над подставкой похожий на веер.,"""[""""веер"""",""""низкий"""",""""инструмент""""]"""
卒,graduate,en,Soldier,Ten soldiers wearing identical hats standing in a line.,"""[""""soldier"""",""""graduate"""",""""army""""]"""
卒,graduate,es,Soldado,Diez soldados que llevan sombreros idénticos parados en fila.,"""[""""soldado"""",""""graduado"""",""""ejército""""]"""
卒,graduate,ru,Солдат,Десять солдат в одинаковых шляпах стоят в один ряд.,"""[""""солдат"""",""""выпускник"""",""""армия""""]"""
卓,eminent,en,Table,A tall table used by eminent people to display fine objects.,"""[""""table"""",""""eminent"""",""""top""""]"""
卓,eminent,es,Mesa,Una mesa alta utilizada por personas eminentes para mostrar objetos.,"""[""""mesa"""",""""eminente"""",""""arriba""""]"""
卓,eminent,ru,Стол,Высокий стол используемый выдающимися людьми для показа вещей.,"""[""""стол"""",""""выдающийся"""",""""верх""""]"""
南,south,en,South,Ten people under a roof looking at a warm plant in the south.,"""[""""south"""",""""direction"""",""""warm""""]"""
南,south,es,Sur,Diez personas bajo un techo mirando una planta cálida en el sur.,"""[""""sur"""",""""dirección"""",""""calor""""]"""
南,south,ru,Юг,Десять человек под крышей смотрят на теплое растение на юге.,"""[""""юг"""",""""направление"""",""""тепло""""]"""
単,simple,en,Racket,A simple tool that looks like a sports racket with a long handle.,"""[""""racket"""",""""simple"""",""""single""""]"""
単,simple,es,Raqueta,Una herramienta simple que parece una raqueta de deportes con mango.,"""[""""raqueta"""",""""simple"""",""""solo""""]"""
単,simple,ru,,,
卜,divining,en,Wand,A wooden wand used for divining water or predicting luck.,"""[""""wand"""",""""divine"""",""""fortune""""]"""
卜,divining,es,Varita,Una varita de madera usada para adivinar el agua o la suerte.,"""[""""varita"""",""""adivinar"""",""""suerte""""]"""
卜,divining,ru,Жезл,Деревянный жезл используемый для гадания на воду или удачу.,"""[""""жезл"""",""""гадание"""",""""удача""""]"""
占,fortune-telling,en,Fortune,A mouth speaking words from a wand about your future fortune.,"""[""""fortune"""",""""divine"""",""""prophecy""""]"""
占,fortune-telling,es,Fortuna,Una boca que pronuncia palabras de una varita sobre tu fortuna.,"""[""""fortuna"""",""""adivinación"""",""""profecía""""]"""
占,fortune-telling,ru,Гадание,Рот произносящий слова жезла о твоем будущем гадании.,"""[""""гадание"""",""""удача"""",""""пророчество""""]"""
卩,seal radical (no. 26),en,Stamp,A kneeling person representing an official stamp or seal.,"""[""""stamp"""",""""seal"""",""""kneel""""]"""
卩,seal radical (no. 26),es,Sello,Una persona arrodillada que representa un sello oficial.,"""[""""sello"""",""""estampilla"""",""""arrodillarse""""]"""
卩,seal radical (no. 26),ru,Печать,Человек на коленях представляющий официальную печать.,"""[""""печать"""",""""клеймо"""",""""колени""""]"""
卬,lofty,en,Tower,A person looking up at a lofty tower reaching the sky.,"""[""""tower"""",""""lofty"""",""""high""""]"""
卬,lofty,es,Torre,Una persona que mira hacia una torre elevada que llega al cielo.,"""[""""torre"""",""""elevado"""",""""alto""""]"""
卬,lofty,ru,Башня,Человек смотрящий вверх на высокую башню до неба.,"""[""""башня"""",""""высокий"""",""""возвышенный""""]"""
卯,sign of the hare or rabbit,en,Rabbit,Two floppy ears of a rabbit popping out of a hole.,"""[""""rabbit"""",""""hare"""",""""zodiac""""]"""
卯,sign of the hare or rabbit,es,Conejo,Dos orejas caídas de un conejo que salen de un agujero.,"""[""""conejo"""",""""liebre"""",""""zodiaco""""]"""
卯,sign of the hare or rabbit,ru,Кролик,Два висячих уха кролика высовывающихся из норы.,"""[""""кролик"""",""""заяц"""",""""зодиак""""]"""
即,instant,en,Instant,A person sitting down to eat an instant meal at a table.,"""[""""instant"""",""""quick"""",""""food""""]"""
即,instant,es,Instante,Una persona que se sienta a comer una comida instantánea en una mesa.,"""[""""instante"""",""""rápido"""",""""comida""""]"""
即,instant,ru,Мгновение,Человек садится за стол чтобы съесть еду быстрого приготовления.,"""[""""мгновение"""",""""быстро"""",""""еда""""]"""
却,instead,en,Knee,Someone using their knee to push a seal away instead of their hand.,"""[""""knee"""",""""instead"""",""""reject""""]"""
却,instead,es,Rodilla,Alguien que usa la rodilla para apartar un sello en lugar de la mano.,"""[""""rodilla"""",""""en cambio"""",""""rechazar""""]"""
却,instead,ru,Колено,Кто-то использует колено чтобы оттолкнуть печать вместо руки.,"""[""""колено"""",""""вместо"""",""""отказ""""]"""
卸,wholesale,en,Unload,Unloading large crates of wholesale goods from a wagon.,"""[""""unload"""",""""wholesale"""",""""goods""""]"""
卸,wholesale,es,Descarga,Descarga de grandes cajas de mercancías al por mayor desde un vagón.,"""[""""descarga"""",""""mayoreo"""",""""bienes""""]"""
卸,wholesale,ru,Разгрузка,Разгрузка больших ящиков с оптовыми товарами из вагона.,"""[""""разгрузка"""",""""опт"""",""""товары""""]"""
厂,wild goose,en,Cliff,A steep cliff where a wild goose builds its nest.,"""[""""cliff"""",""""slope"""",""""goose""""]"""
厂,wild goose,es,Acantilado,Un acantilado empinado donde un ganso salvaje construye su nido.,"""[""""acantilado"""",""""ladera"""",""""ganso""""]"""
厂,wild goose,ru,Обрыв,Крутой обрыв где дикий гусь вьет свое гнездо.,"""[""""обрыв"""",""""склон"""",""""гусь""""]"""
厄,unlucky,en,Trap,Falling into a trap under a cliff is very unlucky.,"""[""""unlucky"""",""""trap"""",""""danger""""]"""
厄,unlucky,es,Trampa,Caer en una trampa bajo un acantilado es muy mala suerte.,"""[""""trampa"""",""""desgracia"""",""""peligro""""]"""
厄,unlucky,ru,Ловушка,Попадание в ловушку под обрывом — это большое несчастье.,"""[""""ловушка"""",""""беда"""",""""опасность""""]"""
厓,precipice,en,Ledge,A narrow ledge on a precipice where earth and rocks fall.,"""[""""ledge"""",""""precipice"""",""""edge""""]"""
厓,precipice,es,Cornisa,Una cornisa estrecha en un precipicio donde caen tierra y rocas.,"""[""""cornisa"""",""""precipicio"""",""""borde""""]"""
厓,precipice,ru,Уступ,Узкий уступ на обрыве с которого осыпается земля и камни.,"""[""""уступ"""",""""обрыв"""",""""край""""]"""
原,meadow,en,Meadow,A spring of water flowing onto a meadow under a cliff.,"""[""""meadow"""",""""field"""",""""source""""]"""
原,meadow,es,Prado,Un manantial de agua que fluye hacia un prado bajo un acantilado.,"""[""""prado"""",""""campo"""",""""fuente""""]"""
原,meadow,ru,Луг,Источник воды вытекающий на луг под обрывом.,"""[""""луг"""",""""поле"""",""""источник""""]"""
厳,stern,en,Rock,A stern person who is as hard and unmoving as a rock.,"""[""""rock"""",""""stern"""",""""strict""""]"""
厳,stern,es,Roca,Una persona severa que es tan dura e inmóvil como una roca.,"""[""""roca"""",""""severo"""",""""estricto""""]"""
厳,stern,ru,Скала,Суровый человек твердый и неподвижный словно скала.,"""[""""скала"""",""""суровый"""",""""строгий""""]"""
厶,I,en,Cocoon,A small cocoon where a silkworm keeps its private space.,"""[""""cocoon"""",""""private"""",""""secret""""]"""
厶,I,es,Capullo,Un pequeño capullo donde un gusano de seda guarda su espacio privado.,"""[""""capullo"""",""""privado"""",""""secreto""""]"""
厶,I,ru,Кокон,Маленький кокон в котором шелкопряд хранит свое личное пространство.,"""[""""кокон"""",""""личный"""",""""секрет""""]"""
厷,the fore-arm,en,Forearm,Using your forearm and elbow to push something private away.,"""[""""forearm"""",""""arm"""",""""elbow""""]"""
厷,the fore-arm,es,Antebrazo,Usar el antebrazo y el codo para apartar algo privado.,"""[""""antebrazo"""",""""brazo"""",""""codo""""]"""
厷,the fore-arm,ru,Предплечье,Использование предплечья и локтя чтобы оттолкнуть что-то личное.,"""[""""предплечье"""",""""рука"""",""""локоть""""]"""
去,gone,en,Vault,Items that are gone and locked away in a deep soil vault.,"""[""""gone"""",""""vault"""",""""past""""]"""
去,gone,es,Bóveda,Objetos que se han ido y están bajo llave en una bóveda de tierra.,"""[""""pasado"""",""""bóveda"""",""""ido""""]"""
去,gone,ru,Хранилище,Вещи которые ушли и заперты в глубоком земляном хранилище.,"""[""""прошлое"""",""""склад"""",""""ушедший""""]"""
参,nonplussed,en,,,
参,nonplussed,es,,,
参,nonplussed,ru,,,
又,or again,en,Hand,A right hand reaching out to grab something again.,"""[""""hand"""",""""again"""",""""right""""]"""
又,or again,es,Mano,Una mano derecha que se extiende para agarrar algo de nuevo.,"""[""""mano"""",""""otra vez"""",""""derecha""""]"""
又,or again,ru,Рука,Правая рука тянущаяся чтобы снова что-то схватить.,"""[""""рука"""",""""снова"""",""""правая""""]"""
及,reach out,en,Grasp,A hand reaching out to grasp a person from behind.,"""[""""grasp"""",""""reach"""",""""catch""""]"""
及,reach out,es,Agarre,Una mano que se extiende para agarrar a una persona por detrás.,"""[""""agarrar"""",""""alcanzar"""",""""atrapada""""]"""
及,reach out,ru,Хватка,Рука тянущаяся чтобы схватить человека сзади.,"""[""""хватка"""",""""достигать"""",""""поймать""""]"""
友,friend,en,Friend,A person and their friend joining hands under a roof.,"""[""""friend"""",""""buddy"""",""""companion""""]"""
友,friend,es,Amigo,Una persona y su amigo tomados de la mano bajo un techo.,"""[""""amigo"""",""""compañero"""",""""socio""""]"""
友,friend,ru,Друг,Человек и его друг соединяющие руки под одной крышей.,"""[""""друг"""",""""приятель"""",""""товарищ""""]"""
反,anti-,en,Bend,A hand using a tool to bend a piece of wood against a cliff.,"""[""""bend"""",""""anti"""",""""curve""""]"""
反,anti-,es,Curva,Una mano que usa una herramienta para doblar madera contra un acantilado.,"""[""""doblar"""",""""contra"""",""""curva""""]"""
反,anti-,ru,Изгиб,Рука использующая инструмент чтобы согнуть дерево об обрыв.,"""[""""изгиб"""",""""против"""",""""кривая""""]"""
叔,uncle,en,Uncle,Your uncle collecting beans from a plant with his hand.,"""[""""uncle"""",""""relative"""",""""family""""]"""
叔,uncle,es,Tío,Tu tío recolectando frijoles de una planta con su mano.,"""[""""tío"""",""""pariente"""",""""familia""""]"""
叔,uncle,ru,Дядя,Твой дядя собирающий бобы с растения своей рукой.,"""[""""дядя"""",""""родственник"""",""""семья""""]"""
取,take,en,Ear,A hand reaching up to take a person's ear as a trophy.,"""[""""take"""",""""ear"""",""""grab""""]"""
取,take,es,Oreja,Una mano que se extiende para tomar la oreja de alguien como trofeo.,"""[""""tomar"""",""""oreja"""",""""agarrar""""]"""
取,take,ru,Ухо,Рука тянущаяся чтобы взять ухо человека в качестве трофея.,"""[""""взять"""",""""ухо"""",""""хватать""""]"""
受,accept,en,Bowl,Passing a bowl from one hand to another to accept food.,"""[""""accept"""",""""bowl"""",""""receive""""]"""
受,accept,es,Cuenco,Pasar un cuenco de una mano a otra para aceptar comida.,"""[""""aceptar"""",""""cuenco"""",""""recibir""""]"""
受,accept,ru,Чаша,Передача чаши из рук в руки чтобы принять еду.,"""[""""принять"""",""""чаша"""",""""получать""""]"""
叚,false,en,Loan,A hand borrowing a false item like a fake piece of fur.,"""[""""loan"""",""""false"""",""""borrow""""]"""
叚,false,es,Préstamo,Una mano que pide prestado un objeto falso como piel artificial.,"""[""""préstamo"""",""""falso"""",""""prestar""""]"""
叚,false,ru,Займ,Рука берущая взаймы фальшивую вещь например искусственный мех.,"""[""""займ"""",""""ложный"""",""""одолжить""""]"""
口,mouth,en,Mouth,A square opening representing a person's open mouth.,"""[""""mouth"""",""""opening"""",""""entrance""""]"""
口,mouth,es,Boca,Una abertura cuadrada que representa la boca abierta de una persona.,"""[""""boca"""",""""apertura"""",""""entrada""""]"""
口,mouth,ru,Рот,Квадратное отверстие представляющее открытый рот человека.,"""[""""рот"""",""""отверстие"""",""""вход""""]"""
古,old,en,Antique,A story passed through ten mouths becomes a very old antique.,"""[""""old"""",""""antique"""",""""ancient""""]"""
古,old,es,Antigüedad,Una historia pasada por diez bocas se convierte en una antigüedad muy vieja.,"""[""""viejo"""",""""antigüedad"""",""""antiguo""""]"""
古,old,ru,Старина,История переданная через десять ртов становится глубокой стариной.,"""[""""старый"""",""""старина"""",""""древний""""]"""
句,phrase,en,Quote,A mouth inside a bundle speaking a single quote or phrase.,"""[""""phrase"""",""""quote"""",""""sentence""""]"""
句,phrase,es,Frase,Una boca dentro de un bulto que pronuncia una sola cita o frase.,"""[""""frase"""",""""cita"""",""""oración""""]"""
句,phrase,ru,Фраза,Рот внутри свертка произносящий одну цитату или фразу.,"""[""""фраза"""",""""цитата"""",""""предложение""""]"""
召,seduce,en,Summon,A mouth using its power to summon or seduce someone.,"""[""""summon"""",""""call"""",""""seduce""""]"""
召,seduce,es,Llamada,Una boca que usa su poder para llamar o seducir a alguien.,"""[""""llamar"""",""""seducir"""",""""convocar""""]"""
召,seduce,ru,Призыв,Рот использующий свою силу чтобы призвать или соблазнить кого-то.,"""[""""призыв"""",""""зов"""",""""соблазн""""]"""
可,can,en,Handle,A person with a strong mouth who can carry a heavy handle.,"""[""""can"""",""""handle"""",""""able""""]"""
可,can,es,Asa,Una persona con una boca fuerte que puede llevar un asa pesada.,"""[""""poder"""",""""asa"""",""""capaz""""]"""
可,can,ru,Ручка,Человек с сильным ртом который может нести тяжелую ручку.,"""[""""мочь"""",""""ручка"""",""""сила""""]"""
台,pedestal,en,Pedestal,A mouth resting on top of a sturdy pedestal.,"""[""""pedestal"""",""""stand"""",""""platform""""]"""
台,pedestal,es,Pedestal,Una boca apoyada en la parte superior de un pedestal robusto.,"""[""""pedestal"""",""""soporte"""",""""plataforma""""]"""
台,pedestal,ru,Пьедестал,Рот покоящийся на вершине прочного пьедестала.,"""[""""пьедестал"""",""""подставка"""",""""платформа""""]"""
右,right,en,Right,The hand you use to put food into your mouth on the right side.,"""[""""right"""",""""hand"""",""""direction""""]"""
右,right,es,Derecha,La mano que usas para meter comida en la boca en el lado derecho.,"""[""""derecha"""",""""mano"""",""""dirección""""]"""
右,right,ru,Право,Рука которой вы кладете еду в рот с правой стороны.,"""[""""право"""",""""рука"""",""""направление""""]"""
司,director,en,Director,A director using their mouth to give orders from a booth.,"""[""""director"""",""""official"""",""""boss""""]"""
司,director,es,Director,Un director que usa la boca para dar órdenes desde una cabina.,"""[""""director"""",""""oficial"""",""""jefe""""]"""
司,director,ru,Директор,Директор использующий рот чтобы отдавать приказы из будки.,"""[""""директор"""",""""чиновник"""",""""начальник""""]"""
各,each,en,Footprint,Each person leaving a distinct footprint after walking through a door.,"""[""""each"""",""""footprint"""",""""every""""]"""
各,each,es,Huella,Cada persona que deja una huella distinta después de cruzar una puerta.,"""[""""cada"""",""""huella"""",""""cada uno""""]"""
各,each,ru,След,Каждый человек оставляет четкий след пройдя через дверь.,"""[""""каждый"""",""""след"""",""""всякий""""]"""
合,fit,en,Lid,A lid that fits perfectly over the mouth of a container.,"""[""""fit"""",""""lid"""",""""join""""]"""
合,fit,es,Tapa,Una tapa que encaja perfectamente sobre la boca de un contenedor.,"""[""""ajuste"""",""""tapa"""",""""unir""""]"""
合,fit,ru,Крышка,Крышка которая идеально подходит к горлышку контейнера.,"""[""""подходить"""",""""крышка"""",""""соединять""""]"""
吉,good luck,en,Luck,A gentleman's mouth speaking words that bring good luck.,"""[""""luck"""",""""good"""",""""fortunate""""]"""
吉,good luck,es,Suerte,La boca de un caballero que pronuncia palabras que traen buena suerte.,"""[""""suerte"""",""""buena"""",""""afortunado""""]"""
吉,good luck,ru,Удача,Уста дворянина произносящие слова приносящие удачу.,"""[""""удача"""",""""добро"""",""""везение""""]"""
同,same,en,Hood,Everyone under the same hood speaks with the same mouth.,"""[""""same"""",""""hood"""",""""equal""""]"""
同,same,es,Capucha,Todos bajo la misma capucha hablan con la misma boca.,"""[""""mismo"""",""""capucha"""",""""igual""""]"""
同,same,ru,Капюшон,Все под одним капюшоном говорят в один голос.,"""[""""одинаковый"""",""""капюшон"""",""""равный""""]"""
名,name,en,Name,A mouth calling out a person's name in the evening darkness.,"""[""""name"""",""""title"""",""""evening""""]"""
名,name,es,Nombre,Una boca que grita el nombre de una persona en la oscuridad de la tarde.,"""[""""nombre"""",""""título"""",""""tarde""""]"""
名,name,ru,Имя,Рот выкрикивающий имя человека в вечерней темноте.,"""[""""имя"""",""""название"""",""""вечер""""]"""
吏,officer,en,Officer,An officer holding a rod and speaking with authority.,"""[""""officer"""",""""official"""",""""clerk""""]"""
吏,officer,es,Oficial,Un oficial que sostiene una vara y habla con autoridad.,"""[""""oficial"""",""""funcionario"""",""""escribano""""]"""
吏,officer,ru,Чиновник,Чиновник держащий жезл и говорящий властно.,"""[""""чиновник"""",""""офицер"""",""""служащий""""]"""
君,mister,en,Scepter,A ruler holding a scepter and giving commands with their mouth.,"""[""""ruler"""",""""lord"""",""""scepter""""]"""
君,mister,es,Cetro,Un gobernante que sostiene un cetro y da órdenes con su boca.,"""[""""gobernante"""",""""señor"""",""""cetro""""]"""
君,mister,ru,Скипетр,Правитель держащий скипетр и отдающий приказы ртом.,"""[""""правитель"""",""""господин"""",""""скипетр""""]"""
吾,I,en,Five Mouths,"Five mouths speaking together to represent the collective ""I"".","""[""""I"""",""""me"""",""""five""""]"""
吾,I,es,Yo,"Cinco bocas hablando juntas para representar el ""yo"" colectivo.","""[""""yo"""",""""cinco"""",""""mí""""]"""
吾,I,ru,Я,Пять ртов говорящих вместе представляя коллективное «Я».,"""[""""я"""",""""пять"""",""""меня""""]"""
呂,spine,en,Spine,Two vertebrae linked together to form part of a spine.,"""[""""spine"""",""""backbone"""",""""vertebrae""""]"""
呂,spine,es,Espina,Dos vértebras unidas para formar parte de una espina dorsal.,"""[""""espina"""",""""columna"""",""""vértebras""""]"""
呂,spine,ru,Позвоночник,Два позвонка соединенных вместе образуя часть позвоночника.,"""[""""позвоночник"""",""""спина"""",""""позвонок""""]"""
呈,display,en,Display,A mouth on a pedestal display used to present a gift.,"""[""""display"""",""""present"""",""""show""""]"""
呈,display,es,Muestra,Una boca en un pedestal de muestra utilizada para presentar un regalo.,"""[""""muestra"""",""""presentar"""",""""mostrar""""]"""
呈,display,ru,Показ,Рот на пьедестале для показа используемый для вручения подарка.,"""[""""показ"""",""""представлять"""",""""шоу""""]"""
呉,give,en,Give,A person with a wide mouth reaching out to give a gift.,"""[""""give"""",""""present"""",""""offer""""]"""
呉,give,es,Dar,Una persona con una boca ancha que se extiende para dar un regalo.,"""[""""dar"""",""""presentar"""",""""ofrecer""""]"""
呉,give,ru,Дать,Человек с широким ртом тянется чтобы дать подарок.,"""[""""дать"""",""""дарить"""",""""подносить""""]"""
告,revelation,en,Revel,A mouth and a bull's horns together to reveal a secret.,"""[""""revelation"""",""""tell"""",""""announce""""]"""
告,revelation,es,Revelación,Una boca y los cuernos de un toro juntos para revelar un secreto.,"""[""""revelación"""",""""contar"""",""""anunciar""""]"""
告,revelation,ru,Откровение,Рот и бычьи рога вместе чтобы открыть секрет.,"""[""""откровение"""",""""сказать"""",""""объявить""""]"""
周,circumference,en,Circuit,A mouth walking a complete circuit around a fenced perimeter.,"""[""""circuit"""",""""circumference"""",""""round""""]"""
周,circumference,es,Circuito,Una boca que recorre un circuito completo alrededor de un perímetro cercado.,"""[""""circuito"""",""""circunferencia"""",""""vuelta""""]"""
周,circumference,ru,Окружность,Рот совершающий полный обход по периметру ограды.,"""[""""обход"""",""""окружность"""",""""круг""""]"""
咅,to spit out,en,Spit,A mouth and a stand used to spit out something bitter.,"""[""""spit"""",""""mouth"""",""""stand""""]"""
咅,to spit out,es,Escupitajo,Una boca y un soporte usados para escupir algo amargo.,"""[""""escupir"""",""""boca"""",""""soporte""""]"""
咅,to spit out,ru,Плевок,Рот и подставка используемые чтобы выплюнуть что-то горькое.,"""[""""плевать"""",""""рот"""",""""подставка""""]"""
咼,crooked mouth,en,Skull,A crooked mouth on a skull with a broken jawbone.,"""[""""crooked"""",""""skull"""",""""bone""""]"""
咼,crooked mouth,es,Cráneo,Una boca torcida en un cráneo con la mandíbula rota.,"""[""""torcido"""",""""cráneo"""",""""hueso""""]"""
咼,crooked mouth,ru,Череп,Кривой рот на черепе со сломанной челюстью.,"""[""""кривой"""",""""череп"""",""""кость""""]"""
品,goods,en,Goods,Three boxes stacked together containing various retail goods.,"""[""""goods"""",""""boxes"""",""""items""""]"""
品,goods,es,Bienes,Tres cajas apiladas que contienen diversos bienes de consumo.,"""[""""bienes"""",""""cajas"""",""""artículos""""]"""
品,goods,ru,Товары,Три сложенные коробки содержащие различные товары.,"""[""""товары"""",""""коробки"""",""""изделия""""]"""
員,employee,en,Employee,An employee with a mouth using a shell for currency.,"""[""""employee"""",""""staff"""",""""member""""]"""
員,employee,es,Empleado,Un empleado con boca que usa una concha como moneda.,"""[""""empleado"""",""""personal"""",""""miembro""""]"""
員,employee,ru,Сотрудник,Сотрудник с ртом использующий ракушку как валюту.,"""[""""сотрудник"""",""""персонал"""",""""член""""]"""
唐,T'ang,en,Sugar,A mouth under a roof eating sweet sugar from a jar.,"""[""""sugar"""",""""sweet"""",""""tang""""]"""
唐,T'ang,es,Azúcar,Una boca bajo un techo comiendo azúcar dulce de un frasco.,"""[""""azúcar"""",""""dulce"""",""""frasco""""]"""
唐,T'ang,ru,Сахар,Рот под крышей поедающий сладкий сахар из банки.,"""[""""сахар"""",""""сладкий"""",""""банка""""]"""
啇,the stalk,en,Stalk,A plant stalk with a decorative top and a mouth-like bud.,"""[""""stalk"""",""""stem"""",""""plant""""]"""
啇,the stalk,es,Tallo,Un tallo de planta con una parte superior decorativa y un capullo en forma de boca.,"""[""""tallo"""",""""tronco"""",""""planta""""]"""
啇,the stalk,ru,Стебель,Стебель растения с декоративной верхушкой и почкой похожей на рот.,"""[""""стебель"""",""""ствол"""",""""растение""""]"""
善,virtuous,en,Virtue,A person with a sheep's heart and two mouths speaking virtue.,"""[""""virtue"""",""""good"""",""""moral""""]"""
善,virtuous,es,Virtud,Una persona con corazón de oveja y dos bocas que hablan de virtud.,"""[""""virtud"""",""""bueno"""",""""moral""""]"""
善,virtuous,ru,Добродетель,Человек с овечьим сердцем и двумя ртами говорящий о добродетели.,"""[""""добродетель"""",""""добро"""",""""мораль""""]"""
喜,rejoice,en,Joy,A mouth singing with joy while a drum beats on a stand.,"""[""""joy"""",""""happy"""",""""rejoice""""]"""
喜,rejoice,es,Alegría,Una boca que canta con alegría mientras un tambor suena en un soporte.,"""[""""alegría"""",""""feliz"""",""""regocijo""""]"""
喜,rejoice,ru,Радость,Рот поющий от радости пока барабан бьет на подставке.,"""[""""радость"""",""""счастье"""",""""восторг""""]"""
喬,high,en,Tower,A tall tower building with a roof and two high windows.,"""[""""tower"""",""""high"""",""""tall""""]"""
喬,high,es,Torre,Un edificio de torre alta con techo y dos ventanas elevadas.,"""[""""torre"""",""""alto"""",""""elevado""""]"""
喬,high,ru,Башня,Высокая башня с крышей и двумя высокими окнами.,"""[""""башня"""",""""высокий"""",""""здание""""]"""
喿,chirping of birds,en,Chirp,Three birds in a tree using their mouths to chirp loudly.,"""[""""chirp"""",""""bird"""",""""tree""""]"""
喿,chirping of birds,es,Gorjeo,Tres pájaros en un árbol que usan sus bocas para gorjear fuerte.,"""[""""gorjeo"""",""""pájaro"""",""""árbol""""]"""
喿,chirping of birds,ru,Щебет,Три птицы на дереве громко щебечут своими клювами.,"""[""""щебет"""",""""птица"""",""""дерево""""]"""
囗,box,en,Box,A large empty box or enclosure used to surround items.,"""[""""box"""",""""enclosure"""",""""border""""]"""
囗,box,es,Caja,Una caja grande vacía o recinto usado para rodear objetos.,"""[""""caja"""",""""recinto"""",""""borde""""]"""
囗,box,ru,Ящик,Большой пустой ящик или ограда используемая чтобы окружить предметы.,"""[""""ящик"""",""""ограда"""",""""граница""""]"""
因,cause,en,Cause,A person trapped inside a box is the cause of the problem.,"""[""""cause"""",""""reason"""",""""inside""""]"""
因,cause,es,Causa,Una persona atrapada dentro de una caja es la causa del problema.,"""[""""causa"""",""""razón"""",""""dentro""""]"""
因,cause,ru,Причина,Человек запертый в ящике — вот причина проблемы.,"""[""""причина"""",""""повод"""",""""внутри""""]"""
固,harden,en,Fort,An old antique kept safely inside a hard stone fort.,"""[""""hard"""",""""fort"""",""""solid""""]"""
固,harden,es,Fuerte,Una antigüedad vieja guardada a salvo dentro de un fuerte de piedra dura.,"""[""""duro"""",""""fuerte"""",""""sólido""""]"""
固,harden,ru,Крепость,Старинная вещь надежно хранящаяся в твердой каменной крепости.,"""[""""твердый"""",""""крепость"""",""""прочный""""]"""
土,soil,en,Soil,A small sprout pushing up through a mound of soil.,"""[""""soil"""",""""earth"""",""""ground""""]"""
土,soil,es,Suelo,Un pequeño brote que empuja a través de un montículo de suelo.,"""[""""suelo"""",""""tierra"""",""""barro""""]"""
土,soil,ru,Почва,Маленький росток пробивающийся сквозь холмик почвы.,"""[""""почва"""",""""земля"""",""""грунт""""]"""
圣,holy,en,Saint,A holy saint standing on the soil and reaching for the sky.,"""[""""holy"""",""""saint"""",""""sacred""""]"""
圣,holy,es,Santo,Un santo sagrado parado en el suelo y alcanzando el cielo.,"""[""""santo"""",""""sagrado"""",""""divino""""]"""
圣,holy,ru,Святой,Святой человек стоящий на земле и тянущийся к небу.,"""[""""святой"""",""""священный"""",""""небо""""]"""
圭,square jewel,en,Jewel,Two mounds of soil forming a rare square-shaped jewel.,"""[""""jewel"""",""""gem"""",""""jade""""]"""
圭,square jewel,es,Joya,Dos montículos de tierra que forman una rara joya de forma cuadrada.,"""[""""joya"""",""""gema"""",""""jade""""]"""
圭,square jewel,ru,Драгоценность,Два холмика земли образующие редкую квадратную драгоценность.,"""[""""драгоценность"""",""""камень"""",""""нефрит""""]"""
坴,clod of earth,en,Clod,A clod of earth on a pedestal with a small plant growing.,"""[""""clod"""",""""earth"""",""""mound""""]"""
坴,clod of earth,es,Terrón,Un terrón de tierra en un pedestal con una pequeña planta creciendo.,"""[""""terrón"""",""""tierra"""",""""montículo""""]"""
坴,clod of earth,ru,Ком,Ком земли на пьедестале на котором растет маленькое растение.,"""[""""ком"""",""""земля"""",""""насыпь""""]"""
垂,droop,en,Flower,A heavy flower on a soil mound causing its petals to droop.,"""[""""droop"""",""""flower"""",""""hang""""]"""
垂,droop,es,Flor,Una flor pesada en un montículo de tierra que hace que sus pétalos caigan.,"""[""""caer"""",""""flor"""",""""colgar""""]"""
垂,droop,ru,Цветок,Тяжелый цветок на земляной насыпи заставляющий лепестки поникнуть.,"""[""""поникнуть"""",""""цветок"""",""""свисать""""]"""
垔,to restrain,en,Barrier,A barrier made of soil and a lid to restrain the water.,"""[""""barrier"""",""""restrain"""",""""dam""""]"""
垔,to restrain,es,Barrera,Una barrera hecha de tierra y una tapa para contener el agua.,"""[""""barrera"""",""""restringir"""",""""dique""""]"""
垔,to restrain,ru,Барьер,Барьер из земли и крышки для сдерживания воды.,"""[""""барьер"""",""""сдерживать"""",""""дамба""""]"""
執,tenacious,en,Grasp,A person using their hands to grasp a clod of soil.,"""[""""grasp"""",""""hold"""",""""seize""""]"""
執,tenacious,es,Agarre,Una persona que usa sus manos para agarrar un terrón de tierra.,"""[""""agarrar"""",""""sujetar"""",""""asir""""]"""
執,tenacious,ru,Хватка,Человек использующий руки чтобы схватить ком земли.,"""[""""хватка"""",""""держать"""",""""схватить""""]"""
堇,,en,Clay,Moist soil and a person with a tool used to mold clay.,"""[""""clay"""",""""mold"""",""""pottery""""]"""
堇,,es,Arcilla,Tierra húmeda y una persona con una herramienta para moldear arcilla.,"""[""""arcilla"""",""""moldear"""",""""alfarería""""]"""
堇,,ru,Глина,Влажная почва и человек с инструментом для лепки из глины.,"""[""""глина"""",""""лепить"""",""""гончарство""""]"""
士,gentleman,en,Gentleman,A gentleman with broad shoulders standing tall on the soil.,"""[""""gentleman"""",""""scholar"""",""""man""""]"""
士,gentleman,es,Caballero,Un caballero de hombros anchos parado erguido sobre el suelo.,"""[""""caballero"""",""""erudito"""",""""hombre""""]"""
士,gentleman,ru,Дворянин,Дворянин с широкими плечами гордо стоит на земле.,"""[""""дворянин"""",""""ученый"""",""""мужик""""]"""
壬,9th calendar sign,en,Spindle,A vertical spindle used for spinning thread.,"""[""""spindle"""",""""calendar"""",""""ninth""""]"""
壬,9th calendar sign,es,Huso,Un huso vertical utilizado para hilar hilo.,"""[""""huso"""",""""calendario"""",""""noveno""""]"""
壬,9th calendar sign,ru,Веретено,Вертикальное веретено для прядения ниток.,"""[""""веретено"""",""""календарь"""",""""девятый""""]"""
壮,robust,en,Warrior,A strong warrior standing robustly on a pedestal.,"""[""""warrior"""",""""robust"""",""""strong""""]"""
壮,robust,es,Guerrero,Un guerrero fuerte que se mantiene robusto en un pedestal.,"""[""""guerrero"""",""""robusto"""",""""fuerte""""]"""
壮,robust,ru,Воин,"Сильный воин, крепко стоящий на пьедестале.","""[""""воин"""",""""крепкий"""",""""сильный""""]"""
売,sell,en,Sale,A person wearing a hat and standing on a pedestal to sell goods.,"""[""""sell"""",""""sale"""",""""merchant""""]"""
売,sell,es,Venta,Una persona con sombrero en un pedestal para vender mercancía.,"""[""""vender"""",""""venta"""",""""comerciante""""]"""
売,sell,ru,Продажа,"Человек в шляпе стоит на пьедестале, чтобы продать товар.","""[""""продавать"""",""""продажа"""",""""торговец""""]"""
壳,casing,en,Shell,A hard casing or shell protecting something underneath.,"""[""""shell"""",""""casing"""",""""crust""""]"""
壳,casing,es,Cáscara,Una cáscara dura o caparazón que protege lo que hay debajo.,"""[""""cáscara"""",""""caparazón"""",""""funda""""]"""
壳,casing,ru,Оболочка,"Твердая оболочка или панцирь, защищающий то, что внутри.","""[""""оболочка"""",""""панцирь"""",""""корпус""""]"""
壴,,en,Drum,A decorative drum on a stand used in ceremonies.,"""[""""drum"""",""""instrument"""",""""stand""""]"""
壴,,es,Tambor,Un tambor decorativo sobre un soporte usado en ceremonias.,"""[""""tambor"""",""""instrumento"""",""""soporte""""]"""
壴,,ru,Барабан,Декоративный барабан на подставке для церемоний.,"""[""""барабан"""",""""инструмент"""",""""подставка""""]"""
夂,late,en,Latecomer,A person walking slowly and arriving late behind others.,"""[""""late"""",""""walk"""",""""slow""""]"""
夂,late,es,Atrasado,Una persona que camina despacio y llega tarde detrás de otros.,"""[""""tarde"""",""""atrasado"""",""""caminar""""]"""
夂,late,ru,Опоздавший,"Человек, который медленно идет и опаздывает за другими.","""[""""поздно"""",""""ходьба"""",""""медленно""""]"""
夅,to descend,en,Descend,Two feet pointing downward as you descend a hill.,"""[""""descend"""",""""down"""",""""foot""""]"""
夅,to descend,es,Descender,Dos pies que apuntan hacia abajo mientras desciendes una colina.,"""[""""descender"""",""""bajar"""",""""pie""""]"""
夅,to descend,ru,Спуск,"Две стопы, направленные вниз при спуске с холма.","""[""""спуск"""",""""вниз"""",""""нога""""]"""
夆,resist,en,Resistance,A plant pushing against a foot to resist being stepped on.,"""[""""resist"""",""""push"""",""""oppose""""]"""
夆,resist,es,Resistencia,Una planta que empuja contra un pie para resistir ser pisada.,"""[""""resistir"""",""""empujar"""",""""oponer""""]"""
夆,resist,ru,Сопротивление,"Растение, упирающееся в ногу, чтобы не быть растоптанным.","""[""""сопротивление"""",""""упор"""",""""против""""]"""
夋,,en,March,A person with a large hat marching forward steadily.,"""[""""march"""",""""walk"""",""""steady""""]"""
夋,,es,Marcha,Una persona con un sombrero grande marchando hacia adelante.,"""[""""marcha"""",""""caminar"""",""""paso""""]"""
夋,,ru,Марш,"Человек в большой шляпе, уверенно марширующий вперед.","""[""""марш"""",""""ходьба"""",""""шаг""""]"""
夌,to dawdle,en,Dawdle,A person slowly dawdling along a high cliff path.,"""[""""dawdle"""",""""slow"""",""""cliff""""]"""
夌,to dawdle,es,Vagar,Una persona que vaga lentamente por un sendero de un acantilado.,"""[""""vagar"""",""""lento"""",""""acantilado""""]"""
夌,to dawdle,ru,Медлить,"Человек, который медленно бредет по тропе на высоком утесе.","""[""""медлить"""",""""брести"""",""""утес""""]"""
复,return,en,Return,A person walking back to return to their home.,"""[""""return"""",""""back"""",""""walk""""]"""
复,return,es,Regreso,Una persona que camina de regreso para volver a su casa.,"""[""""regreso"""",""""volver"""",""""caminar""""]"""
复,return,ru,Возврат,"Человек, идущий назад, чтобы вернуться домой.","""[""""возврат"""",""""назад"""",""""идти""""]"""
夕,evening,en,Evening,The crescent moon appearing in the early evening sky.,"""[""""evening"""",""""moon"""",""""night""""]"""
夕,evening,es,Tarde,La luna creciente que aparece en el cielo al caer la tarde.,"""[""""tarde"""",""""luna"""",""""noche""""]"""
夕,evening,ru,Вечер,"Серп луны, появляющийся в небе ранним вечером.","""[""""вечер"""",""""луна"""",""""ночь""""]"""
夗,,en,Recline,A person reclining on their side to rest in the evening.,"""[""""recline"""",""""rest"""",""""lie""""]"""
夗,,es,Reclinar,Una persona reclinandose de lado para descansar por la tarde.,"""[""""reclinar"""",""""descansar"""",""""tumbarse""""]"""
夗,,ru,Откинуться,"Человек, откинувшийся на бок, чтобы отдохнуть вечером.","""[""""откинуться"""",""""отдых"""",""""лежать""""]"""
多,many,en,Many,Two moons in the sky representing many objects.,"""[""""many"""",""""much"""",""""extra""""]"""
多,many,es,Muchos,Dos lunas en el cielo que representan muchos objetos.,"""[""""muchos"""",""""varios"""",""""extra""""]"""
多,many,ru,Много,"Две луны в небе, символизирующие большое количество.","""[""""много"""",""""масса"""",""""лишний""""]"""
夜,night,en,Night,A person walking under a roof and moon during the night.,"""[""""night"""",""""evening"""",""""dark""""]"""
夜,night,es,Noche,Una persona caminando bajo un techo y la luna durante la noche.,"""[""""noche"""",""""tarde"""",""""oscuro""""]"""
夜,night,ru,Ночь,"Человек, идущий под крышей и луной в ночное время.","""[""""ночь"""",""""вечер"""",""""темнота""""]"""
大,large,en,Large,A person stretching their arms wide to show how large they are.,"""[""""large"""",""""big"""",""""great""""]"""
大,large,es,Grande,Una persona extendiendo los brazos para mostrar lo grande que es.,"""[""""grande"""",""""enorme"""",""""gran""""]"""
大,large,ru,Большой,"Человек, широко раскинувший руки, чтобы показать, какой он большой.","""[""""большой"""",""""крупный"""",""""великий""""]"""
天,heavens,en,Heavens,The sky above a large person representing the heavens.,"""[""""heavens"""",""""sky"""",""""celestial""""]"""
天,heavens,es,Cielos,El cielo sobre una persona grande que representa los cielos.,"""[""""cielos"""",""""celeste"""",""""firmamento""""]"""
天,heavens,ru,Небеса,"Небо над большим человеком, символизирующее небеса.","""[""""небеса"""",""""небо"""",""""высь""""]"""
太,plump,en,Plump,A large person with a small drop representing they are plump.,"""[""""plump"""",""""fat"""",""""thick""""]"""
太,plump,es,Gordo,Una persona grande con una pequeña gota que representa que es gorda.,"""[""""gordo"""",""""grueso"""",""""lleno""""]"""
太,plump,ru,Полный,"Большой человек с маленькой каплей, означающей, что он полный.","""[""""полный"""",""""толстый"""",""""жирный""""]"""
夫,husband,en,Husband,A large person wearing a hairclip representing a husband.,"""[""""husband"""",""""man"""",""""male""""]"""
夫,husband,es,Esposo,Una persona grande que lleva un pasador que representa a un esposo.,"""[""""esposo"""",""""marido"""",""""hombre""""]"""
夫,husband,ru,Муж,"Большой человек с заколкой в волосах, символизирующий мужа.","""[""""муж"""",""""мужчина"""",""""супруг""""]"""
夭,early death,en,Angel,A person with a bent neck like a fallen angel.,"""[""""angel"""",""""death"""",""""bent""""]"""
夭,early death,es,Ángel,Una persona con el cuello doblado como un ángel caído.,"""[""""ángel"""",""""muerte"""",""""doblado""""]"""
夭,early death,ru,Ангел,"Человек с согнутой шеей, похожий на падшего ангела.","""[""""ангел"""",""""смерть"""",""""согнутый""""]"""
央,center,en,Center,A person being held in the center of a frame.,"""[""""center"""",""""middle"""",""""inside""""]"""
央,center,es,Centro,Una persona sostenida en el centro de un marco.,"""[""""centro"""",""""medio"""",""""dentro""""]"""
央,center,ru,Центр,"Человек, которого удерживают в центре рамки.","""[""""центр"""",""""середина"""",""""внутри""""]"""
失,lose,en,Loss,A person letting a drop of water slip and loss from their hand.,"""[""""loss"""",""""lose"""",""""drop""""]"""
失,lose,es,Pérdida,Una persona que deja que una gota de agua se deslice y se pierda de su mano.,"""[""""pérdida"""",""""perder"""",""""gota""""]"""
失,lose,ru,Потеря,"Человек, у которого из рук выскальзывает капля воды — это потеря.","""[""""потеря"""",""""терять"""",""""капля""""]"""
夾,insert between,en,Insert,A large person having two smaller people inserted between their arms.,"""[""""insert"""",""""between"""",""""sandwich""""]"""
夾,insert between,es,Insertar,Una persona grande que tiene a dos personas pequeñas insertadas entre sus brazos.,"""[""""insertar"""",""""entre"""",""""sándwich""""]"""
夾,insert between,ru,Вставить,"Большой человек, между рук которого вставлены два человека поменьше.","""[""""вставить"""",""""между"""",""""зажать""""]"""
奇,strange,en,Strange,A strange thing like a large person sitting on top of a mouth.,"""[""""strange"""",""""odd"""",""""weird""""]"""
奇,strange,es,Extraño,Algo extraño como una persona grande sentada sobre una boca.,"""[""""extraño"""",""""raro"""",""""curioso""""]"""
奇,strange,ru,Странный,"Странная вещь — большой человек, сидящий на вершине рта.","""[""""странный"""",""""чудной"""",""""необычный""""]"""
奈,Nara,en,Altar,A large altar standing on a wooden stand in Nara.,"""[""""Nara"""",""""altar"""",""""stand""""]"""
奈,Nara,es,Altar,Un gran altar sobre un soporte de madera en Nara.,"""[""""altar"""",""""ofrenda"""",""""soporte""""]"""
奈,Nara,ru,Алтар,Большой алтарь на деревянной подставке в Наре.,"""[""""алтарь"""",""""нара"""",""""подставка""""]"""
奉,observance,en,Offering,Holding up a plant with both hands as a sacred offering.,"""[""""offering"""",""""give"""",""""serve""""]"""
奉,observance,es,Ofrenda,Sostener una planta con ambas manos como una ofrenda sagrada.,"""[""""ofrenda"""",""""dar"""",""""servir""""]"""
奉,observance,ru,Подношение,Удержание растения обеими руками как священное подношение.,"""[""""подношение"""",""""дар"""",""""служить""""]"""
契,pledge,en,Contract,Carving a pledge into wood with a sharp knife.,"""[""""pledge"""",""""contract"""",""""bond""""]"""
契,pledge,es,Contrato,Grabar una promesa en madera con un cuchillo afilado.,"""[""""promesa"""",""""contrato"""",""""vínculo""""]"""
契,pledge,ru,Контракт,Вырезание клятвы на дереве острым ножом.,"""[""""контракт"""",""""клятва"""",""""уговор""""]"""
奞,the stride made by a man,en,Stride,A large person making a great stride like a bird's wing.,"""[""""stride"""",""""step"""",""""wing""""]"""
奞,the stride made by a man,es,Zancada,Una persona grande dando una gran zancada como el ala de un pájaro.,"""[""""zancada"""",""""paso"""",""""ala""""]"""
奞,the stride made by a man,ru,Шаг,"Большой человек, делающий широкий шаг, похожий на взмах крыла.","""[""""шаг"""",""""размах"""",""""крыло""""]"""
女,woman,en,Woman,A woman sitting gracefully with her legs crossed.,"""[""""woman"""",""""female"""",""""lady""""]"""
女,woman,es,Mujer,Una mujer sentada con elegancia y las piernas cruzadas.,"""[""""mujer"""",""""femenino"""",""""dama""""]"""
女,woman,ru,Женщина,"Женщина, грациозно сидящая со скрещенными ногами.","""[""""женщина"""",""""женский"""",""""дама""""]"""
奴,guy,en,Servant,A woman and a hand representing a male servant or guy.,"""[""""guy"""",""""servant"""",""""slave""""]"""
奴,guy,es,Tipo,Una mujer y una mano que representan a un sirviente o tipo.,"""[""""tipo"""",""""sirviente"""",""""esclavo""""]"""
奴,guy,ru,Парень,"Женщина и рука, представляющие слугу или парня.","""[""""парень"""",""""слуга"""",""""раб""""]"""
如,likeness,en,Similarity,Words from a mouth that share a similarity or likeness to a woman's.,"""[""""likeness"""",""""same"""",""""as""""]"""
如,likeness,es,Semejanza,Palabras de una boca que tienen semejanza con las de una mujer.,"""[""""semejanza"""",""""igual"""",""""como""""]"""
如,likeness,ru,Подобие,"Слова из уст, имеющие сходство или подобие с женскими.","""[""""подобие"""",""""сходство"""",""""как""""]"""
妻,wife,en,Wife,A woman with a hairpin being held by a hand as a wife.,"""[""""wife"""",""""spouse"""",""""married""""]"""
妻,wife,es,Esposa,Una mujer con un pasador sostenida por una mano como esposa.,"""[""""esposa"""",""""cónyuge"""",""""casada""""]"""
妻,wife,ru,Жена,"Женщина с заколкой, которую рука держит как жену.","""[""""жена"""",""""супруга"""",""""замужняя""""]"""
委,committee,en,Delegate,A woman carrying grain representing a delegate in a committee.,"""[""""delegate"""",""""committee"""",""""entrust""""]"""
委,committee,es,Delegada,Una mujer cargando grano que representa a una delegada en un comité.,"""[""""delegada"""",""""comité"""",""""encargar""""]"""
委,committee,ru,Делегат,"Женщина, несущая зерно, представляет делегата в комитете.","""[""""делегат"""",""""комитет"""",""""поручать""""]"""
娄,surname,en,Hunchback,A woman with a bent back representing a hunched person.,"""[""""surname"""",""""hunchback"""",""""bent""""]"""
娄,surname,es,Jorobado,Una mujer con la espalda doblada que representa a una persona encorvada.,"""[""""apellido"""",""""jorobado"""",""""doblado""""]"""
娄,surname,ru,Горбун,"Женщина с согнутой спиной, представляющая сгорбленного человека.","""[""""фамилия"""",""""горбун"""",""""гнутый""""]"""
子,child,en,Child,A baby wrapped in blankets with its arms reaching out.,"""[""""child"""",""""baby"""",""""son""""]"""
子,child,es,Niño,Un bebé envuelto en mantas con los brazos extendidos.,"""[""""niño"""",""""bebé"""",""""hijo""""]"""
子,child,ru,Ребёнок,"Младенец, завернутый в пеленки, протягивает ручки.","""[""""ребенок"""",""""малыш"""",""""сын""""]"""
孝,filial piety,en,Filial,A child supporting an old person showing filial piety.,"""[""""filial"""",""""piety"""",""""respect""""]"""
孝,filial piety,es,Filial,Un niño apoyando a una persona mayor mostrando piedad filial.,"""[""""filial"""",""""piedad"""",""""respeto""""]"""
孝,filial piety,ru,Сыновний,"Ребенок, поддерживающий старика, проявляет сыновнюю почтительность.","""[""""сыновний"""",""""долг"""",""""почтение""""]"""
孟,chief,en,Leader,A child standing in a vessel like a young chief.,"""[""""chief"""",""""leader"""",""""first""""]"""
孟,chief,es,Jefe,Un niño parado en una vasija como un joven jefe.,"""[""""jefe"""",""""líder"""",""""primero""""]"""
孟,chief,ru,Вождь,"Ребенок, стоящий в сосуде, как юный вождь.","""[""""вождь"""",""""лидер"""",""""первый""""]"""
孫,grandchild,en,Grandchild,A child connected to the family line like a grandchild.,"""[""""grandchild"""",""""descendant"""",""""lineage""""]"""
孫,grandchild,es,Nieto,Un niño conectado a la línea familiar como un nieto.,"""[""""nieto"""",""""descendiente"""",""""linaje""""]"""
孫,grandchild,ru,Внук,"Ребенок, связанный с семейной линией, как внук.","""[""""внук"""",""""потомок"""",""""род""""]"""
宀,shaped crown,en,Roof,A protective roof over a house with a chimney.,"""[""""roof"""",""""house"""",""""crown""""]"""
宀,shaped crown,es,Techo,Un techo protector sobre una casa con chimenea.,"""[""""techo"""",""""casa"""",""""corona""""]"""
宀,shaped crown,ru,Крыша,Защитная крыша над домом с трубой.,"""[""""крыша"""",""""дом"""",""""корона""""]"""
宁,calm,en,Tranquil,A heart under a roof representing a calm and tranquil space.,"""[""""calm"""",""""tranquil"""",""""peace""""]"""
宁,calm,es,Tranquilo,Un corazón bajo un techo que representa un espacio calmado y tranquilo.,"""[""""calma"""",""""tranquilo"""",""""paz""""]"""
宁,calm,ru,Спокойный,"Сердце под крышей, символизирующее спокойное пространство.","""[""""спокойный"""",""""тихий"""",""""мир""""]"""
守,guard,en,Guard,A hand holding a seal under a roof to guard it.,"""[""""guard"""",""""protect"""",""""keep""""]"""
守,guard,es,Guardia,Una mano que sostiene un sello bajo un techo para protegerlo.,"""[""""guardar"""",""""proteger"""",""""mantener""""]"""
守,guard,ru,Охрана,"Рука, держащая печать под крышей, чтобы охранять ее.","""[""""охрана"""",""""беречь"""",""""хранить""""]"""
安,relax,en,Relax,A woman sitting peacefully under a roof to relax.,"""[""""relax"""",""""peace"""",""""safe""""]"""
安,relax,es,Relajarse,Una mujer sentada tranquilamente bajo un techo para relajarse.,"""[""""relajarse"""",""""paz"""",""""seguro""""]"""
安,relax,ru,Раслабиться,"Женщина, мирно сидящая под крышей, чтобы расслабиться.","""[""""расслабиться"""",""""мир"""",""""безопасно""""]"""
完,perfect,en,Perfect,A house with a perfect roof and no missing parts.,"""[""""perfect"""",""""complete"""",""""finish""""]"""
完,perfect,es,Perfecto,Una casa con un techo perfecto y sin piezas faltantes.,"""[""""perfecto"""",""""completo"""",""""terminar""""]"""
完,perfect,ru,Идеальный,"Дом с идеальной крышей, где нет недостающих частей.","""[""""идеальный"""",""""полный"""",""""завершить""""]"""
宓,quiet,en,Quiet,A house where everyone is quiet and still like a mountain.,"""[""""quiet"""",""""silent"""",""""still""""]"""
宓,quiet,es,Silencio,Una casa donde todos están en silencio e inmóviles como una montaña.,"""[""""silencio"""",""""callado"""",""""quieto""""]"""
宓,quiet,ru,Тихий,"Дом, где все ведут себя тихо и неподвижны, как гора.","""[""""тихий"""",""""молчание"""",""""тишина""""]"""
宗,religion,en,Shrine,A roof over an altar representing a religious shrine.,"""[""""religion"""",""""shrine"""",""""ancestor""""]"""
宗,religion,es,Santuario,Un techo sobre un altar que representa un santuario religioso.,"""[""""religión"""",""""santuario"""",""""ancestro""""]"""
宗,religion,ru,Храм,"Крыша над алтарем, представляющая религиозный храм.","""[""""религия"""",""""храм"""",""""предок""""]"""
官,bureaucrat,en,Office,A person working in an office under a roof as a bureaucrat.,"""[""""bureaucrat"""",""""office"""",""""official""""]"""
官,bureaucrat,es,Burócrata,Una persona que trabaja en una oficina bajo un techo como burócrata.,"""[""""burócrata"""",""""oficina"""",""""oficial""""]"""
官,bureaucrat,ru,Бюрократ,"Человек, работающий в офисе под крышей в качестве бюрократа.","""[""""бюрократ"""",""""офис"""",""""чиновник""""]"""
定,determine,en,Decide,A person walking under a roof to decide or determine a path.,"""[""""decide"""",""""determine"""",""""fix""""]"""
定,determine,es,Decidir,Una persona caminando bajo un techo para decidir o determinar un camino.,"""[""""decidir"""",""""determinar"""",""""fijar""""]"""
定,determine,ru,Решить,"Человек, идущий под крышей, чтобы решить или определить путь.","""[""""решить"""",""""определить"""",""""фикс""""]"""
宛,address,en,Address,A person bending over under a roof to write an address.,"""[""""address"""",""""bent"""",""""roof""""]"""
宛,address,es,Dirección,Una persona inclinada bajo un techo para escribir una dirección.,"""[""""dirección"""",""""doblado"""",""""techo""""]"""
宛,address,ru,Адрес,"Человек, склонившийся под крышей, чтобы написать адрес.","""[""""адрес"""",""""согнутый"""",""""крыша""""]"""
宜,best regards,en,Suitability,"A house with shelves for items, showing suitability and regards.","""[""""suitability"""",""""regards"""",""""proper""""]"""
宜,best regards,es,Idoneidad,"Una casa con estantes para objetos, que muestra idoneidad y saludos.","""[""""idoneidad"""",""""saludos"""",""""apropiado""""]"""
宜,best regards,ru,Уместность,"Дом с полками для вещей, что означает уместность и приветствие.","""[""""уместность"""",""""привет"""",""""верно""""]"""
客,guest,en,Guest,A person walking to a house as a welcome guest.,"""[""""guest"""",""""visitor"""",""""customer""""]"""
客,guest,es,Invitado,Una persona caminando hacia una casa como un invitado bienvenido.,"""[""""invitado"""",""""visitante"""",""""cliente""""]"""
客,guest,ru,Гость,"Человек, идущий к дому как желанный гость.","""[""""гость"""",""""посетитель"""",""""клиент""""]"""
害,harm,en,Harm,A mouth under a roof speaking words that cause harm.,"""[""""harm"""",""""damage"""",""""evil""""]"""
害,harm,es,Daño,Una boca bajo un techo diciendo palabras que causan daño.,"""[""""daño"""",""""perjuicio"""",""""maldad""""]"""
害,harm,ru,Вред,"Уста под крышей, произносящие слова, которые причиняют вред.","""[""""вред"""",""""ущерб"""",""""зло""""]"""
家,house,en,House,A protective roof over a pig representing a family house.,"""[""""house"""",""""home"""",""""family""""]"""
家,house,es,Casa,Un techo protector sobre un cerdo que representa una casa familiar.,"""[""""casa"""",""""hogar"""",""""familia""""]"""
家,house,ru,Дом,"Защитная крыша над свиньей, символизирующая семейный дом.","""[""""дом"""",""""очаг"""",""""семья""""]"""
容,contain,en,Capacity,A valley under a roof showing the capacity to contain items.,"""[""""contain"""",""""capacity"""",""""form""""]"""
容,contain,es,Contener,Un valle bajo un techo que muestra la capacidad de contener objetos.,"""[""""contener"""",""""capacidad"""",""""forma""""]"""
容,contain,ru,Вмещать,"Долина под крышей, показывающая способность вмещать вещи.","""[""""вмещать"""",""""объем"""",""""форма""""]"""
宿,inn,en,Inn,A person resting on a mat under a roof in an inn.,"""[""""inn"""",""""lodging"""",""""stay""""]"""
宿,inn,es,Posada,Una persona descansando sobre una estera bajo un techo en una posada.,"""[""""posada"""",""""alojamiento"""",""""estancia""""]"""
宿,inn,ru,Гостиница,"Человек, отдыхающий на циновке под крышей в гостинице.","""[""""гостиница"""",""""ночлег"""",""""стоянка""""]"""
寅,sign of the tiger,en,Tiger,A person holding an arrow under a roof representing the tiger.,"""[""""tiger"""",""""zodiac"""",""""sign""""]"""
寅,sign of the tiger,es,Tigre,Una persona sosteniendo una flecha bajo un techo que representa al tigre.,"""[""""tigre"""",""""zodiaco"""",""""signo""""]"""
寅,sign of the tiger,ru,Тигр,"Человек, держащий стрелу под крышей, символизирующий тигра.","""[""""тигр"""",""""зодиак"""",""""знак""""]"""
寍,used as a term of comparison,en,Comparison,A heart and vessel under a roof used for comparison.,"""[""""comparison"""",""""peace"""",""""prefer""""]"""
寍,used as a term of comparison,es,Comparación,Un corazón y una vasija bajo un techo usados para comparación.,"""[""""comparación"""",""""paz"""",""""preferir""""]"""
寍,used as a term of comparison,ru,Сравнение,"Сердце и сосуд под крышей, используемые для сравнения.","""[""""сравнение"""",""""мир"""",""""предпочитать""""]"""
察,guess,en,Inspect,A person observing a ritual under a roof to inspect or guess.,"""[""""inspect"""",""""guess"""",""""observe""""]"""
察,guess,es,Inspeccionar,Una persona observando un ritual bajo un techo para inspeccionar o adivinar.,"""[""""inspeccionar"""",""""adivinar"""",""""observar""""]"""
察,guess,ru,Осмотр,"Человек, наблюдающий за ритуалом под крышей, чтобы осмотреть или угадать.","""[""""осмотр"""",""""догадка"""",""""наблюдать""""]"""
寸,measurement,en,Inch,A hand with a mark representing a small unit of measurement.,"""[""""measurement"""",""""inch"""",""""degree""""]"""
寸,measurement,es,Pulgada,Una mano con una marca que representa una pequeña unidad de medida.,"""[""""medida"""",""""pulgada"""",""""grado""""]"""
寸,measurement,ru,Вершок,"Рука с отметкой, представляющей малую единицу измерения.","""[""""мера"""",""""дюйм"""",""""градус""""]"""
寺,Buddhist temple,en,Temple,A sacred place on the soil representing a Buddhist temple.,"""[""""temple"""",""""sacred"""",""""buddhist""""]"""
寺,Buddhist temple,es,Templo,Un lugar sagrado sobre el suelo que representa un templo budista.,"""[""""templo"""",""""sagrado"""",""""budista""""]"""
寺,Buddhist temple,ru,Храм,"Священное место на земле, представляющее буддийский храм.","""[""""храм"""",""""святыня"""",""""буддийский""""]"""
寿,longevity,en,Longevity,A person with a long cane representing a life of longevity.,"""[""""longevity"""",""""life"""",""""long""""]"""
寿,longevity,es,Longevidad,Una persona con un bastón largo que representa una vida de longevidad.,"""[""""longevidad"""",""""vida"""",""""largo""""]"""
寿,longevity,ru,Долголетие,"Человек с длинной тростью, символизирующий жизнь и долголетие.","""[""""долголетие"""",""""жизнь"""",""""долгий""""]"""
専,specialty,en,Specialty,A hand holding a specialized tool for a specific task.,"""[""""specialty"""",""""expert"""",""""focus""""]"""
専,specialty,es,Especialidad,Una mano sosteniendo una herramienta especializada para una tarea específica.,"""[""""especialidad"""",""""experto"""",""""enfoque""""]"""
専,specialty,ru,Специальность,"Рука, держащая специальный инструмент для конкретной задачи.","""[""""специальность"""",""""эксперт"""",""""фокус""""]"""
射,shoot,en,Shoot,A hand using a bow and arrow to shoot at a target.,"""[""""shoot"""",""""archery"""",""""fire""""]"""
射,shoot,es,Disparar,Una mano usando un arco y una flecha para disparar a un blanco.,"""[""""disparar"""",""""arquería"""",""""fuego""""]"""
射,shoot,ru,Стрелять,"Рука, использующая лук и стрелу, чтобы стрелять в цель.","""[""""стрелять"""",""""лучник"""",""""огонь""""]"""
将,leader,en,General,A leader standing with meat and a tool as a general.,"""[""""general"""",""""leader"""",""""commander""""]"""
将,leader,es,General,Un líder de pie con carne y una herramienta como un general.,"""[""""general"""",""""líder"""",""""comandante""""]"""
将,leader,ru,Генерал,"Лидер, стоящий с мясом и инструментом, как генерал.","""[""""генерал"""",""""лидер"""",""""командир""""]"""
尉,military officer,en,Officer,A person holding a symbol of authority as a military officer.,"""[""""officer"""",""""military"""",""""authority""""]"""
尉,military officer,es,Oficial,Una persona que sostiene un símbolo de autoridad como oficial militar.,"""[""""oficial"""",""""militar"""",""""autoridad""""]"""
尉,military officer,ru,Офицер,"Человек, держащий символ власти, как военный офицер.","""[""""офицер"""",""""военный"""",""""власть""""]"""
尊,revered,en,Venerated,Holding a sacred vessel with both hands as a revered object.,"""[""""revered"""",""""respect"""",""""sacred""""]"""
尊,revered,es,Venerado,Sostener una vasija sagrada con ambas manos como un objeto venerado.,"""[""""venerado"""",""""respeto"""",""""sagrado""""]"""
尊,revered,ru,Почитаемый,Удержание священного сосуда обеими руками как почитаемый объект.,"""[""""почитаемый"""",""""уважение"""",""""святой""""]"""
小,little,en,Little,A small drop divided into three pieces to show it is little.,"""[""""little"""",""""small"""",""""tiny""""]"""
小,little,es,Pequeño,Una pequeña gota dividida en tres piezas para mostrar que es pequeña.,"""[""""pequeño"""",""""chico"""",""""diminuto""""]"""
小,little,ru,Маленький,"Маленькая капля, разделенная на три части, чтобы показать, что она мала.","""[""""маленький"""",""""малый"""",""""крошечный""""]"""
少,few,en,Few,A small amount with a slash indicating there are only a few.,"""[""""few"""",""""less"""",""""scant""""]"""
少,few,es,Pocos,Una cantidad pequeña con una barra que indica que solo hay unos pocos.,"""[""""pocos"""",""""menos"""",""""escaso""""]"""
少,few,ru,Мало,"Небольшое количество с чертой, означающей, что их всего мало.","""[""""мало"""",""""немного"""",""""скудный""""]"""
尗,younger of brothers,en,Junior,A small plant under the soil representing a junior or younger brother.,"""[""""junior"""",""""young"""",""""brother""""]"""
尗,younger of brothers,es,Menor,Una planta pequeña bajo el suelo que representa a un hermano menor.,"""[""""menor"""",""""joven"""",""""hermano""""]"""
尗,younger of brothers,ru,Младший,"Маленькое растение под землей, символизирующее младшего брата.","""[""""младший"""",""""юный"""",""""брат""""]"""
尚,esteem,en,Value,A house with items that are held in high value or esteem.,"""[""""esteem"""",""""value"""",""""respect""""]"""
尚,esteem,es,Estima,Una casa con objetos que se tienen en gran valor o estima.,"""[""""estima"""",""""valor"""",""""respeto""""]"""
尚,esteem,ru,Почтение,"Дом с вещами, которые пользуются высоким почтением.","""[""""почтение"""",""""ценность"""",""""уважение""""]"""
尞,fuel used for sacrifices,en,Fuel,Wood and fire used as fuel for sacred sacrifices.,"""[""""fuel"""",""""fire"""",""""sacrifice""""]"""
尞,fuel used for sacrifices,es,Combustible,Madera y fuego usados como combustible para sacrificios sagrados.,"""[""""combustible"""",""""fuego"""",""""sacrificio""""]"""
尞,fuel used for sacrifices,ru,Топливо,"Дрова и огонь, используемые как топливо для жертвоприношений.","""[""""топливо"""",""""огонь"""",""""жертва""""]"""
尢,crooked-big radical (no. 43),en,Lame,A large person with a crooked leg like they are lame.,"""[""""lame"""",""""crooked"""",""""bent""""]"""
尢,crooked-big radical (no. 43),es,Cojo,Una persona grande con una pierna torcida como si estuviera coja.,"""[""""cojo"""",""""torcido"""",""""doblado""""]"""
尢,crooked-big radical (no. 43),ru,Хромой,"Большой человек с кривой ногой, будто он хромой.","""[""""хромой"""",""""кривой"""",""""гнутый""""]"""
尭,high,en,Lofty,A person standing on a high pedestal reaching for a lofty height.,"""[""""lofty"""",""""high"""",""""tall""""]"""
尭,high,es,Eminente,Una persona de pie en un pedestal alto alcanzando una altura eminente.,"""[""""eminente"""",""""alto"""",""""elevado""""]"""
尭,high,ru,Высокий,"Человек на высоком пьедестале, стремящийся к высоте.","""[""""высокий"""",""""возвышенный"""",""""вершина""""]"""
就,concerning,en,Settle,A person settling into a high tower concerning their future.,"""[""""settle"""",""""concerning"""",""""tower""""]"""
就,concerning,es,Establecer,Una persona estableciéndose en una torre alta respecto a su futuro.,"""[""""establecer"""",""""respecto"""",""""torre""""]"""
就,concerning,ru,Поселиться,"Человек, поселяющийся в высокой башне ради своего будущего.","""[""""поселиться"""",""""касательно"""",""""башня""""]"""
尸,corpse,en,Body,A person lying flat representing a still body.,"""[""""body"""",""""corpse"""",""""still""""]"""
尸,corpse,es,Cuerpo,Una persona acostada que representa un cuerpo inmóvil.,"""[""""cuerpo"""",""""cadáver"""",""""inmóvil""""]"""
尸,corpse,ru,Тело,"Человек, лежащий плашмя, символизирует неподвижное тело.","""[""""тело"""",""""труп"""",""""покой""""]"""
尺,shaku,en,Ruler,A person using a tool like a ruler to measure a shaku.,"""[""""ruler"""",""""measure"""",""""shaku""""]"""
尺,shaku,es,Regla,Una persona usando una herramienta como una regla para medir un shaku.,"""[""""regla"""",""""medir"""",""""shaku""""]"""
尺,shaku,ru,Линейка,"Человек, использующий инструмент как линейку для измерения сяку.","""[""""линейка"""",""""мера"""",""""сяку""""]"""
尼,nun,en,Nun,A woman resting as a body representing a nun.,"""[""""nun"""",""""woman"""",""""monk""""]"""
尼,nun,es,Monja,Una mujer descansando como un cuerpo que representa a una monja.,"""[""""monja"""",""""mujer"""",""""religiosa""""]"""
尼,nun,ru,Монахиня,"Женщина, покоящаяся как тело, представляющая монахиню.","""[""""монахиня"""",""""женщина"""",""""инокиня""""]"""
居,reside,en,Reside,A person staying in a house to reside there.,"""[""""reside"""",""""dwell"""",""""stay""""]"""
居,reside,es,Residir,Una persona que se queda en una casa para residir allí.,"""[""""residir"""",""""habitar"""",""""quedarse""""]"""
居,reside,ru,Проживать,"Человек, остающийся в доме, чтобы там проживать.","""[""""проживать"""",""""жить"""",""""оставаться""""]"""
屈,yield,en,Yield,A person bending their body to yield or submit.,"""[""""yield"""",""""submit"""",""""bent""""]"""
屈,yield,es,Ceder,Una persona doblando su cuerpo para ceder o someterse.,"""[""""ceder"""",""""someter"""",""""doblado""""]"""
屈,yield,ru,Уступить,"Человек, сгибающий тело, чтобы уступить или покориться.","""[""""уступить"""",""""покориться"""",""""гнутый""""]"""
屋,roof,en,Store,A person under a roof selling goods in a store.,"""[""""store"""",""""shop"""",""""roof""""]"""
屋,roof,es,Tienda,Una persona bajo un techo vendiendo productos en una tienda.,"""[""""tienda"""",""""comercio"""",""""techo""""]"""
屋,roof,ru,Лавка,"Человек под крышей, продающий товары в лавке.","""[""""лавка"""",""""магазин"""",""""крыша""""]"""
属,belong,en,Belong,A person connected to a family group to belong there.,"""[""""belong"""",""""member"""",""""attach""""]"""
属,belong,es,Pertenecer,Una persona conectada a un grupo familiar para pertenecer allí.,"""[""""pertenecer"""",""""miembro"""",""""unir""""]"""
属,belong,ru,Принадлежать,"Человек, связанный с семейной группой, чтобы принадлежать ей.","""[""""принадлежать"""",""""член"""",""""входить""""]"""
屮,left hand,en,Sprout,A small sprout pushing up from the ground like a hand.,"""[""""sprout"""",""""grass"""",""""plant""""]"""
屮,left hand,es,Brote,Un pequeño brote que sale de la tierra como una mano.,"""[""""brote"""",""""hierba"""",""""planta""""]"""
屮,left hand,ru,Росток,"Маленький росток, пробивающийся из земли, как рука.","""[""""росток"""",""""трава"""",""""растение""""]"""
屯,barracks,en,Camp,A sprout pushing against the soil in a military camp.,"""[""""camp"""",""""barracks"""",""""stay""""]"""
屯,barracks,es,Cuartel,Un brote empujando contra el suelo en un cuartel militar.,"""[""""cuartel"""",""""campamento"""",""""estancia""""]"""
屯,barracks,ru,Казарма,"Росток, пробивающийся сквозь почву в военном лагере.","""[""""казарма"""",""""лагерь"""",""""стоянка""""]"""
屰,disobedient,en,Rebel,A person standing upside down as a disobedient rebel.,"""[""""rebel"""",""""against"""",""""oppose""""]"""
屰,disobedient,es,Rebelde,Una persona parada boca abajo como un rebelde desobediente.,"""[""""rebelde"""",""""contra"""",""""oponer""""]"""
屰,disobedient,ru,Бунтарь,"Человек, стоящий вверх ногами, как непослушный бунтарь.","""[""""бунтарь"""",""""против"""",""""вопреки""""]"""
山,mountain,en,Mountain,Three tall peaks rising from the ground as a mountain.,"""[""""mountain"""",""""peak"""",""""hill""""]"""
山,mountain,es,Montaña,Tres picos altos que surgen del suelo como una montaña.,"""[""""montaña"""",""""pico"""",""""colina""""]"""
山,mountain,ru,Гора,"Три высокие вершины, возвышающиеся над землей как гора.","""[""""гора"""",""""пик"""",""""холм""""]"""
岡,mount,en,Hill,A mountain peak within a fenced frame representing a hill.,"""[""""hill"""",""""mount"""",""""ridge""""]"""
岡,mount,es,Colina,Un pico de montaña dentro de un marco cercado que representa una colina.,"""[""""colina"""",""""monte"""",""""cresta""""]"""
岡,mount,ru,Холм,"Горная вершина в ограде, представляющая холм.","""[""""холм"""",""""гора"""",""""хребет""""]"""
巛,curving river radical (no.47),en,River,Three curved lines representing a flowing river.,"""[""""river"""",""""stream"""",""""water""""]"""
巛,curving river radical (no.47),es,Río,Tres líneas curvas que representan un río que fluye.,"""[""""río"""",""""arroyo"""",""""agua""""]"""
巛,curving river radical (no.47),ru,Река,"Три изогнутые линии, представляющие текущую реку.","""[""""река"""",""""поток"""",""""вода""""]"""
州,state,en,Islet,Small islets in a river representing a state or region.,"""[""""islet"""",""""state"""",""""region""""]"""
州,state,es,Isleta,Pequeñas isletas en un río que representan un estado o región.,"""[""""isleta"""",""""estado"""",""""región""""]"""
州,state,ru,Островок,"Маленькие островки в реке, представляющие штат или регион.","""[""""островок"""",""""штат"""",""""регион""""]"""
巠,streams running underground,en,Stream,Water flowing through narrow underground stream channels.,"""[""""stream"""",""""underground"""",""""flow""""]"""
巠,streams running underground,es,Corriente,Agua fluyendo a través de estrechos canales de corriente subterránea.,"""[""""corriente"""",""""subterráneo"""",""""flujo""""]"""
巠,streams running underground,ru,Поток,"Вода, текущая через узкие подземные каналы потока.","""[""""поток"""",""""подземный"""",""""течение""""]"""
工,craft,en,Craft,An I-beam or carpenter's tool used for craft.,"""[""""craft"""",""""work"""",""""tool""""]"""
工,craft,es,Oficio,Una viga o herramienta de carpintero usada en un oficio.,"""[""""oficio"""",""""trabajo"""",""""herramienta""""]"""
工,craft,ru,Ремесло,Двутавровая балка или инструмент плотника для ремесла.,"""[""""ремесло"""",""""работа"""",""""инструмент""""]"""
左,left,en,Left,The hand you use to hold a tool on your left side.,"""[""""left"""",""""side"""",""""hand""""]"""
左,left,es,Izquierda,La mano que usas para sostener una herramienta en tu lado izquierdo.,"""[""""izquierda"""",""""lado"""",""""mano""""]"""
左,left,ru,Лево,"Рука, которой вы держите инструмент с левой стороны.","""[""""лево"""",""""сторона"""",""""рука""""]"""
巨,gigantic,en,Huge,A large carpenter's square representing a gigantic size.,"""[""""huge"""",""""gigantic"""",""""large""""]"""
巨,gigantic,es,Gigante,Una escuadra de carpintero grande que representa un tamaño gigante.,"""[""""gigante"""",""""enorme"""",""""grande""""]"""
巨,gigantic,ru,Гигантский,"Большой плотницкий угольник, символизирующий гигантский размер.","""[""""гигантский"""",""""огромный"""",""""большой""""]"""
差,distinction,en,Difference,A plant and a tool used to show a distinction or difference.,"""[""""difference"""",""""distinction"""",""""vary""""]"""
差,distinction,es,Diferencia,Una planta y una herramienta usadas para mostrar una distinción o diferencia.,"""[""""diferencia"""",""""distinción"""",""""variar""""]"""
差,distinction,ru,Различие,"Растение и инструмент, используемые для показа различия.","""[""""различие"""",""""разница"""",""""отличие""""]"""
己,self,en,Self,A person bending their body to point to their self.,"""[""""self"""",""""me"""",""""own""""]"""
己,self,es,Mismo,Una persona doblando su cuerpo para señalarse a sí misma.,"""[""""mismo"""",""""yo"""",""""propio""""]"""
己,self,ru,Сам,"Человек, сгибающий тело, чтобы указать на самого себя.","""[""""сам"""",""""я"""",""""свой""""]"""
巳,sign of the snake or serpent,en,Snake,A coiled snake representing a zodiac sign.,"""[""""snake"""",""""zodiac"""",""""sign""""]"""
巳,sign of the snake or serpent,es,Serpiente,Una serpiente enroscada que representa un signo del zodiaco.,"""[""""serpiente"""",""""zodiaco"""",""""signo""""]"""
巳,sign of the snake or serpent,ru,Змея,"Свернувшаяся змея, представляющая знак зодиака.","""[""""змея"""",""""зодиак"""",""""знак""""]"""
巴,comma-design,en,Comma,A swirling design that looks like a comma.,"""[""""comma"""",""""swirl"""",""""design""""]"""
巴,comma-design,es,Coma,Un diseño arremolinado que parece una coma.,"""[""""coma"""",""""remolino"""",""""diseño""""]"""
巴,comma-design,ru,Запятая,"Закрученный узор, похожий на запятую.","""[""""запятая"""",""""вихрь"""",""""узор""""]"""
巻,scroll,en,Scroll,A person holding a rolled paper scroll with two hands.,"""[""""scroll"""",""""roll"""",""""paper""""]"""
巻,scroll,es,Pergamino,Una persona sosteniendo un pergamino de papel enrollado con las dos manos.,"""[""""pergamino"""",""""rollo"""",""""papel""""]"""
巻,scroll,ru,Свиток,"Человек, держащий рулон бумаги обеими руками.","""[""""свиток"""",""""рулон"""",""""бумага""""]"""
巽,southeast,en,Mild,Two people on a stand in the mild southeast wind.,"""[""""southeast"""",""""mild"""",""""direction""""]"""
巽,southeast,es,Suave,Dos personas sobre un soporte bajo el suave viento del sureste.,"""[""""sureste"""",""""suave"""",""""dirección""""]"""
巽,southeast,ru,Мягкий,Два человека на подставке под мягким юго-восточным ветром.,"""[""""юго-восток"""",""""мягкий"""",""""направление""""]"""
巾,towel,en,Towel,A piece of cloth hanging from a hook as a towel.,"""[""""towel"""",""""cloth"""",""""linen""""]"""
巾,towel,es,Toalla,Un trozo de tela colgando de un gancho como una toalla.,"""[""""toalla"""",""""tela"""",""""lienzo""""]"""
巾,towel,ru,Полотенце,"Кусок ткани, висящий на крючке как полотенце.","""[""""полотенце"""",""""ткань"""",""""холст""""]"""
市,market,en,Market,A place under a hat where people meet for a market.,"""[""""market"""",""""town"""",""""city""""]"""
市,market,es,Mercado,Un lugar bajo un sombrero donde la gente se reúne para un mercado.,"""[""""mercado"""",""""pueblo"""",""""ciudad""""]"""
市,market,ru,Рынок,"Место под шляпой, где люди собираются на рынок.","""[""""рынок"""",""""город"""",""""базар""""]"""
布,linen,en,Cloth,A hand holding a piece of cloth or linen.,"""[""""cloth"""",""""linen"""",""""fabric""""]"""
布,linen,es,Tela,Una mano sosteniendo un trozo de tela o lino.,"""[""""tela"""",""""lino"""",""""tejido""""]"""
布,linen,ru,Ткань,"Рука, держащая кусок ткани или полотна.","""[""""ткань"""",""""полотно"""",""""материя""""]"""
希,hope,en,Hope,A person looking through a cloth with hope in their heart.,"""[""""hope"""",""""wish"""",""""rare""""]"""
希,hope,es,Esperanza,Una persona mirando a través de una tela con esperanza en su corazón.,"""[""""esperanza"""",""""deseo"""",""""raro""""]"""
希,hope,ru,Надежда,"Человек, смотрящий сквозь ткань с надеждой в сердце.","""[""""надежда"""",""""желание"""",""""редкий""""]"""
帚,broom,en,Broom,A tool made of cloth and wood used as a broom.,"""[""""broom"""",""""sweep"""",""""clean""""]"""
帚,broom,es,Escoba,Una herramienta hecha de tela y madera usada como escoba.,"""[""""escoba"""",""""barrer"""",""""limpiar""""]"""
帚,broom,ru,Метла,"Инструмент из ткани и дерева, используемый как метла.","""[""""метла"""",""""подметать"""",""""чистота""""]"""
帝,sovereign,en,Emperor,A sovereign ruler wearing a decorative crown and cloth.,"""[""""emperor"""",""""sovereign"""",""""ruler""""]"""
帝,sovereign,es,Emperador,Un gobernante soberano con una corona decorativa y tela.,"""[""""emperador"""",""""soberano"""",""""gobernante""""]"""
帝,sovereign,ru,Император,Суверенный правитель в декоративной короне и одеждах.,"""[""""император"""",""""монарх"""",""""правитель""""]"""
帯,sash,en,Sash,A long strip of cloth worn around the waist as a sash.,"""[""""sash"""",""""belt"""",""""zone""""]"""
帯,sash,es,Faja,Una tira larga de tela usada alrededor de la cintura como faja.,"""[""""faja"""",""""cinturón"""",""""zona""""]"""
帯,sash,ru,Пояс,"Длинная полоса ткани, повязанная на талии как пояс.","""[""""пояс"""",""""кушак"""",""""зона""""]"""
干,dry,en,Dry,A vertical pole in the sun to dry clothes.,"""[""""dry"""",""""parch"""",""""pole""""]"""
干,dry,es,Secar,Un poste vertical al sol para secar la ropa.,"""[""""secar"""",""""resecar"""",""""poste""""]"""
干,dry,ru,Сушить,Вертикальный шест на солнце для сушки одежды.,"""[""""сушить"""",""""вялить"""",""""шест""""]"""
平,even,en,Level,A flat surface showing an even and level balance.,"""[""""level"""",""""even"""",""""flat""""]"""
平,even,es,Nivel,Una superficie plana que muestra un equilibrio parejo y nivelado.,"""[""""nivel"""",""""parejo"""",""""plano""""]"""
平,even,ru,Ровный,"Плоская поверхность, показывающая ровный баланс.","""[""""ровный"""",""""плоский"""",""""уровень""""]"""
并,put together,en,Joint,Two people put together on a joint stand.,"""[""""joint"""",""""together"""",""""combine""""]"""
并,put together,es,Unión,Dos personas puestas juntas en un soporte de unión.,"""[""""unión"""",""""junto"""",""""combinar""""]"""
并,put together,ru,Стык,"Два человека, соединенные вместе на общем стыке.","""[""""стык"""",""""вместе"""",""""сочетать""""]"""
幸,happiness,en,Happiness,A person receiving soil and a pole representing happiness.,"""[""""happiness"""",""""luck"""",""""fortune""""]"""
幸,happiness,es,Felicidad,Una persona recibiendo tierra y un poste que representa felicidad.,"""[""""felicidad"""",""""suerte"""",""""fortuna""""]"""
幸,happiness,ru,Счастье,"Человек, получающий землю и шест, что означает счастье.","""[""""счастье"""",""""удача"""",""""судьба""""]"""
幺,short thread radical (no. 52),en,Thread,A small coil of short thread or silk.,"""[""""thread"""",""""short"""",""""silk""""]"""
幺,short thread radical (no. 52),es,Hilo,Un pequeño ovillo de hilo corto o seda.,"""[""""hilo"""",""""corto"""",""""seda""""]"""
幺,short thread radical (no. 52),ru,Нить,Маленький моток короткой нити или шелка.,"""[""""нить"""",""""короткий"""",""""шелк""""]"""
幾,how many,en,Quantity,Using thread and tools to measure how many or quantity.,"""[""""quantity"""",""""how many"""",""""measure""""]"""
幾,how many,es,Cantidad,Uso de hilo y herramientas para medir cuántos o la cantidad.,"""[""""cantidad"""",""""cuántos"""",""""medida""""]"""
幾,how many,ru,Количество,Использование нити и инструментов для измерения количества.,"""[""""количество"""",""""сколько"""",""""мера""""]"""
广,dotted cliff radical (no. 53),en,Shed,A roof with one wall representing a shed on a cliff.,"""[""""shed"""",""""cliff"""",""""dotted""""]"""
广,dotted cliff radical (no. 53),es,Cobertizo,Un techo con una pared que representa un cobertizo en un acantilado.,"""[""""cobertizo"""",""""acantilado"""",""""punto""""]"""
广,dotted cliff radical (no. 53),ru,Навес,"Крыша с одной стеной, представляющая навес на утесе.","""[""""навес"""",""""утес"""",""""точка""""]"""
広,wide,en,Wide,A large space under a shed that is very wide.,"""[""""wide"""",""""broad"""",""""vast""""]"""
広,wide,es,Ancho,Un gran espacio bajo un cobertizo que es muy ancho.,"""[""""ancho"""",""""amplio"""",""""vasto""""]"""
広,wide,ru,Широкий,"Большое пространство под навесом, которое очень широко.","""[""""широкий"""",""""просторный"""",""""обширный""""]"""
庄,level,en,Manor,A level piece of soil under a shed as a manor.,"""[""""manor"""",""""level"""",""""village""""]"""
庄,level,es,Mansión,Un trozo de tierra nivelado bajo un cobertizo como una mansión.,"""[""""mansión"""",""""nivel"""",""""aldea""""]"""
庄,level,ru,Поместье,Ровный участок земли под навесом как поместье.,"""[""""поместье"""",""""уровень"""",""""деревня""""]"""
府,borough,en,Office,An office under a shed dealing with borough affairs.,"""[""""office"""",""""borough"""",""""district""""]"""
府,borough,es,Oficina,Una oficina bajo un cobertizo encargada de asuntos del distrito.,"""[""""oficina"""",""""distrito"""",""""gobierno""""]"""
府,borough,ru,Управа,"Офис под навесом, занимающийся делами округа.","""[""""управа"""",""""округ"""",""""правительство""""]"""
度,degrees,en,Degree,A hand measuring something under a shed in degrees.,"""[""""degree"""",""""measure"""",""""extent""""]"""
度,degrees,es,Grado,Una mano midiendo algo bajo un cobertizo en grados.,"""[""""grado"""",""""medida"""",""""alcance""""]"""
度,degrees,ru,Градус,"Рука, измеряющая что-то под навесом в градусах.","""[""""градус"""",""""мера"""",""""степень""""]"""
庶,commoner,en,Common,People sitting around a fire under a shed as commoners.,"""[""""common"""",""""people"""",""""folk""""]"""
庶,commoner,es,Común,Gente sentada alrededor de un fuego bajo un cobertizo como plebeyos.,"""[""""común"""",""""gente"""",""""pueblo""""]"""
庶,commoner,ru,Простой,"Люди, сидящие у огня под навесом, как простые люди.","""[""""простой"""",""""народ"""",""""люди""""]"""
廴,long stride or stretching radical (no. 54),en,Stretch,A long stride representing a stretch or walking far.,"""[""""stretch"""",""""stride"""",""""walk""""]"""
廴,long stride or stretching radical (no. 54),es,Estirar,Una zancada larga que representa un estiramiento o caminar lejos.,"""[""""estirar"""",""""zancada"""",""""caminar""""]"""
廴,long stride or stretching radical (no. 54),ru,Растяжка,"Широкий шаг, означающий растяжку или долгую ходьбу.","""[""""растяжка"""",""""шаг"""",""""ходьба""""]"""
延,prolong,en,Extend,A foot taking a long stride to prolong or extend a path.,"""[""""extend"""",""""prolong"""",""""stretch""""]"""
延,prolong,es,Extender,Un pie dando una zancada larga para prolongar o extender un camino.,"""[""""extender"""",""""prolongar"""",""""estirar""""]"""
延,prolong,ru,Продлить,"Нога, делающая широкий шаг, чтобы продлить путь.","""[""""продлить"""",""""растянуть"""",""""шаг""""]"""
廷,courts,en,Court,A person taking a long stride in a formal court.,"""[""""court"""",""""formal"""",""""stride""""]"""
廷,courts,es,Corte,Una persona dando una zancada larga en una corte formal.,"""[""""corte"""",""""formal"""",""""paso""""]"""
廷,courts,ru,Суд,"Человек, делающий широкий шаг в официальном суде.","""[""""суд"""",""""двор"""",""""шаг""""]"""
建,build,en,Build,A hand using a tool to build a path with long strides.,"""[""""build"""",""""construct"""",""""erect""""]"""
建,build,es,Construir,Una mano usando una herramienta para construir un camino con zancadas largas.,"""[""""construir"""",""""edificar"""",""""erigir""""]"""
建,build,ru,Строить,"Рука, использующая инструмент для строительства пути.","""[""""строить"""",""""создавать"""",""""возводить""""]"""
廾,twenty,en,Hands,Two hands reaching out representing the number twenty.,"""[""""hands"""",""""twenty"""",""""lift""""]"""
廾,twenty,es,Manos,Dos manos extendidas que representan el número veinte.,"""[""""manos"""",""""veinte"""",""""levantar""""]"""
廾,twenty,ru,Руки,"Две протянутые руки, символизирующие число двадцать.","""[""""руки"""",""""двадцать"""",""""поднимать""""]"""
廿,twenty,en,Twenty,A horizontal line over two poles representing twenty.,"""[""""twenty"""",""""number""""]"""
廿,twenty,es,Veinte,Una línea horizontal sobre dos postes que representa veinte.,"""[""""veinte"""",""""número""""]"""
廿,twenty,ru,Двадцать,Горизонтальная линия над двумя столбами — двадцать.,"""[""""двадцать"""",""""число""""]"""
开,open,en,Gate,A large wooden gate being held open by hands.,"""[""""open"""",""""gate"""",""""unfold""""]"""
开,open,es,Abrir,Un gran portón de madera que se mantiene abierto con las manos.,"""[""""abrir"""",""""portón"""",""""desplegar""""]"""
开,open,ru,Открыть,"Большие деревянные ворота, которые держат открытыми.","""[""""открыть"""",""""ворота"""",""""раскрыть""""]"""
弋,piling,en,Stake,A wooden stake or piling driven into the ground.,"""[""""stake"""",""""piling"""",""""post""""]"""
弋,piling,es,Estaca,Una estaca de madera o pilote clavado en el suelo.,"""[""""estaca"""",""""pilote"""",""""poste""""]"""
弋,piling,ru,Свая,"Деревянный кол или свая, вбитая в землю.","""[""""свая"""",""""кол"""",""""столб""""]"""
式,style,en,Method,Using a tool and a stake to follow a specific method or style.,"""[""""method"""",""""style"""",""""form""""]"""
式,style,es,Método,Uso de una herramienta y una estaca para seguir un método o estilo específico.,"""[""""método"""",""""estilo"""",""""forma""""]"""
式,style,ru,Метод,Использование инструмента и сваи для следования методу или стилю.,"""[""""метод"""",""""стиль"""",""""форма""""]"""
弓,bow,en,Bow,A curved bow used for shooting arrows.,"""[""""bow"""",""""archery"""",""""curve""""]"""
弓,bow,es,Arco,Un arco curvo usado para disparar flechas.,"""[""""arco"""",""""arquería"""",""""curva""""]"""
弓,bow,ru,Лук,Изогнутый лук для стрельбы стрелами.,"""[""""лук"""",""""лучник"""",""""кривая""""]"""
弔,condolences,en,Mourn,A bow wrapped in cloth to show condolences or mourn.,"""[""""mourn"""",""""condolence"""",""""pity""""]"""
弔,condolences,es,Luto,Un arco envuelto en tela para mostrar condolencias o luto.,"""[""""luto"""",""""pésame"""",""""lástima""""]"""
弔,condolences,ru,Траур,"Лук, обернутый в ткань в знак соболезнования или траура.","""[""""траур"""",""""жалость"""",""""сочувствие""""]"""
弗,dollar,en,Buck,A bow with two slashes like a buck or dollar sign.,"""[""""dollar"""",""""buck"""",""""money""""]"""
弗,dollar,es,Dólar,Un arco con dos barras como el signo de un dólar.,"""[""""dólar"""",""""dinero"""",""""barra""""]"""
弗,dollar,ru,Доллар,"Лук с двумя чертами, похожий на знак доллара.","""[""""доллар"""",""""деньги"""",""""черта""""]"""
弟,younger brother,en,Brother,A younger brother with a bow and a headband.,"""[""""brother"""",""""young"""",""""sibling""""]"""
弟,younger brother,es,Hermano,Un hermano menor con un arco y una cinta en el pelo.,"""[""""hermano"""",""""joven"""",""""pariente""""]"""
弟,younger brother,ru,Брат,Младший брат с луком и повязкой на голове.,"""[""""брат"""",""""младший"""",""""родич""""]"""
弱,weak,en,Weak,Two bows with feathers that look weak and fragile.,"""[""""weak"""",""""frail"""",""""soft""""]"""
弱,weak,es,Débil,Dos arcos con plumas que parecen débiles y frágiles.,"""[""""débil"""",""""frágil"""",""""blando""""]"""
弱,weak,ru,Слабый,"Два лука с перьями, которые выглядят слабыми и хрупкими.","""[""""слабый"""",""""хрупкий"""",""""мягкий""""]"""
彑,pig's head radical variant (no. 58),en,Snout,The head and snout of a pig.,"""[""""snout"""",""""pig"""",""""head""""]"""
彑,pig's head radical variant (no. 58),es,Hocico,La cabeza y el hocico de un cerdo.,"""[""""hocico"""",""""cerdo"""",""""cabeza""""]"""
彑,pig's head radical variant (no. 58),ru,Рыло,Голова и рыло свиньи.,"""[""""рыло"""",""""свинья"""",""""голова""""]"""
彔,to carve wood,en,Carve,Using a tool to carve a pig's head into wood.,"""[""""carve"""",""""engrave"""",""""cut""""]"""
彔,to carve wood,es,Tallar,Uso de una herramienta para tallar la cabeza de un cerdo en madera.,"""[""""tallar"""",""""grabar"""",""""cortar""""]"""
彔,to carve wood,ru,Резьба,Использование инструмента для вырезания головы свиньи на дереве.,"""[""""резьба"""",""""вырезать"""",""""гравировать""""]"""
彗,comet,en,Broom,Two brooms used to sweep like the tail of a comet.,"""[""""comet"""",""""broom"""",""""tail""""]"""
彗,comet,es,Cometa,Dos escobas usadas para barrer como la cola de un cometa.,"""[""""cometa"""",""""escoba"""",""""cola""""]"""
彗,comet,ru,Комета,"Две метлы, подметающие как хвост кометы.","""[""""комета"""",""""метла"""",""""хвост""""]"""
彡,three,en,Gleam,Three strokes representing a gleam or decorative hair.,"""[""""gleam"""",""""hair"""",""""three""""]"""
彡,three,es,Destello,Tres trazos que representan un destello o cabello decorativo.,"""[""""destello"""",""""pelo"""",""""tres""""]"""
彡,three,ru,Блеск,"Три штриха, означающие блеск или декоративные волосы.","""[""""блеск"""",""""волосы"""",""""три""""]"""
彦,lad,en,Youth,A young lad with a decorative hat and hair.,"""[""""lad"""",""""youth"""",""""boy""""]"""
彦,lad,es,Muchacho,Un muchacho joven con un sombrero decorativo y cabello.,"""[""""muchacho"""",""""joven"""",""""chico""""]"""
彦,lad,ru,Юноша,Молодой парень с декоративной шляпой и волосами.,"""[""""юноша"""",""""парень"""",""""мальчик""""]"""
彳,stop,en,Step,A person taking a small step with their left foot.,"""[""""step"""",""""walk"""",""""stop""""]"""
彳,stop,es,Paso,Una persona dando un pequeño paso con su pie izquierdo.,"""[""""paso"""",""""caminar"""",""""parar""""]"""
彳,stop,ru,Шаг,"Человек, делающий небольшой шаг левой ногой.","""[""""шаг"""",""""идти"""",""""стоп""""]"""
従,accompany,en,Follow,One person walking behind another to accompany or follow them.,"""[""""follow"""",""""accompany"""",""""with""""]"""
従,accompany,es,Seguir,Una persona caminando detrás de otra para acompañarla o seguirla.,"""[""""seguir"""",""""acompañar"""",""""con""""]"""
従,accompany,ru,Следовать,"Один человек идет за другим, чтобы сопровождать его.","""[""""следовать"""",""""сопровождать"""",""""с""""]"""
復,restore,en,Repair,A person walking back to restore or repair something.,"""[""""repair"""",""""restore"""",""""return""""]"""
復,restore,es,Reparar,Una persona caminando de regreso para restaurar o reparar algo.,"""[""""reparar"""",""""restaurar"""",""""volver""""]"""
復,restore,ru,Чинить,"Человек, идущий назад, чтобы восстановить или починить вещь.","""[""""чинить"""",""""вернуть"""",""""назад""""]"""
徴,indications,en,Sign,A person looking for indications or a sign under a roof.,"""[""""sign"""",""""indications"""",""""mark""""]"""
徴,indications,es,Señal,Una persona buscando indicios o una señal bajo un techo.,"""[""""señal"""",""""indicios"""",""""marca""""]"""
徴,indications,ru,Признак,"Человек, ищущий признаки или знак под крышей.","""[""""признак"""",""""знак"""",""""метка""""]"""
心,heart,en,Heart,A person's heart with three blood vessels.,"""[""""heart"""",""""feeling"""",""""mind""""]"""
心,heart,es,Corazón,El corazón de una persona con tres vasos sanguíneos.,"""[""""corazón"""",""""sentimiento"""",""""mente""""]"""
心,heart,ru,Сердце,Сердце человека с тремя кровеносными сосудами.,"""[""""сердце"""",""""чувство"""",""""душа""""]"""
必,invariably,en,Must,A heart with a slash representing what invariably must be.,"""[""""must"""",""""certain"""",""""invariably""""]"""
必,invariably,es,Deber,Un corazón con una barra que representa lo que invariablemente debe ser.,"""[""""deber"""",""""cierto"""",""""invariablemente""""]"""
必,invariably,ru,Обязательно,"Сердце с чертой, означающее то, что обязательно должно быть.","""[""""обязательно"""",""""верно"""",""""непременно""""]"""
忍,endure,en,Endure,A sharp blade over a heart representing the strength to endure.,"""[""""endure"""",""""patience"""",""""strength""""]"""
忍,endure,es,Aguantar,Una cuchilla afilada sobre un corazón que representa la fuerza para aguantar.,"""[""""aguantar"""",""""paciencia"""",""""fuerza""""]"""
忍,endure,ru,Терпеть,"Острое лезвие над сердцем, означающее силу терпеть.","""[""""терпеть"""",""""терпение"""",""""сила""""]"""
志,intention,en,Aim,A heart focusing on a target as an intention or aim.,"""[""""aim"""",""""intention"""",""""goal""""]"""
志,intention,es,Propósito,Un corazón enfocándose en un objetivo como un propósito o meta.,"""[""""propósito"""",""""intención"""",""""meta""""]"""
志,intention,ru,Намерение,"Сердце, сфокусированное на цели как намерение.","""[""""намерение"""",""""цель"""",""""стремление""""]"""
忩,rush,en,Hurry,A heart and a window representing a rush or hurry.,"""[""""hurry"""",""""rush"""",""""quick""""]"""
忩,rush,es,Prisa,Un corazón y una ventana que representan una prisa o apuro.,"""[""""prisa"""",""""apuro"""",""""rápido""""]"""
忩,rush,ru,Спешка,"Сердце и окно, символизирующие спешку.","""[""""спешка"""",""""торопиться"""",""""быстро""""]"""
念,wish,en,Thought,A heart under a roof thinking of a wish or thought.,"""[""""thought"""",""""wish"""",""""mind""""]"""
念,wish,es,Pensamiento,Un corazón bajo un techo pensando en un deseo o pensamiento.,"""[""""pensamiento"""",""""deseo"""",""""mente""""]"""
念,wish,ru,Мысль,"Сердце под крышей, думающее о желании или мысли.","""[""""мысль"""",""""желание"""",""""душа""""]"""
思,think,en,Think,A heart connected to a field to think and reflect.,"""[""""think"""",""""reflect"""",""""mind""""]"""
思,think,es,Pensar,Un corazón conectado a un campo para pensar y reflexionar.,"""[""""pensar"""",""""reflexionar"""",""""mente""""]"""
思,think,ru,Думать,"Сердце, связанное с полем, чтобы думать и размышлять.","""[""""думать"""",""""размышлять"""",""""ум""""]"""
息,breath,en,Breath,A heart and a nose representing the breath of life.,"""[""""breath"""",""""breathe"""",""""life""""]"""
息,breath,es,Aliento,Un corazón y una nariz que representan el aliento de vida.,"""[""""aliento"""",""""respirar"""",""""vida""""]"""
息,breath,ru,Дыхание,"Сердце и нос, символизирующие дыхание жизни.","""[""""дыхание"""",""""дышать"""",""""жизнь""""]"""
恵,favor,en,Grace,A heart and a field showing a favor or act of grace.,"""[""""grace"""",""""favor"""",""""kind""""]"""
恵,favor,es,Gracia,Un corazón y un campo que muestran un favor o acto de gracia.,"""[""""gracia"""",""""favor"""",""""amable""""]"""
恵,favor,ru,Милость,"Сердце и поле, означающие милость или доброе дело.","""[""""милость"""",""""дар"""",""""добро""""]"""
意,idea,en,Idea,A heart and a sound representing a single idea.,"""[""""idea"""",""""thought"""",""""mind""""]"""
意,idea,es,Idea,Un corazón y un sonido que representan una sola idea.,"""[""""idea"""",""""pensamiento"""",""""mente""""]"""
意,idea,ru,Идея,"Сердце и звук, представляющие одну идею.","""[""""идея"""",""""мысль"""",""""ум""""]"""
愛,love,en,Love,A heart protected under a roof representing deep love.,"""[""""love"""",""""affection"""",""""care""""]"""
愛,love,es,Amor,Un corazón protegido bajo un techo que representa un amor profundo.,"""[""""amor"""",""""afecto"""",""""cariño""""]"""
愛,love,ru,Любовь,"Сердце, защищенное под крышей, как символ глубокой любви.","""[""""любовь"""",""""привязанность"""",""""забота""""]"""
感,emotion,en,Feeling,A heart reacting to a tool as a strong emotion or feeling.,"""[""""feeling"""",""""emotion"""",""""sense""""]"""
感,emotion,es,Emoción,Un corazón reaccionando a una herramienta como una emoción fuerte o sentimiento.,"""[""""sentimiento"""",""""emoción"""",""""sentido""""]"""
感,emotion,ru,Чувство,"Сердце, реагирующее на инструмент как сильное чувство.","""[""""чувство"""",""""эмоция"""",""""ощущение""""]"""
憂,melancholy,en,Sorrow,A heart and a person showing melancholy or sorrow.,"""[""""sorrow"""",""""melancholy"""",""""sad""""]"""
憂,melancholy,es,Melancolía,Un corazón y una persona que muestran melancolía o tristeza.,"""[""""tristeza"""",""""melancolía"""",""""triste""""]"""
憂,melancholy,ru,Меланхолия,"Сердце и человек, выражающие меланхолию или печаль.","""[""""печаль"""",""""меланхолия"""",""""грусть""""]"""
戈,halberd,en,Spear,A sharp spear or halberd used in battle.,"""[""""spear"""",""""halberd"""",""""weapon""""]"""
戈,halberd,es,Lanza,Una lanza afilada o alabarda usada en la batalla.,"""[""""lanza"""",""""alabarda"""",""""arma""""]"""
戈,halberd,ru,Копье,Острое копье или алебарда для сражений.,"""[""""копье"""",""""алебарда"""",""""оружие""""]"""
戌,sign of the dog,en,Guard,A spear and a person representing the guard dog.,"""[""""guard"""",""""dog"""",""""zodiac""""]"""
戌,sign of the dog,es,Guardia,Una lanza y una persona que representan al perro guardián.,"""[""""guardia"""",""""perro"""",""""zodiaco""""]"""
戌,sign of the dog,ru,Охрана,"Копье и человек, символизирующие сторожевого пса.","""[""""охрана"""",""""собака"""",""""зодиак""""]"""
成,turn into,en,Become,A spear and a tool used to turn into something new.,"""[""""become"""",""""turn into"""",""""change""""]"""
成,turn into,es,Convertirse,Una lanza y una herramienta usadas para convertirse en algo nuevo.,"""[""""convertirse"""",""""transformarse"""",""""cambio""""]"""
成,turn into,ru,Стать,"Копье и инструмент, используемые чтобы стать чем-то новым.","""[""""стать"""",""""превратиться"""",""""смена""""]"""
我,ego,en,Ego,A hand holding a spear representing the self or ego.,"""[""""ego"""",""""self"""",""""me""""]"""
我,ego,es,Ego,Una mano sosteniendo una lanza que representa al yo o ego.,"""[""""ego"""",""""yo"""",""""mismo""""]"""
我,ego,ru,Эго,"Рука, держащая копье, как символ «Я» или эго.","""[""""эго"""",""""я"""",""""сам""""]"""
戒,commandment,en,Rule,Two hands holding a spear as a sacred rule or commandment.,"""[""""rule"""",""""commandment"""",""""guard""""]"""
戒,commandment,es,Regla,Dos manos sosteniendo una lanza como una regla sagrada o mandamiento.,"""[""""regla"""",""""mandamiento"""",""""guardia""""]"""
戒,commandment,ru,Заповедь,"Две руки, держащие копье как священное правило или заповедь.","""[""""правило"""",""""заповедь"""",""""охрана""""]"""
戔,damage,en,Harm,Two spears crossing each other and causing harm or damage.,"""[""""harm"""",""""damage"""",""""small""""]"""
戔,damage,es,Daño,Dos lanzas cruzándose y causando daño o perjuicio.,"""[""""daño"""",""""perjuicio"""",""""pequeño""""]"""
戔,damage,ru,Вред,"Два копья, скрещенных друг с другом и причиняющих вред.","""[""""вред"""",""""ущерб"""",""""малый""""]"""
戠,sword,en,Blade,A sharp blade like a sword used for protection.,"""[""""blade"""",""""sword"""",""""weapon""""]"""
戠,sword,es,Espada,Una cuchilla afilada como una espada usada para protección.,"""[""""cuchilla"""",""""espada"""",""""arma""""]"""
戠,sword,ru,Меч,"Острое лезвие, подобное мечу, для защиты.","""[""""лезвие"""",""""меч"""",""""оружие""""]"""
戸,door,en,Door,A single door on a hinge representing a house entrance.,"""[""""door"""",""""gate"""",""""entrance""""]"""
戸,door,es,Puerta,Una sola puerta con bisagra que representa la entrada de una casa.,"""[""""puerta"""",""""portón"""",""""entrada""""]"""
戸,door,ru,Дверь,"Одинарная дверь на петлях, символизирующая вход в дом.","""[""""дверь"""",""""ворота"""",""""вход""""]"""
戻,re-,en,Return,A person returning through a door to redo or re-start.,"""[""""return"""",""""redo"""",""""back""""]"""
戻,re-,es,Volver,Una persona regresando a través de una puerta para rehacer o reiniciar.,"""[""""volver"""",""""rehacer"""",""""regreso""""]"""
戻,re-,ru,Вернуться,"Человек, возвращающийся в дверь, чтобы переделать что-то.","""[""""вернуть"""",""""переделать"""",""""назад""""]"""
扁,level,en,Plate,A flat plate hanging on a door as a level sign.,"""[""""plate"""",""""level"""",""""flat""""]"""
扁,level,es,Placa,Una placa plana colgada en una puerta como un cartel nivelado.,"""[""""placa"""",""""nivel"""",""""plano""""]"""
扁,level,ru,Табличка,Плоская табличка на двери как ровный знак.,"""[""""табличка"""",""""ровный"""",""""плоский""""]"""
手,hand,en,Hand,A person's hand with five fingers reaching out.,"""[""""hand"""",""""fingers"""",""""arm""""]"""
手,hand,es,Mano,La mano de una persona con cinco dedos extendidos.,"""[""""mano"""",""""dedos"""",""""brazo""""]"""
手,hand,ru,Рука,Рука человека с пятью растопыренными пальцами.,"""[""""рука"""",""""пальцы"""",""""кисть""""]"""
才,genius,en,Talent,A person with a single tool showing their natural talent or genius.,"""[""""talent"""",""""genius"""",""""gift""""]"""
才,genius,es,Talento,Una persona con una sola herramienta mostrando su talento natural o genio.,"""[""""talento"""",""""genio"""",""""don""""]"""
才,genius,ru,Талант,"Человек с одним инструментом, проявляющий талант или гений.","""[""""талант"""",""""гений"""",""""дар""""]"""
折,fold,en,Fold,Using a hand and a tool to fold or break a piece of wood.,"""[""""fold"""",""""break"""",""""bend""""]"""
折,fold,es,Doblar,Uso de una mano y una herramienta para doblar o romper un trozo de madera.,"""[""""doblar"""",""""romper"""",""""curvar""""]"""
折,fold,ru,Сложить,"Использование руки и инструмента, чтобы сложить или сломать дерево.","""[""""сложить"""",""""сломать"""",""""согнуть""""]"""
支,branch,en,Branch,A hand holding a small branch from a tree.,"""[""""branch"""",""""twig"""",""""support""""]"""
支,branch,es,Rama,Una mano sosteniendo una pequeña rama de un árbol.,"""[""""rama"""",""""ramita"""",""""soporte""""]"""
支,branch,ru,Ветка,"Рука, держащая маленькую ветку дерева.","""[""""ветка"""",""""сучок"""",""""опора""""]"""
攴,strike,en,Tap,A hand using a small tool to tap or strike an object.,"""[""""tap"""",""""strike"""",""""hit""""]"""
攴,strike,es,Golpear,Una mano usando una herramienta pequeña para golpear un objeto.,"""[""""golpear"""",""""tocar"""",""""atizar""""]"""
攴,strike,ru,Удар,"Рука, использующая малый инструмент для удара по предмету.","""[""""удар"""",""""стук"""",""""бить""""]"""
攸,relaxed,en,Calm,A person relaxing in a stream of water.,"""[""""calm"""",""""relaxed"""",""""flow""""]"""
攸,relaxed,es,Calma,Una persona relajándose en una corriente de agua.,"""[""""calma"""",""""relajado"""",""""flujo""""]"""
攸,relaxed,ru,Спокойный,"Человек, расслабляющийся в потоке воды.","""[""""спокойный"""",""""тихий"""",""""поток""""]"""
放,set free,en,Release,A person and a tool being used to set free or release something.,"""[""""release"""",""""free"""",""""let go""""]"""
放,set free,es,Liberar,Una persona y una herramienta siendo usadas para liberar soltar algo.,"""[""""liberar"""",""""soltar"""",""""dejar ir""""]"""
放,set free,ru,Отпустить,"Человек и инструмент, используемые для того, чтобы отпустить что-то.","""[""""отпустить"""",""""свобода"""",""""выпустить""""]"""
敏,cleverness,en,Skill,A woman with a tool showing her skill and cleverness.,"""[""""skill"""",""""clever"""",""""quick""""]"""
敏,cleverness,es,Habilidad,Una mujer con una herramienta mostrando su habilidad y astucia.,"""[""""habilidad"""",""""astucia"""",""""rápido""""]"""
敏,cleverness,ru,Навык,"Женщина с инструментом, проявляющая навык и сообразительность.","""[""""навык"""",""""ум"""",""""быстрый""""]"""
敝,be worn-out,en,Tattered,A cloth being struck by a tool until it is worn-out.,"""[""""tattered"""",""""worn"""",""""old""""]"""
敝,be worn-out,es,Andrajoso,Una tela siendo golpeada por una herramienta hasta que queda desgastada.,"""[""""andrajoso"""",""""gastado"""",""""viejo""""]"""
敝,be worn-out,ru,Ветхий,"Ткань, по которой бьют инструментом, пока она не станет ветхой.","""[""""ветхий"""",""""износ"""",""""старый""""]"""
敢,daring,en,Bold,A person being bold and daring to strike a dangerous target.,"""[""""bold"""",""""daring"""",""""brave""""]"""
敢,daring,es,Audaz,Una persona siendo audaz y atreviéndose a golpear un objetivo peligroso.,"""[""""audaz"""",""""atrevido"""",""""valiente""""]"""
敢,daring,ru,Смелый,"Человек, проявляющий смелость и отвагу в ударе по опасной цели.","""[""""смелый"""",""""отважный"""",""""храбрый""""]"""
敫,ancient musical instrument,en,Lute,An ancient musical instrument being struck by a hand.,"""[""""lute"""",""""instrument"""",""""music""""]"""
敫,ancient musical instrument,es,Laúd,Un antiguo instrumento musical siendo tocado por una mano.,"""[""""laúd"""",""""instrumento"""",""""música""""]"""
敫,ancient musical instrument,ru,Лютня,"Древний музыкальный инструмент, по которому бьют рукой.","""[""""лютня"""",""""инструмент"""",""""музыка""""]"""
敬,awe,en,Respect,A person showing respect and awe to a sacred ritual.,"""[""""respect"""",""""awe"""",""""honor""""]"""
敬,awe,es,Respeto,Una persona mostrando respeto y asombro ante un ritual sagrado.,"""[""""respeto"""",""""asombro"""",""""honor""""]"""
敬,awe,ru,Почтение,"Человек, проявляющий почтение и трепет перед ритуалом.","""[""""почтение"""",""""трепет"""",""""честь""""]"""
文,sentence,en,Script,Decorative patterns on a body representing script or a sentence.,"""[""""script"""",""""sentence"""",""""pattern""""]"""
文,sentence,es,Escritura,Patrones decorativos en un cuerpo que representan escritura o una oración.,"""[""""escritura"""",""""oración"""",""""patrón""""]"""
文,sentence,ru,Письмо,Декоративные узоры на теле как символ письма или фразы.,"""[""""письмо"""",""""фраза"""",""""узор""""]"""
斗,Big Dipper,en,Ladle,A ladle shaped like the stars of the Big Dipper.,"""[""""ladle"""",""""dipper"""",""""stars""""]"""
斗,Big Dipper,es,Cucharón,Un cucharón con la forma de las estrellas de la Osa Mayor.,"""[""""cucharón"""",""""osa mayor"""",""""estrellas""""]"""
斗,Big Dipper,ru,Ковш,Ковш в форме звезд Большой Медведицы.,"""[""""ковш"""",""""медведица"""",""""звезды""""]"""
斤,axe,en,Axe,A sharp axe used for cutting wood.,"""[""""axe"""",""""hatchet"""",""""tool""""]"""
斤,axe,es,Hacha,Un hacha afilada usada para cortar madera.,"""[""""hacha"""",""""herramienta"""",""""cortar""""]"""
斤,axe,ru,Топор,Острый топор для рубки дерева.,"""[""""топор"""",""""колун"""",""""инструмент""""]"""
斥,reject,en,Spurn,Using an axe to reject or spurn a piece of wood.,"""[""""reject"""",""""spurn"""",""""dismiss""""]"""
斥,reject,es,Rechazar,Uso de un hacha para rechazar o despreciar un trozo de madera.,"""[""""rechazar"""",""""despreciar"""",""""descartar""""]"""
斥,reject,ru,Отказ,"Использование топора, чтобы отвергнуть или отрубить кусок.","""[""""отказ"""",""""отвергнуть"""",""""сброс""""]"""
斬,beheading,en,Slash,Using an axe on a wagon for beheading or a deep slash.,"""[""""slash"""",""""behead"""",""""cut""""]"""
斬,beheading,es,Degollar,Uso de un hacha en un carro para degollar o dar un tajo profundo.,"""[""""tajo"""",""""degollar"""",""""cortar""""]"""
斬,beheading,ru,Обезглавить,Использование топора на повозке для казни или удара.,"""[""""удар"""",""""казнь"""",""""рубить""""]"""
新,new,en,New,Using an axe to cut fresh new wood from a tree.,"""[""""new"""",""""fresh"""",""""novel""""]"""
新,new,es,Nuevo,Uso de un hacha para cortar madera fresca y nueva de un árbol.,"""[""""nuevo"""",""""fresco"""",""""novedoso""""]"""
新,new,ru,Новый,Использование топора для рубки свежего нового дерева.,"""[""""новый"""",""""свежий"""",""""новинка""""]"""
方,direction,en,Compass,A person carrying a banner to show a direction like a compass.,"""[""""direction"""",""""compass"""",""""way""""]"""
方,direction,es,Dirección,Una persona llevando un estandarte para mostrar una dirección como una brújula.,"""[""""dirección"""",""""brújula"""",""""camino""""]"""
方,direction,ru,Направление,"Человек с флагом, указывающий направление как компас.","""[""""направление"""",""""компас"""",""""путь""""]"""
旉,to state to,en,State,A person with a banner stating something clearly.,"""[""""state"""",""""announce"""",""""tell""""]"""
旉,to state to,es,Declarar,Una persona con un estandarte declarando algo claramente.,"""[""""declarar"""",""""anunciar"""",""""decir""""]"""
旉,to state to,ru,Заявить,"Человек со знаменем, который что-то ясно заявляет.","""[""""заявить"""",""""вещать"""",""""сказать""""]"""
无,nothing,en,Empty,A person stretching out their arms to show they have nothing.,"""[""""nothing"""",""""empty"""",""""none""""]"""
无,nothing,es,Nada,Una persona extendiendo los brazos para mostrar que no tiene nada.,"""[""""nada"""",""""vacío"""",""""ninguno""""]"""
无,nothing,ru,Ничто,"Человек, разводящий руками, чтобы показать, что ничего нет.","""[""""ничто"""",""""пусто"""",""""нет""""]"""
既,previously,en,Already,A person looking back after they have already finished a meal.,"""[""""already"""",""""previously"""",""""past""""]"""
既,previously,es,Ya,Una persona mirando atrás después de que ya ha terminado una comida.,"""[""""ya"""",""""anteriormente"""",""""pasado""""]"""
既,previously,ru,Уже,"Человек, оглядывающийся назад после того, как уже закончил трапезу.","""[""""уже"""",""""прежде"""",""""прошлое""""]"""
日,day,en,Sun,The sun in the sky marking a single day.,"""[""""sun"""",""""day"""",""""solar""""]"""
日,day,es,Sol,El sol en el cielo marcando un solo día.,"""[""""sol"""",""""día"""",""""solar""""]"""
日,day,ru,Солнце,"Солнце в небе, отмечающее один день.","""[""""солнце"""",""""день"""",""""солнечный""""]"""
旦,daybreak,en,Dawn,The sun rising over a horizontal line at daybreak.,"""[""""dawn"""",""""daybreak"""",""""morning""""]"""
旦,daybreak,es,Amanecer,El sol saliendo sobre una línea horizontal al amanecer.,"""[""""amanecer"""",""""alborada"""",""""mañana""""]"""
旦,daybreak,ru,Рассвет,"Солнце, встающее над горизонтальной линией на рассвете.","""[""""рассвет"""",""""заря"""",""""утро""""]"""
旧,old times,en,Past,A vertical pole and the sun representing old times or the past.,"""[""""past"""",""""old"""",""""former""""]"""
旧,old times,es,Pasado,Un poste vertical y el sol representando los viejos tiempos o el pasado.,"""[""""pasado"""",""""viejo"""",""""antiguo""""]"""
旧,old times,ru,Прошлое,"Вертикальный шест и солнце, символизирующие прошлое.","""[""""прошлое"""",""""старый"""",""""былое""""]"""
旨,delicious,en,Tasty,The sun and a spoon representing delicious or tasty food.,"""[""""tasty"""",""""delicious"""",""""sweet""""]"""
旨,delicious,es,Delicioso,El sol y una cuchara representando comida deliciosa o sabrosa.,"""[""""sabroso"""",""""delicioso"""",""""dulce""""]"""
旨,delicious,ru,Вкусный,"Солнце и ложка, символизирующие вкусную еду.","""[""""вкусный"""",""""смачный"""",""""сладкий""""]"""
早,early,en,Early,The sun rising over a vertical pole in the early morning.,"""[""""early"""",""""morning"""",""""fast""""]"""
早,early,es,Temprano,El sol saliendo sobre un poste vertical temprano por la mañana.,"""[""""temprano"""",""""mañana"""",""""rápido""""]"""
早,early,ru,Рано,"Солнце, встающее над вертикальным шестом ранним утром.","""[""""рано"""",""""утро"""",""""быстро""""]"""
旬,decameron,en,Period,The sun inside a bundle representing a ten-day period.,"""[""""period"""",""""decade"""",""""ten""""]"""
旬,decameron,es,Período,El sol dentro de un bulto que representa un período de diez días.,"""[""""período"""",""""década"""",""""diez""""]"""
旬,decameron,ru,Декада,"Солнце внутри свертка, означающее десятидневный период.","""[""""период"""",""""декада"""",""""десять""""]"""
昆,descendants,en,Kin,The sun over two people representing kin or descendants.,"""[""""kin"""",""""descendants"""",""""family""""]"""
昆,descendants,es,Parientes,El sol sobre dos personas que representan parientes o descendientes.,"""[""""parientes"""",""""descendientes"""",""""familia""""]"""
昆,descendants,ru,Родня,"Солнце над двумя людьми, символизирующее родню.","""[""""родня"""",""""потомки"""",""""семья""""]"""
昌,prosperous,en,Bright,Two suns in the sky representing a bright and prosperous time.,"""[""""bright"""",""""prosperous"""",""""flourish""""]"""
昌,prosperous,es,Próspero,Dos soles en el cielo representando un tiempo brillante y próspero.,"""[""""brillante"""",""""próspero"""",""""florecer""""]"""
昌,prosperous,ru,Процветающий,Два солнца в небе как символ процветания и света.,"""[""""светлый"""",""""процветающий"""",""""блеск""""]"""
明,bright,en,Bright,The sun and the moon together creating bright light.,"""[""""bright"""",""""light"""",""""clear""""]"""
明,bright,es,Brillante,El sol y la luna juntos creando una luz brillante.,"""[""""brillante"""",""""luz"""",""""claro""""]"""
明,bright,ru,Светлый,Солнце и луна вместе создают яркий свет.,"""[""""светлый"""",""""яркий"""",""""ясный""""]"""
易,easy,en,Easy,The sun and a fast moving creature representing an easy task.,"""[""""easy"""",""""simple"""",""""change""""]"""
易,easy,es,Fácil,El sol y una criatura que se mueve rápido representando una tarea fácil.,"""[""""fácil"""",""""simple"""",""""cambio""""]"""
易,easy,ru,Легкий,"Солнце и быстрое существо, символизирующие легкую задачу.","""[""""легкий"""",""""простой"""",""""смена""""]"""
昔,once upon a time,en,Olden,The sun over a flooded field representing olden times.,"""[""""olden"""",""""past"""",""""ancient""""]"""
昔,once upon a time,es,Antaño,El sol sobre un campo inundado representando tiempos de antaño.,"""[""""antaño"""",""""pasado"""",""""antiguo""""]"""
昔,once upon a time,ru,Давность,Солнце над затопленным полем как символ давних времен.,"""[""""давний"""",""""прошлое"""",""""древний""""]"""
昜,open,en,Expand,The sun rising and expanding its light to open the day.,"""[""""expand"""",""""open"""",""""spread""""]"""
昜,open,es,Expandir,El sol saliendo y expandiendo su luz para abrir el día.,"""[""""expandir"""",""""abrir"""",""""extender""""]"""
昜,open,ru,Расширить,"Солнце, встающее и расширяющее свой свет в начале дня.","""[""""расширить"""",""""открыть"""",""""рост""""]"""
星,star,en,Star,The sun rising over a sprout like a shining star.,"""[""""star"""",""""celestial"""",""""shine""""]"""
星,star,es,Estrella,El sol saliendo sobre un brote como una estrella brillante.,"""[""""estrella"""",""""celeste"""",""""brillar""""]"""
星,star,ru,Звезда,"Солнце, встающее над ростком, как сияющая звезда.","""[""""звезда"""",""""небесный"""",""""блеск""""]"""
春,springtime,en,Spring,The sun rising over plants and a person in spring.,"""[""""spring"""",""""vernal"""",""""season""""]"""
春,springtime,es,Primavera,El sol saliendo sobre las plantas y una persona en primavera.,"""[""""primavera"""",""""vernal"""",""""estación""""]"""
春,springtime,ru,Весна,"Солнце, встающее над растениями и человеком весной.","""[""""весна"""",""""весенний"""",""""сезон""""]"""
昭,shining,en,Luminous,The sun and a person on a stand being luminous and shining.,"""[""""shining"""",""""luminous"""",""""bright""""]"""
昭,shining,es,Luminoso,El sol y una persona en un soporte siendo luminosos y brillantes.,"""[""""brillante"""",""""luminoso"""",""""claro""""]"""
昭,shining,ru,Сияющий,Солнце и человек на подставке — сияющие и светлые.,"""[""""сияющий"""",""""светлый"""",""""блеск""""]"""
是,just so,en,Correct,The sun over a person walking in a way that is just so or correct.,"""[""""correct"""",""""right"""",""""just""""]"""
是,just so,es,Correcto,El sol sobre una persona caminando de una manera que es correcta.,"""[""""correcto"""",""""justo"""",""""bien""""]"""
是,just so,ru,Верно,"Солнце над человеком, идущим так, как это верно или правильно.","""[""""верно"""",""""правильно"""",""""так""""]"""
昷,to feed a prisoner,en,Feed,Using the sun and a vessel to feed someone in a warm place.,"""[""""feed"""",""""warm"""",""""meal""""]"""
昷,to feed a prisoner,es,Alimentar,Uso del sol y una vasija para alimentar a alguien en un lugar cálido.,"""[""""alimentar"""",""""cálido"""",""""comida""""]"""
昷,to feed a prisoner,ru,Кормить,"Использование солнца и сосуда, чтобы кормить кого-то в тепле.","""[""""кормить"""",""""тепло"""",""""трапеза""""]"""
显,,en,Visible,The sun and a silk thread representing something clearly visible.,"""[""""visible"""",""""clear"""",""""show""""]"""
显,,es,Visible,El sol y un hilo de seda representando algo claramente visible.,"""[""""visible"""",""""claro"""",""""mostrar""""]"""
显,,ru,Видимый,"Солнце и шелковая нить как символ того, что ясно видно.","""[""""видимый"""",""""ясный"""",""""показ""""]"""
時,time,en,Time,The sun and a temple representing the passage of time.,"""[""""time"""",""""hour"""",""""clock""""]"""
時,time,es,Tiempo,El sol y un templo representando el paso del tiempo.,"""[""""tiempo"""",""""hora"""",""""reloj""""]"""
時,time,ru,Время,"Солнце и храм, символизирующие ход времени.","""[""""время"""",""""час"""",""""срок""""]"""
晃,clear,en,Dazzle,The sun over a person shining with a clear dazzle.,"""[""""dazzle"""",""""clear"""",""""bright""""]"""
晃,clear,es,Deslumbrar,El sol sobre una persona brillando con un resplandor claro.,"""[""""deslumbrar"""",""""claro"""",""""brillante""""]"""
晃,clear,ru,Блеск,"Солнце над человеком, сияющее ясным блеском.","""[""""блеск"""",""""ясный"""",""""свет""""]"""
普,universal,en,,,
普,universal,es,,,
普,universal,ru,,,
景,scenery,en,,,
景,scenery,es,,,
景,scenery,ru,,,
暴,outburst,en,,,
暴,outburst,es,,,
暴,outburst,ru,,,
曲,bend,en,,,
曲,bend,es,,,
曲,bend,ru,,,
更,grow late,en,,,
更,grow late,es,,,
更,grow late,ru,,,
曷,why,en,,,
曷,why,es,,,
曷,why,ru,,,
曹,office,en,,,
曹,office,es,,,
曹,office,ru,,,
曽,formerly,en,,,
曽,formerly,es,,,
曽,formerly,ru,,,
替,exchange,en,,,
替,exchange,es,,,
替,exchange,ru,,,
最,utmost,en,,,
最,utmost,es,,,
最,utmost,ru,,,
月,month,en,,,
月,month,es,,,
月,month,ru,,,
有,possess,en,,,
有,possess,es,,,
有,possess,ru,,,
朋,companion,en,,,
朋,companion,es,,,
朋,companion,ru,,,
朔,conjunction (astronomy),en,,,
朔,conjunction (astronomy),es,,,
朔,conjunction (astronomy),ru,,,
朕,majestic plural,en,,,
朕,majestic plural,es,,,
朕,majestic plural,ru,,,
朝,morning,en,,,
朝,morning,es,,,
朝,morning,ru,,,
木,tree,en,,,
木,tree,es,,,
木,tree,ru,,,
未,un-,en,,,
未,un-,es,,,
未,un-,ru,,,
末,end,en,,,
末,end,es,,,
末,end,ru,,,
本,book,en,,,
本,book,es,,,
本,book,ru,,,
朱,vermilion,en,,,
朱,vermilion,es,,,
朱,vermilion,ru,,,
杉,cedar,en,,,
杉,cedar,es,,,
杉,cedar,ru,,,
束,bundle,en,,,
束,bundle,es,,,
束,bundle,ru,,,
東,east,en,,,
東,east,es,,,
東,east,ru,,,
林,grove,en,,,
林,grove,es,,,
林,grove,ru,,,
果,fruit,en,,,
果,fruit,es,,,
果,fruit,ru,,,
枼,table,en,,,
枼,table,es,,,
枼,table,ru,,,
某,so-and-so,en,,,
某,so-and-so,es,,,
某,so-and-so,ru,,,
栗,chestnut,en,,,
栗,chestnut,es,,,
栗,chestnut,ru,,,
楽,music,en,,,
楽,music,es,,,
楽,music,ru,,,
欠,lack,en,,,
欠,lack,es,,,
欠,lack,ru,,,
次,next,en,,,
次,next,es,,,
次,next,ru,,,
止,stop,en,,,
止,stop,es,,,
止,stop,ru,,,
正,correct,en,,,
正,correct,es,,,
正,correct,ru,,,
武,warrior,en,,,
武,warrior,es,,,
武,warrior,ru,,,
歩,walk,en,,,
歩,walk,es,,,
歩,walk,ru,,,
歹,bare bone,en,,,
歹,bare bone,es,,,
歹,bare bone,ru,,,
死,death,en,,,
死,death,es,,,
死,death,ru,,,
殳,pike,en,,,
殳,pike,es,,,
殳,pike,ru,,,
段,grade,en,,,
段,grade,es,,,
段,grade,ru,,,
殸,,en,,,
殸,,es,,,
殸,,ru,,,
毋,do not,en,,,
毋,do not,es,,,
毋,do not,ru,,,
母,mother,en,,,
母,mother,es,,,
母,mother,ru,,,
毎,every,en,,,
毎,every,es,,,
毎,every,ru,,,
比,compare,en,,,
比,compare,es,,,
比,compare,ru,,,
毛,fur,en,,,
毛,fur,es,,,
毛,fur,ru,,,
氏,family name,en,,,
氏,family name,es,,,
氏,family name,ru,,,
氐,name of an ancient tribe,en,,,
氐,name of an ancient tribe,es,,,
氐,name of an ancient tribe,ru,,,
民,people,en,,,
民,people,es,,,
民,people,ru,,,
气,spirit,en,,,
气,spirit,es,,,
气,spirit,ru,,,
水,water,en,,,
水,water,es,,,
水,water,ru,,,
氵,water,en,,,
氵,water,es,,,
氵,water,ru,,,
永,eternity,en,,,
永,eternity,es,,,
永,eternity,ru,,,
求,request,en,,,
求,request,es,,,
求,request,ru,,,
江,creek,en,,,
江,creek,es,,,
江,creek,ru,,,
沙,sand,en,,,
沙,sand,es,,,
沙,sand,ru,,,
泉,spring,en,,,
泉,spring,es,,,
泉,spring,ru,,,
波,waves,en,,,
波,waves,es,,,
波,waves,ru,,,
涂,surname,en,,,
涂,surname,es,,,
涂,surname,ru,,,
火,fire,en,,,
火,fire,es,,,
火,fire,ru,,,
灬,fire,en,,,
灬,fire,es,,,
灬,fire,ru,,,
灰,ashes,en,,,
灰,ashes,es,,,
灰,ashes,ru,,,
炎,inflammation,en,,,
炎,inflammation,es,,,
炎,inflammation,ru,,,
為,do,en,,,
為,do,es,,,
為,do,ru,,,
焦,char,en,,,
焦,char,es,,,
焦,char,ru,,,
然,sort of thing,en,,,
然,sort of thing,es,,,
然,sort of thing,ru,,,
爪,claw,en,,,
爪,claw,es,,,
爪,claw,ru,,,
爰,lead on to,en,,,
爰,lead on to,es,,,
爰,lead on to,ru,,,
父,father,en,,,
父,father,es,,,
父,father,ru,,,
爻,to mix with,en,,,
爻,to mix with,es,,,
爻,to mix with,ru,,,
爾,you,en,,,
爾,you,es,,,
爾,you,ru,,,
爿,left-side kata radical (no. 90),en,,,
爿,left-side kata radical (no. 90),es,,,
爿,left-side kata radical (no. 90),ru,,,
片,one-sided,en,,,
片,one-sided,es,,,
片,one-sided,ru,,,
牙,tusk,en,,,
牙,tusk,es,,,
牙,tusk,ru,,,
牛,cow,en,,,
牛,cow,es,,,
牛,cow,ru,,,
物,thing,en,,,
物,thing,es,,,
物,thing,ru,,,
犬,dog,en,,,
犬,dog,es,,,
犬,dog,ru,,,
玄,mysterious,en,,,
玄,mysterious,es,,,
玄,mysterious,ru,,,
玉,jewel,en,,,
玉,jewel,es,,,
玉,jewel,ru,,,
王,king,en,,,
王,king,es,,,
王,king,ru,,,
瓜,melon,en,,,
瓜,melon,es,,,
瓜,melon,ru,,,
瓦,tile,en,,,
瓦,tile,es,,,
瓦,tile,ru,,,
甘,sweet,en,,,
甘,sweet,es,,,
甘,sweet,ru,,,
甚,tremendously,en,,,
甚,tremendously,es,,,
甚,tremendously,ru,,,
生,life,en,,,
生,life,es,,,
生,life,ru,,,
用,utilize,en,,,
用,utilize,es,,,
用,utilize,ru,,,
甫,for the first time,en,,,
甫,for the first time,es,,,
甫,for the first time,ru,,,
甬,road with walls on both sides,en,,,
甬,road with walls on both sides,es,,,
甬,road with walls on both sides,ru,,,
田,rice field,en,,,
田,rice field,es,,,
田,rice field,ru,,,
由,wherefore,en,,,
由,wherefore,es,,,
由,wherefore,ru,,,
甲,armor,en,,,
甲,armor,es,,,
甲,armor,ru,,,
申,have the honor to,en,,,
申,have the honor to,es,,,
申,have the honor to,ru,,,
电,,en,,,
电,,es,,,
电,,ru,,,
甶,,en,,,
甶,,es,,,
甶,,ru,,,
男,male,en,,,
男,male,es,,,
男,male,ru,,,
畀,to give,en,,,
畀,to give,es,,,
畀,to give,ru,,,
畐,to fill,en,,,
畐,to fill,es,,,
畐,to fill,ru,,,
留,detain,en,,,
留,detain,es,,,
留,detain,ru,,,
畜,livestock,en,,,
畜,livestock,es,,,
畜,livestock,ru,,,
番,turn,en,,,
番,turn,es,,,
番,turn,ru,,,
異,uncommon,en,,,
異,uncommon,es,,,
異,uncommon,ru,,,
疋,head,en,,,
疋,head,es,,,
疋,head,ru,,,
疑,doubt,en,,,
疑,doubt,es,,,
疑,doubt,ru,,,
疒,trailing sickness,en,,,
疒,trailing sickness,es,,,
疒,trailing sickness,ru,,,
疾,rapidly,en,,,
疾,rapidly,es,,,
疾,rapidly,ru,,,
癶,dotted tent radical (no. 105),en,,,
癶,dotted tent radical (no. 105),es,,,
癶,dotted tent radical (no. 105),ru,,,
発,departure,en,,,
発,departure,es,,,
発,departure,ru,,,
登,ascend,en,,,
登,ascend,es,,,
登,ascend,ru,,,
白,white,en,,,
白,white,es,,,
白,white,ru,,,
百,hundred,en,,,
百,hundred,es,,,
百,hundred,ru,,,
皆,all,en,,,
皆,all,es,,,
皆,all,ru,,,
皮,pelt,en,,,
皮,pelt,es,,,
皮,pelt,ru,,,
皿,dish,en,,,
皿,dish,es,,,
皿,dish,ru,,,
監,oversee,en,,,
監,oversee,es,,,
監,oversee,ru,,,
目,eye,en,,,
目,eye,es,,,
目,eye,ru,,,
直,straightaway,en,,,
直,straightaway,es,,,
直,straightaway,ru,,,
相,inter-,en,,,
相,inter-,es,,,
相,inter-,ru,,,
盾,shield,en,,,
盾,shield,es,,,
盾,shield,ru,,,
県,prefecture,en,,,
県,prefecture,es,,,
県,prefecture,ru,,,
真,true,en,,,
真,true,es,,,
真,true,ru,,,
睘,round,en,,,
睘,round,es,,,
睘,round,ru,,,
矛,halberd,en,,,
矛,halberd,es,,,
矛,halberd,ru,,,
矞,bore with awl,en,,,
矞,bore with awl,es,,,
矞,bore with awl,ru,,,
矢,dart,en,,,
矢,dart,es,,,
矢,dart,ru,,,
知,know,en,,,
知,know,es,,,
知,know,ru,,,
石,stone,en,,,
石,stone,es,,,
石,stone,ru,,,
示,show,en,,,
示,show,es,,,
示,show,ru,,,
票,ballot,en,,,
票,ballot,es,,,
票,ballot,ru,,,
祭,ritual,en,,,
祭,ritual,es,,,
祭,ritual,ru,,,
禁,prohibition,en,,,
禁,prohibition,es,,,
禁,prohibition,ru,,,
禹,name of a Chinese emperor,en,,,
禹,name of a Chinese emperor,es,,,
禹,name of a Chinese emperor,ru,,,
禺,long-tailed monkey,en,,,
禺,long-tailed monkey,es,,,
禺,long-tailed monkey,ru,,,
离,rare beast,en,,,
离,rare beast,es,,,
离,rare beast,ru,,,
禾,two-branch tree radical (no. 115),en,,,
禾,two-branch tree radical (no. 115),es,,,
禾,two-branch tree radical (no. 115),ru,,,
秀,excel,en,,,
秀,excel,es,,,
秀,excel,ru,,,
秋,autumn,en,,,
秋,autumn,es,,,
秋,autumn,ru,,,
秦,Manchu dynasty,en,,,
秦,Manchu dynasty,es,,,
秦,Manchu dynasty,ru,,,
穴,hole,en,,,
穴,hole,es,,,
穴,hole,ru,,,
空,empty,en,,,
空,empty,es,,,
空,empty,ru,,,
立,stand up,en,,,
立,stand up,es,,,
立,stand up,ru,,,
章,badge,en,,,
章,badge,es,,,
章,badge,ru,,,
童,juvenile,en,,,
童,juvenile,es,,,
童,juvenile,ru,,,
竹,bamboo,en,,,
竹,bamboo,es,,,
竹,bamboo,ru,,,
米,rice,en,,,
米,rice,es,,,
米,rice,ru,,,
粦,phosphorus,en,,,
粦,phosphorus,es,,,
粦,phosphorus,ru,,,
糸,thread,en,,,
糸,thread,es,,,
糸,thread,ru,,,
系,lineage,en,,,
系,lineage,es,,,
系,lineage,ru,,,
絜,marking line,en,,,
絜,marking line,es,,,
絜,marking line,ru,,,
維,fiber,en,,,
維,fiber,es,,,
維,fiber,ru,,,
缶,tin can,en,,,
缶,tin can,es,,,
缶,tin can,ru,,,
网,net,en,,,
网,net,es,,,
网,net,ru,,,
罒,net radical variant (no. 122),en,,,
罒,net radical variant (no. 122),es,,,
罒,net radical variant (no. 122),ru,,,
署,signature,en,,,
署,signature,es,,,
署,signature,ru,,,
羊,sheep,en,,,
羊,sheep,es,,,
羊,sheep,ru,,,
義,righteousness,en,,,
義,righteousness,es,,,
義,righteousness,ru,,,
羽,feathers,en,,,
羽,feathers,es,,,
羽,feathers,ru,,,
翟,surname,en,,,
翟,surname,es,,,
翟,surname,ru,,,
耂,variant of radical 125,en,,,
耂,variant of radical 125,es,,,
耂,variant of radical 125,ru,,,
考,consider,en,,,
考,consider,es,,,
考,consider,ru,,,
者,someone,en,,,
者,someone,es,,,
者,someone,ru,,,
而,and yet,en,,,
而,and yet,es,,,
而,and yet,ru,,,
耑,specialized,en,,,
耑,specialized,es,,,
耑,specialized,ru,,,
耒,come,en,,,
耒,come,es,,,
耒,come,ru,,,
耳,ear,en,,,
耳,ear,es,,,
耳,ear,ru,,,
耶,question mark,en,,,
耶,question mark,es,,,
耶,question mark,ru,,,
聿,brush,en,,,
聿,brush,es,,,
聿,brush,ru,,,
肉,meat,en,,,
肉,meat,es,,,
肉,meat,ru,,,
肖,resemblance,en,,,
肖,resemblance,es,,,
肖,resemblance,ru,,,
肙,a small worm,en,,,
肙,a small worm,es,,,
肙,a small worm,ru,,,
育,bring up,en,,,
育,bring up,es,,,
育,bring up,ru,,,
胃,stomach,en,,,
胃,stomach,es,,,
胃,stomach,ru,,,
胡,barbarian,en,,,
胡,barbarian,es,,,
胡,barbarian,ru,,,
能,ability,en,,,
能,ability,es,,,
能,ability,ru,,,
臣,retainer,en,,,
臣,retainer,es,,,
臣,retainer,ru,,,
自,oneself,en,,,
自,oneself,es,,,
自,oneself,ru,,,
臭,stinking,en,,,
臭,stinking,es,,,
臭,stinking,ru,,,
至,climax,en,,,
至,climax,es,,,
至,climax,ru,,,
致,doth,en,,,
致,doth,es,,,
致,doth,ru,,,
臼,mortar,en,,,
臼,mortar,es,,,
臼,mortar,ru,,,
舄,a shoe,en,,,
舄,a shoe,es,,,
舄,a shoe,ru,,,
舌,tongue,en,,,
舌,tongue,es,,,
舌,tongue,ru,,,
舎,cottage,en,,,
舎,cottage,es,,,
舎,cottage,ru,,,
舛,dancing radical (no. 136),en,,,
舛,dancing radical (no. 136),es,,,
舛,dancing radical (no. 136),ru,,,
舜,type of morning glory,en,,,
舜,type of morning glory,es,,,
舜,type of morning glory,ru,,,
舟,boat,en,,,
舟,boat,es,,,
舟,boat,ru,,,
般,carrier,en,,,
般,carrier,es,,,
般,carrier,ru,,,
艮,northeast (Oriental zodiac),en,,,
艮,northeast (Oriental zodiac),es,,,
艮,northeast (Oriental zodiac),ru,,,
良,good,en,,,
良,good,es,,,
良,good,ru,,,
色,color,en,,,
色,color,es,,,
色,color,ru,,,
艸,grass,en,,,
艸,grass,es,,,
艸,grass,ru,,,
艹,grass,en,,,
艹,grass,es,,,
艹,grass,ru,,,
苗,seedling,en,,,
苗,seedling,es,,,
苗,seedling,ru,,,
苟,any,en,,,
苟,any,es,,,
苟,any,ru,,,
若,young,en,,,
若,young,es,,,
若,young,ru,,,
英,England,en,,,
英,England,es,,,
英,England,ru,,,
茲,here,en,,,
茲,here,es,,,
茲,here,ru,,,
荒,laid waste,en,,,
荒,laid waste,es,,,
荒,laid waste,ru,,,
莧,edible greens,en,,,
莧,edible greens,es,,,
莧,edible greens,ru,,,
莫,must not,en,,,
莫,must not,es,,,
莫,must not,ru,,,
菐,,en,,,
菐,,es,,,
菐,,ru,,,
菫,the violet,en,,,
菫,the violet,es,,,
菫,the violet,ru,,,
華,splendor,en,,,
華,splendor,es,,,
華,splendor,ru,,,
蒦,to measure,en,,,
蒦,to measure,es,,,
蒦,to measure,ru,,,
蔵,storehouse,en,,,
蔵,storehouse,es,,,
蔵,storehouse,ru,,,
虍,tiger spots,en,,,
虍,tiger spots,es,,,
虍,tiger spots,ru,,,
虎,tiger,en,,,
虎,tiger,es,,,
虎,tiger,ru,,,
虚,void,en,,,
虚,void,es,,,
虚,void,ru,,,
虫,insect,en,,,
虫,insect,es,,,
虫,insect,ru,,,
血,blood,en,,,
血,blood,es,,,
血,blood,ru,,,
行,going,en,,,
行,going,es,,,
行,going,ru,,,
衣,garment,en,,,
衣,garment,es,,,
衣,garment,ru,,,
表,surface,en,,,
表,surface,es,,,
表,surface,ru,,,
袁,long kimono,en,,,
袁,long kimono,es,,,
袁,long kimono,ru,,,
襄,rise,en,,,
襄,rise,es,,,
襄,rise,ru,,,
襾,cover,en,,,
襾,cover,es,,,
襾,cover,ru,,,
西,west,en,,,
西,west,es,,,
西,west,ru,,,
覀,variant of radical 146,en,,,
覀,variant of radical 146,es,,,
覀,variant of radical 146,ru,,,
要,need,en,,,
要,need,es,,,
要,need,ru,,,
見,see,en,,,
見,see,es,,,
見,see,ru,,,
規,standard,en,,,
規,standard,es,,,
規,standard,ru,,,
角,angle,en,,,
角,angle,es,,,
角,angle,ru,,,
言,say,en,,,
言,say,es,,,
言,say,ru,,,
谷,valley,en,,,
谷,valley,es,,,
谷,valley,ru,,,
豆,beans,en,,,
豆,beans,es,,,
豆,beans,ru,,,
豊,bountiful,en,,,
豊,bountiful,es,,,
豊,bountiful,ru,,,
豕,pig,en,,,
豕,pig,es,,,
豕,pig,ru,,,
象,elephant,en,,,
象,elephant,es,,,
象,elephant,ru,,,
豦,wild boar,en,,,
豦,wild boar,es,,,
豦,wild boar,ru,,,
豸,snake,en,,,
豸,snake,es,,,
豸,snake,ru,,,
貝,shellfish,en,,,
貝,shellfish,es,,,
貝,shellfish,ru,,,
貞,upright,en,,,
貞,upright,es,,,
貞,upright,ru,,,
貫,pierce,en,,,
貫,pierce,es,,,
貫,pierce,ru,,,
責,blame,en,,,
責,blame,es,,,
責,blame,ru,,,
貴,precious,en,,,
貴,precious,es,,,
貴,precious,ru,,,
賁,decorate,en,,,
賁,decorate,es,,,
賁,decorate,ru,,,
賞,prize,en,,,
賞,prize,es,,,
賞,prize,ru,,,
赤,red,en,,,
赤,red,es,,,
赤,red,ru,,,
走,run,en,,,
走,run,es,,,
走,run,ru,,,
足,leg,en,,,
足,leg,es,,,
足,leg,ru,,,
路,path,en,,,
路,path,es,,,
路,path,ru,,,
身,somebody,en,,,
身,somebody,es,,,
身,somebody,ru,,,
車,car,en,,,
車,car,es,,,
車,car,ru,,,
軍,army,en,,,
軍,army,es,,,
軍,army,ru,,,
辛,spicy,en,,,
辛,spicy,es,,,
辛,spicy,ru,,,
辟,false,en,,,
辟,false,es,,,
辟,false,ru,,,
辰,sign of the dragon,en,,,
辰,sign of the dragon,es,,,
辰,sign of the dragon,ru,,,
農,agriculture,en,,,
農,agriculture,es,,,
農,agriculture,ru,,,
辶,walk,en,,,
辶,walk,es,,,
辶,walk,ru,,,
迷,astray,en,,,
迷,astray,es,,,
迷,astray,ru,,,
連,take along,en,,,
連,take along,es,,,
連,take along,ru,,,
道,road-way,en,,,
道,road-way,es,,,
道,road-way,ru,,,
邑,village,en,,,
邑,village,es,,,
邑,village,ru,,,
郎,son,en,,,
郎,son,es,,,
郎,son,ru,,,
郷,home town,en,,,
郷,home town,es,,,
郷,home town,ru,,,
酉,west,en,,,
酉,west,es,,,
酉,west,ru,,,
釆,separate,en,,,
釆,separate,es,,,
釆,separate,ru,,,
采,dice,en,,,
采,dice,es,,,
采,dice,ru,,,
里,ri,en,,,
里,ri,es,,,
里,ri,ru,,,
重,heavy,en,,,
重,heavy,es,,,
重,heavy,ru,,,
量,quantity,en,,,
量,quantity,es,,,
量,quantity,ru,,,
金,gold,en,,,
金,gold,es,,,
金,gold,ru,,,
長,long,en,,,
長,long,es,,,
長,long,ru,,,
門,gate,en,,,
門,gate,es,,,
門,gate,ru,,,
間,interval,en,,,
間,interval,es,,,
間,interval,ru,,,
阜,hill,en,,,
阜,hill,es,,,
阜,hill,ru,,,
隊,regiment,en,,,
隊,regiment,es,,,
隊,regiment,ru,,,
隶,extend,en,,,
隶,extend,es,,,
隶,extend,ru,,,
隹,bird,en,,,
隹,bird,es,,,
隹,bird,ru,,,
隺,bird flying,en,,,
隺,bird flying,es,,,
隺,bird flying,ru,,,
隼,falcon,en,,,
隼,falcon,es,,,
隼,falcon,ru,,,
隽,superior,en,,,
隽,superior,es,,,
隽,superior,ru,,,
雇,employ,en,,,
雇,employ,es,,,
雇,employ,ru,,,
雨,rain,en,,,
雨,rain,es,,,
雨,rain,ru,,,
雲,cloud,en,,,
雲,cloud,es,,,
雲,cloud,ru,,,
零,zero,en,,,
零,zero,es,,,
零,zero,ru,,,
需,demand,en,,,
需,demand,es,,,
需,demand,ru,,,
青,blue,en,,,
青,blue,es,,,
青,blue,ru,,,
非,un-,en,,,
非,un-,es,,,
非,un-,ru,,,
面,mask,en,,,
面,mask,es,,,
面,mask,ru,,,
革,leather,en,,,
革,leather,es,,,
革,leather,ru,,,
韋,tanned leather radical (no. 178),en,,,
韋,tanned leather radical (no. 178),es,,,
韋,tanned leather radical (no. 178),ru,,,
音,sound,en,,,
音,sound,es,,,
音,sound,ru,,,
頁,page,en,,,
頁,page,es,,,
頁,page,ru,,,
頃,time,en,,,
頃,time,es,,,
頃,time,ru,,,
領,jurisdiction,en,,,
領,jurisdiction,es,,,
領,jurisdiction,ru,,,
頼,trust,en,,,
頼,trust,es,,,
頼,trust,ru,,,
風,wind,en,,,
風,wind,es,,,
風,wind,ru,,,
食,eat,en,,,
食,eat,es,,,
食,eat,ru,,,
飠,eat,en,,,
飠,eat,es,,,
飠,eat,ru,,,
首,neck,en,,,
首,neck,es,,,
首,neck,ru,,,
香,incense,en,,,
香,incense,es,,,
香,incense,ru,,,
馬,horse,en,,,
馬,horse,es,,,
馬,horse,ru,,,
駦,,en,,,
駦,,es,,,
駦,,ru,,,
骨,skeleton,en,,,
骨,skeleton,es,,,
骨,skeleton,ru,,,
高,tall,en,,,
高,tall,es,,,
高,tall,ru,,,
髟,hair hanging long,en,,,
髟,hair hanging long,es,,,
髟,hair hanging long,ru,,,
鬯,fragrant herbs,en,,,
鬯,fragrant herbs,es,,,
鬯,fragrant herbs,ru,,,
鬲,tripod,en,,,
鬲,tripod,es,,,
鬲,tripod,ru,,,
鬼,ghost,en,,,
鬼,ghost,es,,,
鬼,ghost,ru,,,
魚,fish,en,,,
魚,fish,es,,,
魚,fish,ru,,,
鳥,bird,en,,,
鳥,bird,es,,,
鳥,bird,ru,,,
鹿,deer,en,,,
鹿,deer,es,,,
鹿,deer,ru,,,
麥,wheat,en,,,
麥,wheat,es,,,
麥,wheat,ru,,,
麻,hemp,en,,,
麻,hemp,es,,,
麻,hemp,ru,,,
黄,yellow,en,,,
黄,yellow,es,,,
黄,yellow,ru,,,
黍,millet,en,,,
黍,millet,es,,,
黍,millet,ru,,,
黑,black,en,,,
黑,black,es,,,
黑,black,ru,,,
鼠,rat,en,,,
鼠,rat,es,,,
鼠,rat,ru,,,
齊,alike,en,,,
齊,alike,es,,,
齊,alike,ru,,,
齒,tooth,en,,,
齒,tooth,es,,,
齒,tooth,ru,,,
龍,dragon,en,,,
龍,dragon,es,,,
龍,dragon,ru,,,
龰,,en,,,
龰,,es,,,
龰,,ru,,,
龶,,en,,,
龶,,es,,,
龶,,ru,,,
龷,,en,,,
龷,,es,,,
龷,,ru,,,
𠂇,,en,,,
𠂇,,es,,,
𠂇,,ru,,,
𠂉,,en,,,
𠂉,,es,,,
𠂉,,ru,,,
𠂢,to branch,en,,,
𠂢,to branch,es,,,
𠂢,to branch,ru,,,
𠔉,,en,,,
𠔉,,es,,,
𠔉,,ru,,,
𠦝,,en,,,
𠦝,,es,,,
𠦝,,ru,,,
𡗗,,en,,,
𡗗,,es,,,
𡗗,,ru,,,
𢆉,,en,,,
𢆉,,es,,,
𢆉,,ru,,,
𢦏,to cut,en,,,
𢦏,to cut,es,,,
𢦏,to cut,ru,,,
𥝢,,en,,,
𥝢,,es,,,
𥝢,,ru,,,
𩵋,,en,,,
𩵋,,es,,,
𩵋,,ru,,,
𩾏,,en,,,
𩾏,,es,,,
𩾏,,ru,,,
𬀷,,en,,,
𬀷,,es,,,
𬀷,,ru,,,
